tft,t_h,kind,vsg,vsd,id,id_meas,split
T7,0,tr,-2,0.1,2.02e-14,3.13297163e-14,fit
T7,0,tr,-1.95,0.1,2.02e-14,2.5326175e-14,fit
T7,0,tr,-1.9,0.1,2.02e-14,1.97562135e-14,fit
T7,0,tr,-1.85,0.1,2.02e-14,2.76517262e-14,fit
T7,0,tr,-1.8,0.1,2.02e-14,2.8102361e-14,fit
T7,0,tr,-1.75,0.1,2.02e-14,1.98832019e-14,fit
T7,0,tr,-1.7,0.1,2.02e-14,2.90504553e-14,fit
T7,0,tr,-1.65,0.1,2.02e-14,1.79015324e-14,fit
T7,0,tr,-1.6,0.1,2.02e-14,2.12596952e-14,fit
T7,0,tr,-1.55,0.1,2.02e-14,1.52809704e-14,fit
T7,0,tr,-1.5,0.1,2.02e-14,2.17547881e-14,fit
T7,0,tr,-1.45,0.1,2.02e-14,2.34493838e-14,fit
T7,0,tr,-1.4,0.1,2.02e-14,2.56397304e-14,fit
T7,0,tr,-1.35,0.1,2.02e-14,2.50810685e-14,fit
T7,0,tr,-1.3,0.1,2.02e-14,2.76946366e-14,fit
T7,0,tr,-1.25,0.1,2.02e-14,2.27735978e-14,fit
T7,0,tr,-1.2,0.1,2.02e-14,1.67374404e-14,fit
T7,0,tr,-1.15,0.1,2.02e-14,2.19206221e-14,fit
T7,0,tr,-1.1,0.1,2.02e-14,2.70193144e-14,fit
T7,0,tr,-1.05,0.1,2.02e-14,1.4812267e-14,fit
T7,0,tr,-1,0.1,2.02e-14,2.62643924e-14,fit
T7,0,tr,-0.95,0.1,2.02e-14,1.96984393e-14,fit
T7,0,tr,-0.9,0.1,2.02e-14,1.4118538e-14,fit
T7,0,tr,-0.85,0.1,2.02e-14,2.00026914e-14,fit
T7,0,tr,-0.8,0.1,2.02e-14,2.08681068e-14,fit
T7,0,tr,-0.75,0.1,2.02000001e-14,3.00676352e-14,fit
T7,0,tr,-0.7,0.1,2.02000001e-14,1.84138813e-14,fit
T7,0,tr,-0.65,0.1,2.02000003e-14,1.9251364e-14,fit
T7,0,tr,-0.6,0.1,2.02000008e-14,2.3548412e-14,fit
T7,0,tr,-0.55,0.1,2.02000019e-14,2.27316326e-14,fit
T7,0,tr,-0.5,0.1,2.02000045e-14,1.93954506e-14,fit
T7,0,tr,-0.45,0.1,2.0200011e-14,2.2179736e-14,fit
T7,0,tr,-0.4,0.1,2.02000266e-14,1.87238632e-14,fit
T7,0,tr,-0.35,0.1,2.02000645e-14,1.93746715e-14,fit
T7,0,tr,-0.3,0.1,2.02001563e-14,1.06700055e-14,fit
T7,0,tr,-0.25,0.1,2.02003787e-14,2.14810746e-14,fit
T7,0,tr,-0.2,0.1,2.02009179e-14,2.15945281e-14,fit
T7,0,tr,-0.15,0.1,2.02022249e-14,3.02255144e-14,fit
T7,0,tr,-0.1,0.1,2.02053927e-14,1.71016853e-14,fit
T7,0,tr,-0.05,0.1,2.02130708e-14,2.64446745e-14,fit
T7,0,tr,1.20736754e-15,0.1,2.02316802e-14,2.94387635e-14,fit
T7,0,tr,0.05,0.1,2.02987105e-14,1.96668878e-14,fit
T7,0,tr,0.1,0.1,2.04392354e-14,2.19456449e-14,fit
T7,0,tr,0.15,0.1,2.07797868e-14,2.24581919e-14,fit
T7,0,tr,0.2,0.1,2.16050173e-14,1.97134527e-14,fit
T7,0,tr,0.25,0.1,2.36044781e-14,2.86705567e-14,fit
T7,0,tr,0.3,0.1,2.84480702e-14,3.35951127e-14,fit
T7,0,tr,0.35,0.1,4.01780442e-14,3.7044583e-14,fit
T7,0,tr,0.4,0.1,6.85727771e-14,7.72958557e-14,fit
T7,0,tr,0.45,0.1,1.37262866e-13,1.40730804e-13,fit
T7,0,tr,0.5,0.1,3.03268205e-13,2.97820815e-13,fit
T7,0,tr,0.55,0.1,7.03863564e-13,7.13459524e-13,fit
T7,0,tr,0.6,0.1,1.66840952e-12,1.71840365e-12,fit
T7,0,tr,0.65,0.1,3.98309927e-12,3.91424867e-12,fit
T7,0,tr,0.7,0.1,9.51030647e-12,9.86857168e-12,fit
T7,0,tr,0.75,0.1,2.26118974e-11,2.37447306e-11,fit
T7,0,tr,0.8,0.1,5.33342069e-11,5.50949522e-11,fit
T7,0,tr,0.85,0.1,1.24258127e-10,1.28678632e-10,fit
T7,0,tr,0.9,0.1,2.84386426e-10,2.93897864e-10,fit
T7,0,tr,0.95,0.1,6.34870922e-10,6.79295436e-10,fit
T7,0,tr,1,0.1,1.36991457e-09,1.37758122e-09,fit
T7,0,tr,1.05,0.1,2.82204652e-09,2.82221707e-09,fit
T7,0,tr,1.1,0.1,5.45476711e-09,5.55436634e-09,fit
T7,0,tr,1.15,0.1,9.70497973e-09,9.44412987e-09,fit
T7,0,tr,1.2,0.1,1.57400545e-08,1.50234737e-08,fit
T7,0,tr,1.25,0.1,2.34138144e-08,2.28024054e-08,fit
T7,0,tr,1.3,0.1,3.24364778e-08,3.28010448e-08,fit
T7,0,tr,1.35,0.1,4.25189274e-08,4.31266418e-08,fit
T7,0,tr,1.4,0.1,5.34204656e-08,5.1014159e-08,fit
T7,0,tr,1.45,0.1,6.49517712e-08,6.13835071e-08,fit
T7,0,tr,1.5,0.1,7.69675811e-08,7.6241049e-08,fit
T7,0,tr,1.55,0.1,8.93582751e-08,8.88555635e-08,fit
T7,0,tr,1.6,0.1,1.02042049e-07,1.01891536e-07,fit
T7,0,tr,1.65,0.1,1.1495816e-07,1.17296987e-07,fit
T7,0,tr,1.7,0.1,1.28061443e-07,1.32870529e-07,fit
T7,0,tr,1.75,0.1,1.41318072e-07,1.42300357e-07,fit
T7,0,tr,1.8,0.1,1.54702403e-07,1.57572214e-07,fit
T7,0,tr,1.85,0.1,1.68194677e-07,1.62758268e-07,fit
T7,0,tr,1.9,0.1,1.81779379e-07,1.75476394e-07,fit
T7,0,tr,1.95,0.1,1.95444075e-07,1.9683414e-07,fit
T7,0,tr,2,0.1,2.09178593e-07,2.13391461e-07,fit
T7,0,tr,2.05,0.1,2.2297444e-07,2.27885759e-07,fit
T7,0,tr,2.1,0.1,2.36824393e-07,2.41073331e-07,fit
T7,0,tr,2.15,0.1,2.50722209e-07,2.56690423e-07,fit
T7,0,tr,2.2,0.1,2.6466241e-07,2.7117109e-07,fit
T7,0,tr,2.25,0.1,2.78640136e-07,2.64371574e-07,fit
T7,0,tr,2.3,0.1,2.92651027e-07,2.8627586e-07,fit
T7,0,tr,2.35,0.1,3.0669114e-07,3.10907659e-07,fit
T7,0,tr,2.4,0.1,3.20756884e-07,3.26550182e-07,fit
T7,0,tr,2.45,0.1,3.34844971e-07,3.19994848e-07,fit
T7,0,tr,2.5,0.1,3.48952378e-07,3.614513e-07,fit
T7,0,tr,2.55,0.1,3.63076309e-07,3.58327748e-07,fit
T7,0,tr,2.6,0.1,3.77214175e-07,3.74593109e-07,fit
T7,0,tr,2.65,0.1,3.91363569e-07,3.94591692e-07,fit
T7,0,tr,2.7,0.1,4.05522251e-07,4.14745386e-07,fit
T7,0,tr,2.75,0.1,4.19688127e-07,4.0202665e-07,fit
T7,0,tr,2.8,0.1,4.3385924e-07,4.46936956e-07,fit
T7,0,tr,2.85,0.1,4.48033757e-07,4.49073864e-07,fit
T7,0,tr,2.9,0.1,4.62209958e-07,4.51644256e-07,fit
T7,0,tr,2.95,0.1,4.76386226e-07,4.72468342e-07,fit
T7,0,tr,3,0.1,4.90561042e-07,4.59424477e-07,fit
T7,0,tr,3.05,0.1,5.04732974e-07,4.95021396e-07,fit
T7,0,tr,3.1,0.1,5.18900675e-07,5.21740209e-07,fit
T7,0,tr,3.15,0.1,5.3306287e-07,5.21843571e-07,fit
T7,0,tr,3.2,0.1,5.47218359e-07,5.4185993e-07,fit
T7,0,tr,3.25,0.1,5.61366004e-07,5.5889982e-07,fit
T7,0,tr,3.3,0.1,5.75504733e-07,5.76340649e-07,fit
T7,0,tr,3.35,0.1,5.89633529e-07,6.07966814e-07,fit
T7,0,tr,3.4,0.1,6.03751429e-07,6.03300669e-07,fit
T7,0,tr,3.45,0.1,6.1785752e-07,6.13057575e-07,fit
T7,0,tr,3.5,0.1,6.31950938e-07,6.42245806e-07,fit
T7,0,tr,3.55,0.1,6.46030862e-07,6.87557727e-07,fit
T7,0,tr,3.6,0.1,6.60096514e-07,6.53343897e-07,fit
T7,0,tr,3.65,0.1,6.74147155e-07,6.84599808e-07,fit
T7,0,tr,3.7,0.1,6.88182082e-07,6.56376338e-07,fit
T7,0,tr,3.75,0.1,7.02200628e-07,7.31124667e-07,fit
T7,0,tr,3.8,0.1,7.1620216e-07,7.30510771e-07,fit
T7,0,tr,3.85,0.1,7.30186075e-07,7.59973361e-07,fit
T7,0,tr,3.9,0.1,7.44151799e-07,7.4283448e-07,fit
T7,0,tr,3.95,0.1,7.58098788e-07,7.34749216e-07,fit
T7,0,tr,4,0.1,7.72026523e-07,7.92824487e-07,fit
T7,0,tr,4.05,0.1,7.85934511e-07,8.03903705e-07,fit
T7,0,tr,4.1,0.1,7.99822282e-07,7.79286222e-07,fit
T7,0,tr,4.15,0.1,8.1368939e-07,7.78516867e-07,fit
T7,0,tr,4.2,0.1,8.2753541e-07,8.38761054e-07,fit
T7,0,tr,4.25,0.1,8.41359937e-07,8.37044971e-07,fit
T7,0,tr,4.3,0.1,8.55162586e-07,9.24873144e-07,fit
T7,0,tr,4.35,0.1,8.6894299e-07,8.53077269e-07,fit
T7,0,tr,4.4,0.1,8.82700802e-07,8.68814324e-07,fit
T7,0,tr,4.45,0.1,8.96435689e-07,8.93461841e-07,fit
T7,0,tr,4.5,0.1,9.10147335e-07,8.65800728e-07,fit
T7,0,tr,4.55,0.1,9.23835441e-07,8.99520063e-07,fit
T7,0,tr,4.6,0.1,9.37499721e-07,9.84907124e-07,fit
T7,0,tr,4.65,0.1,9.51139903e-07,9.47398532e-07,fit
T7,0,tr,4.7,0.1,9.6475573e-07,9.47307059e-07,fit
T7,0,tr,4.75,0.1,9.78346956e-07,9.41719473e-07,fit
T7,0,tr,4.8,0.1,9.91913349e-07,1.0093383e-06,fit
T7,0,tr,4.85,0.1,1.00545469e-06,1.02550871e-06,fit
T7,0,tr,4.9,0.1,1.01897076e-06,1.02684059e-06,fit
T7,0,tr,4.95,0.1,1.03246137e-06,1.02047641e-06,fit
T7,0,tr,5,0.1,1.04592633e-06,1.05555751e-06,fit
T7,0,tr,5.05,0.1,1.05936546e-06,1.07156242e-06,fit
T7,0,tr,5.1,0.1,1.07277858e-06,1.05108771e-06,fit
T7,0,tr,5.15,0.1,1.08616555e-06,1.10663471e-06,fit
T7,0,tr,5.2,0.1,1.09952621e-06,1.03191746e-06,fit
T7,0,tr,5.25,0.1,1.11286041e-06,1.07064672e-06,fit
T7,0,tr,5.3,0.1,1.12616802e-06,1.11594683e-06,fit
T7,0,tr,5.35,0.1,1.13944892e-06,1.13574607e-06,fit
T7,0,tr,5.4,0.1,1.15270298e-06,1.11313608e-06,fit
T7,0,tr,5.45,0.1,1.16593009e-06,1.17748498e-06,fit
T7,0,tr,5.5,0.1,1.17913014e-06,1.21706859e-06,fit
T7,0,tr,5.55,0.1,1.19230305e-06,1.20854633e-06,fit
T7,0,tr,5.6,0.1,1.2054487e-06,1.21359586e-06,fit
T7,0,tr,5.65,0.1,1.21856703e-06,1.24922423e-06,fit
T7,0,tr,5.7,0.1,1.23165794e-06,1.24669318e-06,fit
T7,0,tr,5.75,0.1,1.24472136e-06,1.20278558e-06,fit
T7,0,tr,5.8,0.1,1.25775723e-06,1.25013713e-06,fit
T7,0,tr,5.85,0.1,1.27076547e-06,1.32096071e-06,fit
T7,0,tr,5.9,0.1,1.28374603e-06,1.24067778e-06,fit
T7,0,tr,5.95,0.1,1.29669886e-06,1.29912453e-06,fit
T7,0,tr,6,0.1,1.3096239e-06,1.29442461e-06,fit
T7,0,tr,6.05,0.1,1.32252111e-06,1.28736761e-06,fit
T7,0,tr,6.1,0.1,1.33539045e-06,1.29547559e-06,fit
T7,0,tr,6.15,0.1,1.34823189e-06,1.35232409e-06,fit
T7,0,tr,6.2,0.1,1.36104538e-06,1.37398265e-06,fit
T7,0,tr,6.25,0.1,1.37383091e-06,1.38662633e-06,fit
T7,0,tr,6.3,0.1,1.38658844e-06,1.32772247e-06,fit
T7,0,tr,6.35,0.1,1.39931796e-06,1.3872491e-06,fit
T7,0,tr,6.4,0.1,1.41201944e-06,1.42674053e-06,fit
T7,0,tr,6.45,0.1,1.42469288e-06,1.46574038e-06,fit
T7,0,tr,6.5,0.1,1.43733826e-06,1.46663142e-06,fit
T7,0,tr,6.55,0.1,1.44995557e-06,1.48658494e-06,fit
T7,0,tr,6.6,0.1,1.46254482e-06,1.51148415e-06,fit
T7,0,tr,6.65,0.1,1.47510599e-06,1.5120215e-06,fit
T7,0,tr,6.7,0.1,1.48763909e-06,1.45169851e-06,fit
T7,0,tr,6.75,0.1,1.50014412e-06,1.50275848e-06,fit
T7,0,tr,6.8,0.1,1.51262109e-06,1.48060355e-06,fit
T7,0,tr,6.85,0.1,1.52507e-06,1.41991367e-06,fit
T7,0,tr,6.9,0.1,1.53749087e-06,1.46188267e-06,fit
T7,0,tr,6.95,0.1,1.54988372e-06,1.6501191e-06,fit
T7,0,tr,7,0.1,1.56224855e-06,1.51075164e-06,fit
T7,0,tr,7.05,0.1,1.57458538e-06,1.4721573e-06,fit
T7,0,tr,7.1,0.1,1.58689424e-06,1.55929423e-06,fit
T7,0,tr,7.15,0.1,1.59917515e-06,1.67380038e-06,fit
T7,0,tr,7.2,0.1,1.61142813e-06,1.60925622e-06,fit
T7,0,tr,7.25,0.1,1.6236532e-06,1.64365295e-06,fit
T7,0,tr,7.3,0.1,1.6358504e-06,1.6226381e-06,fit
T7,0,tr,7.35,0.1,1.64801976e-06,1.64391e-06,fit
T7,0,tr,7.4,0.1,1.6601613e-06,1.72446042e-06,fit
T7,0,tr,7.45,0.1,1.67227505e-06,1.71268919e-06,fit
T7,0,tr,7.5,0.1,1.68436106e-06,1.68000833e-06,fit
T7,0,tr,7.55,0.1,1.69641936e-06,1.74240853e-06,fit
T7,0,tr,7.6,0.1,1.70844999e-06,1.76441735e-06,fit
T7,0,tr,7.65,0.1,1.72045298e-06,1.70917815e-06,fit
T7,0,tr,7.7,0.1,1.73242838e-06,1.74651717e-06,fit
T7,0,tr,7.75,0.1,1.74437622e-06,1.75772571e-06,fit
T7,0,tr,7.8,0.1,1.75629656e-06,1.72143541e-06,fit
T7,0,tr,7.85,0.1,1.76818943e-06,1.83030474e-06,fit
T7,0,tr,7.9,0.1,1.78005488e-06,1.77115637e-06,fit
T7,0,tr,7.95,0.1,1.79189296e-06,1.7588998e-06,fit
T7,0,tr,8,0.1,1.80370371e-06,1.71526622e-06,fit
T7,0,tr,-2,5,1.5e-12,1.44604401e-12,fit
T7,0,tr,-1.95,5,1.5e-12,1.57678932e-12,fit
T7,0,tr,-1.9,5,1.5e-12,1.45985926e-12,fit
T7,0,tr,-1.85,5,1.5e-12,1.51777239e-12,fit
T7,0,tr,-1.8,5,1.5e-12,1.47801738e-12,fit
T7,0,tr,-1.75,5,1.5e-12,1.518747e-12,fit
T7,0,tr,-1.7,5,1.5e-12,1.53540482e-12,fit
T7,0,tr,-1.65,5,1.5e-12,1.47229623e-12,fit
T7,0,tr,-1.6,5,1.5e-12,1.49254416e-12,fit
T7,0,tr,-1.55,5,1.5e-12,1.50752383e-12,fit
T7,0,tr,-1.5,5,1.5e-12,1.50925906e-12,fit
T7,0,tr,-1.45,5,1.5e-12,1.49841042e-12,fit
T7,0,tr,-1.4,5,1.5e-12,1.48240545e-12,fit
T7,0,tr,-1.35,5,1.5e-12,1.53093107e-12,fit
T7,0,tr,-1.3,5,1.5e-12,1.56434181e-12,fit
T7,0,tr,-1.25,5,1.5e-12,1.53253538e-12,fit
T7,0,tr,-1.2,5,1.5e-12,1.47008202e-12,fit
T7,0,tr,-1.15,5,1.5e-12,1.51153793e-12,fit
T7,0,tr,-1.1,5,1.5e-12,1.50343729e-12,fit
T7,0,tr,-1.05,5,1.5e-12,1.52402056e-12,fit
T7,0,tr,-1,5,1.5e-12,1.58877596e-12,fit
T7,0,tr,-0.95,5,1.5e-12,1.48910584e-12,fit
T7,0,tr,-0.9,5,1.5e-12,1.49566596e-12,fit
T7,0,tr,-0.85,5,1.5e-12,1.45333003e-12,fit
T7,0,tr,-0.8,5,1.5e-12,1.50178028e-12,fit
T7,0,tr,-0.75,5,1.5e-12,1.47590133e-12,fit
T7,0,tr,-0.7,5,1.5e-12,1.56244755e-12,fit
T7,0,tr,-0.65,5,1.5e-12,1.52919229e-12,fit
T7,0,tr,-0.6,5,1.5e-12,1.47950987e-12,fit
T7,0,tr,-0.55,5,1.50000001e-12,1.59368854e-12,fit
T7,0,tr,-0.5,5,1.50000003e-12,1.44937832e-12,fit
T7,0,tr,-0.45,5,1.50000007e-12,1.5464305e-12,fit
T7,0,tr,-0.4,5,1.50000017e-12,1.54360142e-12,fit
T7,0,tr,-0.35,5,1.5000004e-12,1.52926764e-12,fit
T7,0,tr,-0.3,5,1.50000097e-12,1.48867904e-12,fit
T7,0,tr,-0.25,5,1.50000236e-12,1.50099025e-12,fit
T7,0,tr,-0.2,5,1.50000571e-12,1.47784943e-12,fit
T7,0,tr,-0.15,5,1.50001385e-12,1.53730257e-12,fit
T7,0,tr,-0.1,5,1.50003357e-12,1.39420901e-12,fit
T7,0,tr,-0.05,5,1.50008136e-12,1.47258053e-12,fit
T7,0,tr,1.20736754e-15,5,1.50019719e-12,1.49994742e-12,fit
T7,0,tr,0.05,5,1.50061435e-12,1.47505331e-12,fit
T7,0,tr,0.1,5,1.50148878e-12,1.41770417e-12,fit
T7,0,tr,0.15,5,1.50360746e-12,1.48696775e-12,fit
T7,0,tr,0.2,5,1.50873991e-12,1.47920227e-12,fit
T7,0,tr,0.25,5,1.52116959e-12,1.56506767e-12,fit
T7,0,tr,0.3,5,1.55125873e-12,1.61588692e-12,fit
T7,0,tr,0.35,5,1.6240501e-12,1.62740402e-12,fit
T7,0,tr,0.4,5,1.79997549e-12,1.70575216e-12,fit
T7,0,tr,0.45,5,2.22453982e-12,2.2134546e-12,fit
T7,0,tr,0.5,5,3.24690761e-12,3.15820374e-12,fit
T7,0,tr,0.55,5,5.70075036e-12,5.83119409e-12,fit
T7,0,tr,0.6,5,1.15616372e-11,1.21636168e-11,fit
T7,0,tr,0.65,5,2.54590724e-11,2.57030557e-11,fit
T7,0,tr,0.7,5,5.80643835e-11,6.17274718e-11,fit
T7,0,tr,0.75,5,1.33391654e-10,1.39589696e-10,fit
T7,0,tr,0.8,5,3.03649309e-10,3.10058691e-10,fit
T7,0,tr,0.85,5,6.76983714e-10,6.5973345e-10,fit
T7,0,tr,0.9,5,1.46314741e-09,1.47235029e-09,fit
T7,0,tr,0.95,5,3.0354261e-09,2.91589363e-09,fit
T7,0,tr,1,5,5.99069766e-09,6.20116813e-09,fit
T7,0,tr,1.05,5,1.11706421e-08,1.12509345e-08,fit
T7,0,tr,1.1,5,1.96087806e-08,2.05106391e-08,fit
T7,0,tr,1.15,5,3.24057048e-08,3.28168336e-08,fit
T7,0,tr,1.2,5,5.058297e-08,4.79177843e-08,fit
T7,0,tr,1.25,5,7.4977372e-08,7.67702042e-08,fit
T7,0,tr,1.3,5,1.0620392e-07,1.09683134e-07,fit
T7,0,tr,1.35,5,1.44675256e-07,1.52744726e-07,fit
T7,0,tr,1.4,5,1.90648208e-07,1.8598308e-07,fit
T7,0,tr,1.45,5,2.44273227e-07,2.3865468e-07,fit
T7,0,tr,1.5,5,3.05634607e-07,3.07583796e-07,fit
T7,0,tr,1.55,5,3.7477863e-07,3.64701696e-07,fit
T7,0,tr,1.6,5,4.51731345e-07,4.35343625e-07,fit
T7,0,tr,1.65,5,5.36508881e-07,5.2139361e-07,fit
T7,0,tr,1.7,5,6.29122926e-07,6.82810379e-07,fit
T7,0,tr,1.75,5,7.29583349e-07,7.18733977e-07,fit
T7,0,tr,1.8,5,8.37899203e-07,8.15798194e-07,fit
T7,0,tr,1.85,5,9.54078933e-07,9.44629251e-07,fit
T7,0,tr,1.9,5,1.0781302e-06,1.08177731e-06,fit
T7,0,tr,1.95,5,1.2100596e-06,1.26186263e-06,fit
T7,0,tr,2,5,1.34987235e-06,1.3930734e-06,fit
T7,0,tr,2.05,5,1.49757203e-06,1.53819573e-06,fit
T7,0,tr,2.1,5,1.65316038e-06,1.66047517e-06,fit
T7,0,tr,2.15,5,1.81663722e-06,1.83081159e-06,fit
T7,0,tr,2.2,5,1.98800026e-06,1.95627719e-06,fit
T7,0,tr,2.25,5,2.16724513e-06,2.07784088e-06,fit
T7,0,tr,2.3,5,2.35436531e-06,2.510424e-06,fit
T7,0,tr,2.35,5,2.54935216e-06,2.5222417e-06,fit
T7,0,tr,2.4,5,2.75219487e-06,2.8455955e-06,fit
T7,0,tr,2.45,5,2.9628805e-06,2.94356951e-06,fit
T7,0,tr,2.5,5,3.18139399e-06,3.18204741e-06,fit
T7,0,tr,2.55,5,3.40771815e-06,3.40190169e-06,fit
T7,0,tr,2.6,5,3.64183368e-06,3.50449499e-06,fit
T7,0,tr,2.65,5,3.88371915e-06,3.88569521e-06,fit
T7,0,tr,2.7,5,4.13335101e-06,4.19270583e-06,fit
T7,0,tr,2.75,5,4.39070359e-06,4.51393206e-06,fit
T7,0,tr,2.8,5,4.65574909e-06,4.73845807e-06,fit
T7,0,tr,2.85,5,4.92845753e-06,5.0956758e-06,fit
T7,0,tr,2.9,5,5.20879679e-06,5.26941493e-06,fit
T7,0,tr,2.95,5,5.49673255e-06,5.51067431e-06,fit
T7,0,tr,3,5,5.79222829e-06,5.47490862e-06,fit
T7,0,tr,3.05,5,6.09524528e-06,6.01373188e-06,fit
T7,0,tr,3.1,5,6.40574253e-06,6.72883529e-06,fit
T7,0,tr,3.15,5,6.7236768e-06,6.76570247e-06,fit
T7,0,tr,3.2,5,7.04900259e-06,7.23807934e-06,fit
T7,0,tr,3.25,5,7.3816721e-06,7.3536121e-06,fit
T7,0,tr,3.3,5,7.72163524e-06,7.58639279e-06,fit
T7,0,tr,3.35,5,8.06883963e-06,8.60183676e-06,fit
T7,0,tr,3.4,5,8.42323056e-06,8.53573676e-06,fit
T7,0,tr,3.45,5,8.78475104e-06,9.21096131e-06,fit
T7,0,tr,3.5,5,9.15334177e-06,9.32371025e-06,fit
T7,0,tr,3.55,5,9.52894116e-06,9.46876338e-06,fit
T7,0,tr,3.6,5,9.91148536e-06,9.28931691e-06,fit
T7,0,tr,3.65,5,1.03009082e-05,1.03549008e-05,fit
T7,0,tr,3.7,5,1.06971415e-05,1.0231326e-05,fit
T7,0,tr,3.75,5,1.11001146e-05,1.04101902e-05,fit
T7,0,tr,3.8,5,1.15097548e-05,1.19758336e-05,fit
T7,0,tr,3.85,5,1.19259873e-05,1.22173916e-05,fit
T7,0,tr,3.9,5,1.23487353e-05,1.26198324e-05,fit
T7,0,tr,3.95,5,1.27779198e-05,1.28281211e-05,fit
T7,0,tr,4,5,1.321346e-05,1.32311967e-05,fit
T7,0,tr,4.05,5,1.36552732e-05,1.38632718e-05,fit
T7,0,tr,4.1,5,1.41032747e-05,1.42034613e-05,fit
T7,0,tr,4.15,5,1.45573783e-05,1.46235024e-05,fit
T7,0,tr,4.2,5,1.50174958e-05,1.53917554e-05,fit
T7,0,tr,4.25,5,1.54835377e-05,1.44163726e-05,fit
T7,0,tr,4.3,5,1.59554127e-05,1.64270115e-05,fit
T7,0,tr,4.35,5,1.64330283e-05,1.61607186e-05,fit
T7,0,tr,4.4,5,1.69162906e-05,1.73951142e-05,fit
T7,0,tr,4.45,5,1.74051042e-05,1.80695403e-05,fit
T7,0,tr,4.5,5,1.78993728e-05,1.74890768e-05,fit
T7,0,tr,4.55,5,1.8398999e-05,1.888054e-05,fit
T7,0,tr,4.6,5,1.89038843e-05,1.93894918e-05,fit
T7,0,tr,4.65,5,1.94139293e-05,1.90350195e-05,fit
T7,0,tr,4.7,5,1.99290341e-05,1.96384681e-05,fit
T7,0,tr,4.75,5,2.04490977e-05,2.05393861e-05,fit
T7,0,tr,4.8,5,2.09740187e-05,1.96330952e-05,fit
T7,0,tr,4.85,5,2.15036954e-05,2.12309132e-05,fit
T7,0,tr,4.9,5,2.20380254e-05,2.21737514e-05,fit
T7,0,tr,4.95,5,2.2576906e-05,2.22860662e-05,fit
T7,0,tr,5,5,2.31202347e-05,2.20452399e-05,fit
T7,0,tr,5.05,5,2.36679083e-05,2.33998483e-05,fit
T7,0,tr,5.1,5,2.4219824e-05,2.53560673e-05,fit
T7,0,tr,5.15,5,2.47758789e-05,2.57894241e-05,fit
T7,0,tr,5.2,5,2.53359703e-05,2.52522075e-05,fit
T7,0,tr,5.25,5,2.58999957e-05,2.52873948e-05,fit
T7,0,tr,5.3,5,2.64678529e-05,2.64609015e-05,fit
T7,0,tr,5.35,5,2.70394402e-05,2.70569986e-05,fit
T7,0,tr,5.4,5,2.76146562e-05,2.70634613e-05,fit
T7,0,tr,5.45,5,2.81934002e-05,2.79156175e-05,fit
T7,0,tr,5.5,5,2.87755721e-05,2.93239792e-05,fit
T7,0,tr,5.55,5,2.93610723e-05,3.02011163e-05,fit
T7,0,tr,5.6,5,2.99498022e-05,2.78388305e-05,fit
T7,0,tr,5.65,5,3.05416639e-05,3.14555319e-05,fit
T7,0,tr,5.7,5,3.11365603e-05,3.12678607e-05,fit
T7,0,tr,5.75,5,3.17343954e-05,3.28537459e-05,fit
T7,0,tr,5.8,5,3.2335074e-05,3.23201373e-05,fit
T7,0,tr,5.85,5,3.29385019e-05,3.33808731e-05,fit
T7,0,tr,5.9,5,3.35445861e-05,3.52421259e-05,fit
T7,0,tr,5.95,5,3.41532348e-05,3.12438451e-05,fit
T7,0,tr,6,5,3.4764357e-05,3.64688181e-05,fit
T7,0,tr,6.05,5,3.53778631e-05,3.55842849e-05,fit
T7,0,tr,6.1,5,3.59936648e-05,3.40807362e-05,fit
T7,0,tr,6.15,5,3.66116749e-05,3.37983335e-05,fit
T7,0,tr,6.2,5,3.72318076e-05,3.75856826e-05,fit
T7,0,tr,6.25,5,3.78539782e-05,3.67070851e-05,fit
T7,0,tr,6.3,5,3.84781034e-05,3.96586775e-05,fit
T7,0,tr,6.35,5,3.91041014e-05,3.93612577e-05,fit
T7,0,tr,6.4,5,3.97318915e-05,3.95757937e-05,fit
T7,0,tr,6.45,5,4.03613946e-05,4.1587792e-05,fit
T7,0,tr,6.5,5,4.09925328e-05,4.12346824e-05,fit
T7,0,tr,6.55,5,4.16252296e-05,4.25663066e-05,fit
T7,0,tr,6.6,5,4.22594101e-05,4.33314077e-05,fit
T7,0,tr,6.65,5,4.28950005e-05,4.33141616e-05,fit
T7,0,tr,6.7,5,4.35319286e-05,4.45791115e-05,fit
T7,0,tr,6.75,5,4.41701235e-05,4.52308756e-05,fit
T7,0,tr,6.8,5,4.48095158e-05,4.30085816e-05,fit
T7,0,tr,6.85,5,4.54500374e-05,4.50811025e-05,fit
T7,0,tr,6.9,5,4.60916217e-05,4.59272462e-05,fit
T7,0,tr,6.95,5,4.67342035e-05,4.62089079e-05,fit
T7,0,tr,7,5,4.73777188e-05,4.51743575e-05,fit
T7,0,tr,7.05,5,4.80221051e-05,4.72130921e-05,fit
T7,0,tr,7.1,5,4.86673014e-05,4.91668158e-05,fit
T7,0,tr,7.15,5,4.93132478e-05,4.96009549e-05,fit
T7,0,tr,7.2,5,4.99598858e-05,5.2299245e-05,fit
T7,0,tr,7.25,5,5.06071585e-05,4.96960622e-05,fit
T7,0,tr,7.3,5,5.125501e-05,5.05955925e-05,fit
T7,0,tr,7.35,5,5.19033858e-05,5.10203891e-05,fit
T7,0,tr,7.4,5,5.25522328e-05,5.20576344e-05,fit
T7,0,tr,7.45,5,5.3201499e-05,5.22478258e-05,fit
T7,0,tr,7.5,5,5.38511337e-05,5.09126142e-05,fit
T7,0,tr,7.55,5,5.45010877e-05,5.50699076e-05,fit
T7,0,tr,7.6,5,5.51513126e-05,5.6813835e-05,fit
T7,0,tr,7.65,5,5.58017615e-05,5.77112367e-05,fit
T7,0,tr,7.7,5,5.64523885e-05,5.46421481e-05,fit
T7,0,tr,7.75,5,5.71031492e-05,5.67744426e-05,fit
T7,0,tr,7.8,5,5.77539999e-05,6.10514191e-05,fit
T7,0,tr,7.85,5,5.84048984e-05,5.82174042e-05,fit
T7,0,tr,7.9,5,5.90558034e-05,5.96779343e-05,fit
T7,0,tr,7.95,5,5.97066747e-05,5.94357232e-05,fit
T7,0,tr,8,5,6.03574734e-05,6.22084279e-05,fit
T8,0,tr,-2,0.1,2.02e-14,1.91272199e-14,fit
T8,0,tr,-1.95,0.1,2.02e-14,1.72294316e-14,fit
T8,0,tr,-1.9,0.1,2.02e-14,1.80952387e-14,fit
T8,0,tr,-1.85,0.1,2.02e-14,1.99162207e-14,fit
T8,0,tr,-1.8,0.1,2.02e-14,2.16962864e-14,fit
T8,0,tr,-1.75,0.1,2.02e-14,1.57887097e-14,fit
T8,0,tr,-1.7,0.1,2.02e-14,2.83893585e-14,fit
T8,0,tr,-1.65,0.1,2.02e-14,1.22023688e-14,fit
T8,0,tr,-1.6,0.1,2.02e-14,2.22467394e-14,fit
T8,0,tr,-1.55,0.1,2.02e-14,1.25134126e-14,fit
T8,0,tr,-1.5,0.1,2.02e-14,1.74346107e-14,fit
T8,0,tr,-1.45,0.1,2.02e-14,1.44788509e-14,fit
T8,0,tr,-1.4,0.1,2.02e-14,2.71595898e-14,fit
T8,0,tr,-1.35,0.1,2.02e-14,1.96065283e-14,fit
T8,0,tr,-1.3,0.1,2.02e-14,2.46820178e-14,fit
T8,0,tr,-1.25,0.1,2.02e-14,2.74923352e-14,fit
T8,0,tr,-1.2,0.1,2.02e-14,2.5265451e-14,fit
T8,0,tr,-1.15,0.1,2.02e-14,1.72469684e-14,fit
T8,0,tr,-1.1,0.1,2.02e-14,3.02875271e-14,fit
T8,0,tr,-1.05,0.1,2.02e-14,2.16368331e-14,fit
T8,0,tr,-1,0.1,2.02e-14,1.47474447e-14,fit
T8,0,tr,-0.95,0.1,2.02e-14,1.72130122e-14,fit
T8,0,tr,-0.9,0.1,2.02e-14,1.6022032e-14,fit
T8,0,tr,-0.85,0.1,2.02e-14,2.67936163e-14,fit
T8,0,tr,-0.8,0.1,2.02000001e-14,2.14648357e-14,fit
T8,0,tr,-0.75,0.1,2.02000001e-14,1.74027231e-14,fit
T8,0,tr,-0.7,0.1,2.02000003e-14,1.27952935e-14,fit
T8,0,tr,-0.65,0.1,2.02000007e-14,1.76314666e-14,fit
T8,0,tr,-0.6,0.1,2.02000017e-14,2.06046624e-14,fit
T8,0,tr,-0.55,0.1,2.02000038e-14,2.60569016e-14,fit
T8,0,tr,-0.5,0.1,2.02000087e-14,2.36283193e-14,fit
T8,0,tr,-0.45,0.1,2.02000201e-14,1.66902708e-14,fit
T8,0,tr,-0.4,0.1,2.02000462e-14,2.59940231e-14,fit
T8,0,tr,-0.35,0.1,2.02001063e-14,1.2443772e-14,fit
T8,0,tr,-0.3,0.1,2.02002445e-14,2.25636282e-14,fit
T8,0,tr,-0.25,0.1,2.02005624e-14,3.12870182e-14,fit
T8,0,tr,-0.2,0.1,2.02012935e-14,1.9957442e-14,fit
T8,0,tr,-0.15,0.1,2.02029752e-14,2.0984427e-14,fit
T8,0,tr,-0.1,0.1,2.02068432e-14,1.48395295e-14,fit
T8,0,tr,-0.05,0.1,2.02157398e-14,2.3961549e-14,fit
T8,0,tr,1.20736754e-15,0.1,2.02362022e-14,1.82778781e-14,fit
T8,0,tr,0.05,0.1,2.0304484e-14,1.49953329e-14,fit
T8,0,tr,0.1,0.1,2.04403062e-14,1.88986641e-14,fit
T8,0,tr,0.15,0.1,2.07526672e-14,2.58539154e-14,fit
T8,0,tr,0.2,0.1,2.14709778e-14,2.04930592e-14,fit
T8,0,tr,0.25,0.1,2.31226476e-14,2.41668819e-14,fit
T8,0,tr,0.3,0.1,2.69198907e-14,3.09692913e-14,fit
T8,0,tr,0.35,0.1,3.56479314e-14,2.82610466e-14,fit
T8,0,tr,0.4,0.1,5.57029292e-14,4.93419555e-14,fit
T8,0,tr,0.45,0.1,1.01762386e-13,1.02937468e-13,fit
T8,0,tr,0.5,0.1,2.07470112e-13,2.17378034e-13,fit
T8,0,tr,0.55,0.1,4.49819416e-13,4.62588028e-13,fit
T8,0,tr,0.6,0.1,1.0045887e-12,1.01689494e-12,fit
T8,0,tr,0.65,0.1,2.27168653e-12,2.2380654e-12,fit
T8,0,tr,0.7,0.1,5.15629813e-12,4.97004106e-12,fit
T8,0,tr,0.75,0.1,1.16920999e-11,1.1792394e-11,fit
T8,0,tr,0.8,0.1,2.63991109e-11,2.67573552e-11,fit
T8,0,tr,0.85,0.1,5.91686356e-11,6.09574283e-11,fit
T8,0,tr,0.9,0.1,1.31172097e-10,1.31018525e-10,fit
T8,0,tr,0.95,0.1,2.86331907e-10,2.85126739e-10,fit
T8,0,tr,1,0.1,6.11867631e-10,6.17355737e-10,fit
T8,0,tr,1.05,0.1,1.270448e-09,1.23518502e-09,fit
T8,0,tr,1.1,0.1,2.53712433e-09,2.47580894e-09,fit
T8,0,tr,1.15,0.1,4.80282567e-09,4.89461523e-09,fit
T8,0,tr,1.2,0.1,8.46968056e-09,8.15299531e-09,fit
T8,0,tr,1.25,0.1,1.37537071e-08,1.3716647e-08,fit
T8,0,tr,1.3,0.1,2.05999156e-08,2.10829607e-08,fit
T8,0,tr,1.35,0.1,2.8789774e-08,2.89871357e-08,fit
T8,0,tr,1.4,0.1,3.80729443e-08,3.85582975e-08,fit
T8,0,tr,1.45,0.1,4.82258296e-08,4.66375342e-08,fit
T8,0,tr,1.5,0.1,5.90634443e-08,5.88328651e-08,fit
T8,0,tr,1.55,0.1,7.0437478e-08,6.98576526e-08,fit
T8,0,tr,1.6,0.1,8.22315657e-08,8.37242964e-08,fit
T8,0,tr,1.65,0.1,9.43559577e-08,9.5545667e-08,fit
T8,0,tr,1.7,0.1,1.06742239e-07,1.06838421e-07,fit
T8,0,tr,1.75,0.1,1.19338549e-07,1.26353197e-07,fit
T8,0,tr,1.8,0.1,1.32105566e-07,1.34299388e-07,fit
T8,0,tr,1.85,0.1,1.45013309e-07,1.43804613e-07,fit
T8,0,tr,1.9,0.1,1.58038691e-07,1.55203269e-07,fit
T8,0,tr,1.95,0.1,1.71163688e-07,1.71035599e-07,fit
T8,0,tr,2,0.1,1.84374006e-07,1.81312979e-07,fit
T8,0,tr,2.05,0.1,1.97658103e-07,2.076928e-07,fit
T8,0,tr,2.1,0.1,2.11006492e-07,2.14740225e-07,fit
T8,0,tr,2.15,0.1,2.24411229e-07,2.22450536e-07,fit
T8,0,tr,2.2,0.1,2.37865556e-07,2.33367717e-07,fit
T8,0,tr,2.25,0.1,2.51363625e-07,2.43546785e-07,fit
T8,0,tr,2.3,0.1,2.64900316e-07,2.62883782e-07,fit
T8,0,tr,2.35,0.1,2.78471084e-07,2.89832702e-07,fit
T8,0,tr,2.4,0.1,2.92071859e-07,2.9973665e-07,fit
T8,0,tr,2.45,0.1,3.05698963e-07,3.05413722e-07,fit
T8,0,tr,2.5,0.1,3.19349051e-07,3.20937936e-07,fit
T8,0,tr,2.55,0.1,3.33019058e-07,3.15151712e-07,fit
T8,0,tr,2.6,0.1,3.46706168e-07,3.54993461e-07,fit
T8,0,tr,2.65,0.1,3.60407778e-07,3.58331323e-07,fit
T8,0,tr,2.7,0.1,3.74121477e-07,3.90217236e-07,fit
T8,0,tr,2.75,0.1,3.87845022e-07,3.86114041e-07,fit
T8,0,tr,2.8,0.1,4.01576324e-07,3.96146043e-07,fit
T8,0,tr,2.85,0.1,4.15313433e-07,4.18396302e-07,fit
T8,0,tr,2.9,0.1,4.29054521e-07,4.21347756e-07,fit
T8,0,tr,2.95,0.1,4.42797879e-07,4.61472501e-07,fit
T8,0,tr,3,0.1,4.56541901e-07,4.60980353e-07,fit
T8,0,tr,3.05,0.1,4.70285076e-07,4.76035502e-07,fit
T8,0,tr,3.1,0.1,4.84025983e-07,4.89480833e-07,fit
T8,0,tr,3.15,0.1,4.97763285e-07,4.93127439e-07,fit
T8,0,tr,3.2,0.1,5.1149572e-07,5.19596116e-07,fit
T8,0,tr,3.25,0.1,5.25222095e-07,5.28673624e-07,fit
T8,0,tr,3.3,0.1,5.38941286e-07,5.68871546e-07,fit
T8,0,tr,3.35,0.1,5.52652228e-07,5.54451983e-07,fit
T8,0,tr,3.4,0.1,5.66353915e-07,5.73598602e-07,fit
T8,0,tr,3.45,0.1,5.80045393e-07,5.73050202e-07,fit
T8,0,tr,3.5,0.1,5.93725759e-07,5.88111224e-07,fit
T8,0,tr,3.55,0.1,6.07394157e-07,6.02925327e-07,fit
T8,0,tr,3.6,0.1,6.21049776e-07,6.46882054e-07,fit
T8,0,tr,3.65,0.1,6.34691845e-07,6.37599901e-07,fit
T8,0,tr,3.7,0.1,6.48319634e-07,6.69025119e-07,fit
T8,0,tr,3.75,0.1,6.61932447e-07,6.58330754e-07,fit
T8,0,tr,3.8,0.1,6.75529625e-07,6.69848581e-07,fit
T8,0,tr,3.85,0.1,6.89110542e-07,6.52085691e-07,fit
T8,0,tr,3.9,0.1,7.02674601e-07,7.22241541e-07,fit
T8,0,tr,3.95,0.1,7.16221236e-07,7.63924233e-07,fit
T8,0,tr,4,0.1,7.29749908e-07,7.26738203e-07,fit
T8,0,tr,4.05,0.1,7.43260106e-07,7.78098331e-07,fit
T8,0,tr,4.1,0.1,7.5675134e-07,7.78481278e-07,fit
T8,0,tr,4.15,0.1,7.70223148e-07,7.56714219e-07,fit
T8,0,tr,4.2,0.1,7.83675088e-07,8.04148298e-07,fit
T8,0,tr,4.25,0.1,7.9710674e-07,7.78198973e-07,fit
T8,0,tr,4.3,0.1,8.10517703e-07,8.05613718e-07,fit
T8,0,tr,4.35,0.1,8.23907598e-07,8.57150166e-07,fit
T8,0,tr,4.4,0.1,8.37276063e-07,8.43799991e-07,fit
T8,0,tr,4.45,0.1,8.50622752e-07,8.23696199e-07,fit
T8,0,tr,4.5,0.1,8.63947339e-07,9.04064734e-07,fit
T8,0,tr,4.55,0.1,8.7724951e-07,8.51356047e-07,fit
T8,0,tr,4.6,0.1,8.90528969e-07,8.88890847e-07,fit
T8,0,tr,4.65,0.1,9.03785435e-07,8.97144694e-07,fit
T8,0,tr,4.7,0.1,9.17018638e-07,9.15330773e-07,fit
T8,0,tr,4.75,0.1,9.30228324e-07,9.09504584e-07,fit
T8,0,tr,4.8,0.1,9.4341425e-07,9.00964881e-07,fit
T8,0,tr,4.85,0.1,9.56576186e-07,1.01432706e-06,fit
T8,0,tr,4.9,0.1,9.69713913e-07,9.45396288e-07,fit
T8,0,tr,4.95,0.1,9.82827224e-07,9.5994311e-07,fit
T8,0,tr,5,0.1,9.95915921e-07,9.28415781e-07,fit
T8,0,tr,5.05,0.1,1.00897982e-06,1.01466276e-06,fit
T8,0,tr,5.1,0.1,1.02201874e-06,1.0654363e-06,fit
T8,0,tr,5.15,0.1,1.03503251e-06,1.08259079e-06,fit
T8,0,tr,5.2,0.1,1.04802099e-06,1.14199183e-06,fit
T8,0,tr,5.25,0.1,1.06098401e-06,1.11309667e-06,fit
T8,0,tr,5.3,0.1,1.07392143e-06,1.09047823e-06,fit
T8,0,tr,5.35,0.1,1.08683313e-06,1.09106494e-06,fit
T8,0,tr,5.4,0.1,1.09971897e-06,1.15164491e-06,fit
T8,0,tr,5.45,0.1,1.11257883e-06,1.11492148e-06,fit
T8,0,tr,5.5,0.1,1.12541261e-06,1.1357237e-06,fit
T8,0,tr,5.55,0.1,1.13822021e-06,1.10951982e-06,fit
T8,0,tr,5.6,0.1,1.15100151e-06,1.15814714e-06,fit
T8,0,tr,5.65,0.1,1.16375643e-06,1.23863168e-06,fit
T8,0,tr,5.7,0.1,1.17648488e-06,1.17769467e-06,fit
T8,0,tr,5.75,0.1,1.18918679e-06,1.20727785e-06,fit
T8,0,tr,5.8,0.1,1.20186208e-06,1.1217985e-06,fit
T8,0,tr,5.85,0.1,1.21451067e-06,1.26847453e-06,fit
T8,0,tr,5.9,0.1,1.22713251e-06,1.24478924e-06,fit
T8,0,tr,5.95,0.1,1.23972753e-06,1.2972021e-06,fit
T8,0,tr,6,0.1,1.25229568e-06,1.26512988e-06,fit
T8,0,tr,6.05,0.1,1.26483691e-06,1.23645285e-06,fit
T8,0,tr,6.1,0.1,1.27735118e-06,1.2296047e-06,fit
T8,0,tr,6.15,0.1,1.28983845e-06,1.31277688e-06,fit
T8,0,tr,6.2,0.1,1.30229866e-06,1.30441121e-06,fit
T8,0,tr,6.25,0.1,1.31473181e-06,1.27975752e-06,fit
T8,0,tr,6.3,0.1,1.32713785e-06,1.32726145e-06,fit
T8,0,tr,6.35,0.1,1.33951675e-06,1.31673854e-06,fit
T8,0,tr,6.4,0.1,1.35186851e-06,1.38359544e-06,fit
T8,0,tr,6.45,0.1,1.36419309e-06,1.34950578e-06,fit
T8,0,tr,6.5,0.1,1.37649049e-06,1.32863024e-06,fit
T8,0,tr,6.55,0.1,1.38876069e-06,1.3866519e-06,fit
T8,0,tr,6.6,0.1,1.40100368e-06,1.37891943e-06,fit
T8,0,tr,6.65,0.1,1.41321946e-06,1.4781636e-06,fit
T8,0,tr,6.7,0.1,1.42540802e-06,1.4064197e-06,fit
T8,0,tr,6.75,0.1,1.43756937e-06,1.38234016e-06,fit
T8,0,tr,6.8,0.1,1.4497035e-06,1.44738798e-06,fit
T8,0,tr,6.85,0.1,1.46181043e-06,1.45050483e-06,fit
T8,0,tr,6.9,0.1,1.47389015e-06,1.48537669e-06,fit
T8,0,tr,6.95,0.1,1.48594268e-06,1.49487458e-06,fit
T8,0,tr,7,0.1,1.49796803e-06,1.4514834e-06,fit
T8,0,tr,7.05,0.1,1.50996622e-06,1.506443e-06,fit
T8,0,tr,7.1,0.1,1.52193726e-06,1.51583111e-06,fit
T8,0,tr,7.15,0.1,1.53388116e-06,1.47826569e-06,fit
T8,0,tr,7.2,0.1,1.54579796e-06,1.51782626e-06,fit
T8,0,tr,7.25,0.1,1.55768768e-06,1.56513477e-06,fit
T8,0,tr,7.3,0.1,1.56955033e-06,1.49434235e-06,fit
T8,0,tr,7.35,0.1,1.58138594e-06,1.52849875e-06,fit
T8,0,tr,7.4,0.1,1.59319455e-06,1.56839697e-06,fit
T8,0,tr,7.45,0.1,1.60497618e-06,1.59758581e-06,fit
T8,0,tr,7.5,0.1,1.61673087e-06,1.6383995e-06,fit
T8,0,tr,7.55,0.1,1.62845864e-06,1.56018564e-06,fit
T8,0,tr,7.6,0.1,1.64015953e-06,1.65115022e-06,fit
T8,0,tr,7.65,0.1,1.65183357e-06,1.67904621e-06,fit
T8,0,tr,7.7,0.1,1.66348081e-06,1.73810534e-06,fit
T8,0,tr,7.75,0.1,1.67510128e-06,1.65009333e-06,fit
T8,0,tr,7.8,0.1,1.68669503e-06,1.63692558e-06,fit
T8,0,tr,7.85,0.1,1.69826209e-06,1.61786942e-06,fit
T8,0,tr,7.9,0.1,1.7098025e-06,1.73393802e-06,fit
T8,0,tr,7.95,0.1,1.72131631e-06,1.78458871e-06,fit
T8,0,tr,8,0.1,1.73280357e-06,1.69322758e-06,fit
T8,0,tr,-2,5,1.5e-12,1.51970145e-12,fit
T8,0,tr,-1.95,5,1.5e-12,1.53417856e-12,fit
T8,0,tr,-1.9,5,1.5e-12,1.53588888e-12,fit
T8,0,tr,-1.85,5,1.5e-12,1.47762396e-12,fit
T8,0,tr,-1.8,5,1.5e-12,1.53238652e-12,fit
T8,0,tr,-1.75,5,1.5e-12,1.49157946e-12,fit
T8,0,tr,-1.7,5,1.5e-12,1.46371307e-12,fit
T8,0,tr,-1.65,5,1.5e-12,1.50571632e-12,fit
T8,0,tr,-1.6,5,1.5e-12,1.51386957e-12,fit
T8,0,tr,-1.55,5,1.5e-12,1.46361873e-12,fit
T8,0,tr,-1.5,5,1.5e-12,1.5087383e-12,fit
T8,0,tr,-1.45,5,1.5e-12,1.59538403e-12,fit
T8,0,tr,-1.4,5,1.5e-12,1.4371269e-12,fit
T8,0,tr,-1.35,5,1.5e-12,1.53031795e-12,fit
T8,0,tr,-1.3,5,1.5e-12,1.55039954e-12,fit
T8,0,tr,-1.25,5,1.5e-12,1.51578583e-12,fit
T8,0,tr,-1.2,5,1.5e-12,1.51814587e-12,fit
T8,0,tr,-1.15,5,1.5e-12,1.49275851e-12,fit
T8,0,tr,-1.1,5,1.5e-12,1.55926665e-12,fit
T8,0,tr,-1.05,5,1.5e-12,1.459847e-12,fit
T8,0,tr,-1,5,1.5e-12,1.49831946e-12,fit
T8,0,tr,-0.95,5,1.5e-12,1.4121141e-12,fit
T8,0,tr,-0.9,5,1.5e-12,1.51817551e-12,fit
T8,0,tr,-0.85,5,1.5e-12,1.51701969e-12,fit
T8,0,tr,-0.8,5,1.5e-12,1.42306835e-12,fit
T8,0,tr,-0.75,5,1.5e-12,1.46368698e-12,fit
T8,0,tr,-0.7,5,1.5e-12,1.51732073e-12,fit
T8,0,tr,-0.65,5,1.5e-12,1.47456644e-12,fit
T8,0,tr,-0.6,5,1.50000001e-12,1.44047198e-12,fit
T8,0,tr,-0.55,5,1.50000002e-12,1.39561434e-12,fit
T8,0,tr,-0.5,5,1.50000005e-12,1.51845518e-12,fit
T8,0,tr,-0.45,5,1.50000011e-12,1.595007e-12,fit
T8,0,tr,-0.4,5,1.50000026e-12,1.48377089e-12,fit
T8,0,tr,-0.35,5,1.5000006e-12,1.52261375e-12,fit
T8,0,tr,-0.3,5,1.50000137e-12,1.51588947e-12,fit
T8,0,tr,-0.25,5,1.50000316e-12,1.49698972e-12,fit
T8,0,tr,-0.2,5,1.50000727e-12,1.49896381e-12,fit
T8,0,tr,-0.15,5,1.50001671e-12,1.5011199e-12,fit
T8,0,tr,-0.1,5,1.50003844e-12,1.45675314e-12,fit
T8,0,tr,-0.05,5,1.50008841e-12,1.6200729e-12,fit
T8,0,tr,1.20736754e-15,5,1.50020335e-12,1.62673186e-12,fit
T8,0,tr,0.05,5,1.50058684e-12,1.52066268e-12,fit
T8,0,tr,0.1,5,1.50134957e-12,1.57755908e-12,fit
T8,0,tr,0.15,5,1.50310339e-12,1.46111886e-12,fit
T8,0,tr,0.2,5,1.50713551e-12,1.49225945e-12,fit
T8,0,tr,0.25,5,1.51640351e-12,1.56629381e-12,fit
T8,0,tr,0.3,5,1.53769955e-12,1.49079412e-12,fit
T8,0,tr,0.35,5,1.58661039e-12,1.52552976e-12,fit
T8,0,tr,0.4,5,1.69886591e-12,1.71853183e-12,fit
T8,0,tr,0.45,5,1.95623976e-12,1.83937488e-12,fit
T8,0,tr,0.5,5,2.54544524e-12,2.66929253e-12,fit
T8,0,tr,0.55,5,3.89133951e-12,3.97551159e-12,fit
T8,0,tr,0.6,5,6.95581259e-12,6.99762092e-12,fit
T8,0,tr,0.65,5,1.3900705e-11,1.41670119e-11,fit
T8,0,tr,0.7,5,2.95333557e-11,2.87165336e-11,fit
T8,0,tr,0.75,5,6.4381597e-11,6.25440657e-11,fit
T8,0,tr,0.8,5,1.41003486e-10,1.44491963e-10,fit
T8,0,tr,0.85,5,3.06276058e-10,3.14870393e-10,fit
T8,0,tr,0.9,5,6.535883e-10,6.56148811e-10,fit
T8,0,tr,0.95,5,1.35875451e-09,1.35636756e-09,fit
T8,0,tr,1,5,2.72935232e-09,2.68493576e-09,fit
T8,0,tr,1.05,5,5.25660065e-09,5.47984231e-09,fit
T8,0,tr,1.1,5,9.64491482e-09,9.22289659e-09,fit
T8,0,tr,1.15,5,1.67899726e-08,1.63605778e-08,fit
T8,0,tr,1.2,5,2.76952938e-08,2.72471417e-08,fit
T8,0,tr,1.25,5,4.3352718e-08,4.14043156e-08,fit
T8,0,tr,1.3,5,6.46338095e-08,6.21020282e-08,fit
T8,0,tr,1.35,5,9.22279935e-08,8.94126028e-08,fit
T8,0,tr,1.4,5,1.26633229e-07,1.30528737e-07,fit
T8,0,tr,1.45,5,1.68182466e-07,1.77531099e-07,fit
T8,0,tr,1.5,5,2.17084242e-07,2.19366136e-07,fit
T8,0,tr,1.55,5,2.73462131e-07,2.60483479e-07,fit
T8,0,tr,1.6,5,3.37386104e-07,3.31297114e-07,fit
T8,0,tr,1.65,5,4.08894584e-07,4.07223516e-07,fit
T8,0,tr,1.7,5,4.8800864e-07,4.84087011e-07,fit
T8,0,tr,1.75,5,5.74740463e-07,5.68378041e-07,fit
T8,0,tr,1.8,5,6.69098062e-07,6.79550691e-07,fit
T8,0,tr,1.85,5,7.71087624e-07,7.27418706e-07,fit
T8,0,tr,1.9,5,8.80714515e-07,8.65649395e-07,fit
T8,0,tr,1.95,5,9.97983561e-07,1.00450221e-06,fit
T8,0,tr,2,5,1.12289896e-06,1.14739952e-06,fit
T8,0,tr,2.05,5,1.25546407e-06,1.26648319e-06,fit
T8,0,tr,2.1,5,1.39568111e-06,1.39682359e-06,fit
T8,0,tr,2.15,5,1.54355096e-06,1.53763609e-06,fit
T8,0,tr,2.2,5,1.69907296e-06,1.66608649e-06,fit
T8,0,tr,2.25,5,1.86224472e-06,1.86805277e-06,fit
T8,0,tr,2.3,5,2.03306206e-06,2.02174742e-06,fit
T8,0,tr,2.35,5,2.2115189e-06,2.166656e-06,fit
T8,0,tr,2.4,5,2.39760721e-06,2.48754749e-06,fit
T8,0,tr,2.45,5,2.59131699e-06,2.68737606e-06,fit
T8,0,tr,2.5,5,2.79263626e-06,2.76403825e-06,fit
T8,0,tr,2.55,5,3.00155103e-06,3.06046282e-06,fit
T8,0,tr,2.6,5,3.21804529e-06,3.33904798e-06,fit
T8,0,tr,2.65,5,3.44210102e-06,3.4733253e-06,fit
T8,0,tr,2.7,5,3.67369816e-06,3.69172783e-06,fit
T8,0,tr,2.75,5,3.91281463e-06,3.97595071e-06,fit
T8,0,tr,2.8,5,4.15942631e-06,3.96336715e-06,fit
T8,0,tr,2.85,5,4.413507e-06,4.23342247e-06,fit
T8,0,tr,2.9,5,4.67502844e-06,4.75482911e-06,fit
T8,0,tr,2.95,5,4.94396028e-06,4.99134934e-06,fit
T8,0,tr,3,5,5.22027007e-06,5.44594771e-06,fit
T8,0,tr,3.05,5,5.50392321e-06,5.42990961e-06,fit
T8,0,tr,3.1,5,5.79488297e-06,5.99709008e-06,fit
T8,0,tr,3.15,5,6.09311048e-06,6.29853234e-06,fit
T8,0,tr,3.2,5,6.39856464e-06,6.79771289e-06,fit
T8,0,tr,3.25,5,6.7112022e-06,6.56115064e-06,fit
T8,0,tr,3.3,5,7.03097766e-06,6.96676566e-06,fit
T8,0,tr,3.35,5,7.35784334e-06,7.42978259e-06,fit
T8,0,tr,3.4,5,7.6917493e-06,7.76488188e-06,fit
T8,0,tr,3.45,5,8.03264338e-06,7.80778843e-06,fit
T8,0,tr,3.5,5,8.38047118e-06,8.25128263e-06,fit
T8,0,tr,3.55,5,8.73517606e-06,8.4135935e-06,fit
T8,0,tr,3.6,5,9.09669918e-06,9.76358215e-06,fit
T8,0,tr,3.65,5,9.46497948e-06,9.46081768e-06,fit
T8,0,tr,3.7,5,9.83995371e-06,9.85229958e-06,fit
T8,0,tr,3.75,5,1.02215564e-05,1.00508741e-05,fit
T8,0,tr,3.8,5,1.06097201e-05,1.06343667e-05,fit
T8,0,tr,3.85,5,1.1004375e-05,1.12850846e-05,fit
T8,0,tr,3.9,5,1.14054495e-05,1.13102916e-05,fit
T8,0,tr,3.95,5,1.18128698e-05,1.18209459e-05,fit
T8,0,tr,4,5,1.222656e-05,1.30692228e-05,fit
T8,0,tr,4.05,5,1.26464427e-05,1.30214548e-05,fit
T8,0,tr,4.1,5,1.30724382e-05,1.31859831e-05,fit
T8,0,tr,4.15,5,1.35044652e-05,1.33556185e-05,fit
T8,0,tr,4.2,5,1.39424407e-05,1.39544509e-05,fit
T8,0,tr,4.25,5,1.43862799e-05,1.40910854e-05,fit
T8,0,tr,4.3,5,1.48358966e-05,1.49796045e-05,fit
T8,0,tr,4.35,5,1.52912028e-05,1.50081083e-05,fit
T8,0,tr,4.4,5,1.57521094e-05,1.54335081e-05,fit
T8,0,tr,4.45,5,1.62185257e-05,1.60415647e-05,fit
T8,0,tr,4.5,5,1.669036e-05,1.61815141e-05,fit
T8,0,tr,4.55,5,1.71675191e-05,1.72858781e-05,fit
T8,0,tr,4.6,5,1.7649909e-05,1.90498159e-05,fit
T8,0,tr,4.65,5,1.81374347e-05,1.78156949e-05,fit
T8,0,tr,4.7,5,1.863e-05,1.773767e-05,fit
T8,0,tr,4.75,5,1.91275083e-05,1.96942938e-05,fit
T8,0,tr,4.8,5,1.96298621e-05,1.9575562e-05,fit
T8,0,tr,4.85,5,2.01369632e-05,2.13715164e-05,fit
T8,0,tr,4.9,5,2.06487132e-05,2.08872323e-05,fit
T8,0,tr,4.95,5,2.11650129e-05,2.17619789e-05,fit
T8,0,tr,5,5,2.1685763e-05,2.11842371e-05,fit
T8,0,tr,5.05,5,2.22108639e-05,2.11687655e-05,fit
T8,0,tr,5.1,5,2.27402159e-05,2.26055449e-05,fit
T8,0,tr,5.15,5,2.32737191e-05,2.37295047e-05,fit
T8,0,tr,5.2,5,2.38112739e-05,2.31885436e-05,fit
T8,0,tr,5.25,5,2.43527805e-05,2.32003014e-05,fit
T8,0,tr,5.3,5,2.48981395e-05,2.44351651e-05,fit
T8,0,tr,5.35,5,2.54472517e-05,2.5083928e-05,fit
T8,0,tr,5.4,5,2.60000183e-05,2.57148738e-05,fit
T8,0,tr,5.45,5,2.65563409e-05,2.64953571e-05,fit
T8,0,tr,5.5,5,2.71161215e-05,2.90885225e-05,fit
T8,0,tr,5.55,5,2.76792629e-05,2.76619899e-05,fit
T8,0,tr,5.6,5,2.82456684e-05,2.7784696e-05,fit
T8,0,tr,5.65,5,2.8815242e-05,2.78486993e-05,fit
T8,0,tr,5.7,5,2.93878884e-05,3.00483866e-05,fit
T8,0,tr,5.75,5,2.99635132e-05,2.85269849e-05,fit
T8,0,tr,5.8,5,3.0542023e-05,3.18356452e-05,fit
T8,0,tr,5.85,5,3.11233251e-05,3.10587749e-05,fit
T8,0,tr,5.9,5,3.17073279e-05,3.02552901e-05,fit
T8,0,tr,5.95,5,3.22939407e-05,3.24094403e-05,fit
T8,0,tr,6,5,3.2883074e-05,3.27057501e-05,fit
T8,0,tr,6.05,5,3.34746393e-05,3.46558945e-05,fit
T8,0,tr,6.1,5,3.40685494e-05,3.25085533e-05,fit
T8,0,tr,6.15,5,3.4664718e-05,3.48034024e-05,fit
T8,0,tr,6.2,5,3.52630601e-05,3.51722097e-05,fit
T8,0,tr,6.25,5,3.58634921e-05,3.67848858e-05,fit
T8,0,tr,6.3,5,3.64659314e-05,3.51722155e-05,fit
T8,0,tr,6.35,5,3.70702968e-05,3.61388399e-05,fit
T8,0,tr,6.4,5,3.76765084e-05,3.98736144e-05,fit
T8,0,tr,6.45,5,3.82844876e-05,3.88416816e-05,fit
T8,0,tr,6.5,5,3.88941569e-05,3.71310865e-05,fit
T8,0,tr,6.55,5,3.95054406e-05,3.98025828e-05,fit
T8,0,tr,6.6,5,4.01182638e-05,3.90962143e-05,fit
T8,0,tr,6.65,5,4.07325534e-05,3.98122065e-05,fit
T8,0,tr,6.7,5,4.13482373e-05,3.97762547e-05,fit
T8,0,tr,6.75,5,4.19652451e-05,4.31197999e-05,fit
T8,0,tr,6.8,5,4.25835074e-05,4.18089862e-05,fit
T8,0,tr,6.85,5,4.32029565e-05,4.33600596e-05,fit
T8,0,tr,6.9,5,4.38235258e-05,4.38218421e-05,fit
T8,0,tr,6.95,5,4.44451503e-05,4.23730444e-05,fit
T8,0,tr,7,5,4.5067766e-05,4.3974802e-05,fit
T8,0,tr,7.05,5,4.56913106e-05,4.66426444e-05,fit
T8,0,tr,7.1,5,4.63157229e-05,4.40908437e-05,fit
T8,0,tr,7.15,5,4.69409433e-05,4.7180011e-05,fit
T8,0,tr,7.2,5,4.75669131e-05,4.73081536e-05,fit
T8,0,tr,7.25,5,4.81935752e-05,4.90203378e-05,fit
T8,0,tr,7.3,5,4.88208739e-05,4.97186347e-05,fit
T8,0,tr,7.35,5,4.94487544e-05,5.0569085e-05,fit
T8,0,tr,7.4,5,5.00771636e-05,5.00535913e-05,fit
T8,0,tr,7.45,5,5.07060494e-05,5.09848907e-05,fit
T8,0,tr,7.5,5,5.13353609e-05,5.01551781e-05,fit
T8,0,tr,7.55,5,5.19650486e-05,5.10194619e-05,fit
T8,0,tr,7.6,5,5.25950641e-05,5.39156296e-05,fit
T8,0,tr,7.65,5,5.32253602e-05,5.21736848e-05,fit
T8,0,tr,7.7,5,5.3855891e-05,5.54176613e-05,fit
T8,0,tr,7.75,5,5.44866115e-05,5.60261393e-05,fit
T8,0,tr,7.8,5,5.51174781e-05,5.37099249e-05,fit
T8,0,tr,7.85,5,5.57484483e-05,5.65790167e-05,fit
T8,0,tr,7.9,5,5.63794804e-05,5.49170301e-05,fit
T8,0,tr,7.95,5,5.70105342e-05,5.7482956e-05,fit
T8,0,tr,8,5,5.76415703e-05,5.62091518e-05,fit
T7,0,out,2,-0,0,7.17589286e-15,fit
T7,0,out,2,0.05,1.07600766e-07,1.07944809e-07,fit
T7,0,out,2,0.1,2.09178593e-07,2.02391581e-07,fit
T7,0,out,2,0.15,3.04335027e-07,3.23016964e-07,fit
T7,0,out,2,0.2,3.92681581e-07,4.03443996e-07,fit
T7,0,out,2,0.25,4.73915652e-07,4.50980191e-07,fit
T7,0,out,2,0.3,5.47867866e-07,5.52683156e-07,fit
T7,0,out,2,0.35,6.14527227e-07,6.05752342e-07,fit
T7,0,out,2,0.4,6.74045957e-07,7.15550912e-07,fit
T7,0,out,2,0.45,7.26726772e-07,7.24358103e-07,fit
T7,0,out,2,0.5,7.72996958e-07,7.81008047e-07,fit
T7,0,out,2,0.55,8.13374671e-07,8.07800095e-07,fit
T7,0,out,2,0.6,8.48432921e-07,8.63417635e-07,fit
T7,0,out,2,0.65,8.78765798e-07,8.63594384e-07,fit
T7,0,out,2,0.7,9.04960043e-07,8.79743573e-07,fit
T7,0,out,2,0.75,9.27573492e-07,9.12664611e-07,fit
T7,0,out,2,0.8,9.47120572e-07,9.33970278e-07,fit
T7,0,out,2,0.85,9.64064135e-07,9.81047668e-07,fit
T7,0,out,2,0.9,9.78812389e-07,9.80135301e-07,fit
T7,0,out,2,0.95,9.91719586e-07,9.7739556e-07,fit
T7,0,out,2,1,1.0030892e-06,9.8973308e-07,fit
T7,0,out,2,1.05,1.01317852e-06,9.84622258e-07,fit
T7,0,out,2,1.1,1.02220398e-06,1.02491539e-06,fit
T7,0,out,2,1.15,1.03034646e-06,9.68371215e-07,fit
T7,0,out,2,1.2,1.03775649e-06,1.0296793e-06,fit
T7,0,out,2,1.25,1.04455892e-06,1.0810102e-06,fit
T7,0,out,2,1.3,1.05085705e-06,1.03834678e-06,fit
T7,0,out,2,1.35,1.0567363e-06,1.03507352e-06,fit
T7,0,out,2,1.4,1.06226722e-06,1.06249192e-06,fit
T7,0,out,2,1.45,1.06750812e-06,1.03704466e-06,fit
T7,0,out,2,1.5,1.07250723e-06,1.0473033e-06,fit
T7,0,out,2,1.55,1.07730447e-06,1.09840164e-06,fit
T7,0,out,2,1.6,1.08193294e-06,1.06045199e-06,fit
T7,0,out,2,1.65,1.08642014e-06,1.15074848e-06,fit
T7,0,out,2,1.7,1.09078894e-06,1.10736781e-06,fit
T7,0,out,2,1.75,1.09505844e-06,1.09056141e-06,fit
T7,0,out,2,1.8,1.09924458e-06,1.07795036e-06,fit
T7,0,out,2,1.85,1.10336074e-06,1.09379578e-06,fit
T7,0,out,2,1.9,1.10741815e-06,1.03363792e-06,fit
T7,0,out,2,1.95,1.11142628e-06,1.1184428e-06,fit
T7,0,out,2,2,1.1153931e-06,1.144314e-06,fit
T7,0,out,2,2.05,1.11932539e-06,1.13752298e-06,fit
T7,0,out,2,2.1,1.12322889e-06,1.10770319e-06,fit
T7,0,out,2,2.15,1.12710847e-06,1.14694207e-06,fit
T7,0,out,2,2.2,1.13096831e-06,1.15165445e-06,fit
T7,0,out,2,2.25,1.13481197e-06,1.12926265e-06,fit
T7,0,out,2,2.3,1.13864251e-06,1.14950513e-06,fit
T7,0,out,2,2.35,1.14246255e-06,1.17738825e-06,fit
T7,0,out,2,2.4,1.14627437e-06,1.16095914e-06,fit
T7,0,out,2,2.45,1.15007992e-06,1.13601826e-06,fit
T7,0,out,2,2.5,1.15388089e-06,1.15321306e-06,fit
T7,0,out,2,2.55,1.15767875e-06,1.161884e-06,fit
T7,0,out,2,2.6,1.16147479e-06,1.10600005e-06,fit
T7,0,out,2,2.65,1.16527012e-06,1.16873024e-06,fit
T7,0,out,2,2.7,1.16906572e-06,1.16354518e-06,fit
T7,0,out,2,2.75,1.17286245e-06,1.09817709e-06,fit
T7,0,out,2,2.8,1.17666104e-06,1.11688221e-06,fit
T7,0,out,2,2.85,1.18046217e-06,1.2447275e-06,fit
T7,0,out,2,2.9,1.18426642e-06,1.1868712e-06,fit
T7,0,out,2,2.95,1.18807429e-06,1.23582431e-06,fit
T7,0,out,2,3,1.19188626e-06,1.17760194e-06,fit
T7,0,out,2,3.05,1.19570271e-06,1.25089933e-06,fit
T7,0,out,2,3.1,1.19952401e-06,1.21915566e-06,fit
T7,0,out,2,3.15,1.20335049e-06,1.17801562e-06,fit
T7,0,out,2,3.2,1.20718242e-06,1.2163633e-06,fit
T7,0,out,2,3.25,1.21102007e-06,1.2683223e-06,fit
T7,0,out,2,3.3,1.21486365e-06,1.30418083e-06,fit
T7,0,out,2,3.35,1.21871339e-06,1.23689557e-06,fit
T7,0,out,2,3.4,1.22256946e-06,1.20560452e-06,fit
T7,0,out,2,3.45,1.22643203e-06,1.19440224e-06,fit
T7,0,out,2,3.5,1.23030125e-06,1.25522806e-06,fit
T7,0,out,2,3.55,1.23417726e-06,1.27470301e-06,fit
T7,0,out,2,3.6,1.23806018e-06,1.24284209e-06,fit
T7,0,out,2,3.65,1.24195013e-06,1.23753476e-06,fit
T7,0,out,2,3.7,1.2458472e-06,1.27637674e-06,fit
T7,0,out,2,3.75,1.2497515e-06,1.26787526e-06,fit
T7,0,out,2,3.8,1.25366311e-06,1.26833291e-06,fit
T7,0,out,2,3.85,1.25758209e-06,1.20111484e-06,fit
T7,0,out,2,3.9,1.26150854e-06,1.24898286e-06,fit
T7,0,out,2,3.95,1.26544251e-06,1.33902201e-06,fit
T7,0,out,2,4,1.26938407e-06,1.26871823e-06,fit
T7,0,out,2,4.05,1.27333326e-06,1.36942398e-06,fit
T7,0,out,2,4.1,1.27729016e-06,1.29217032e-06,fit
T7,0,out,2,4.15,1.28125479e-06,1.27037318e-06,fit
T7,0,out,2,4.2,1.28522721e-06,1.2961979e-06,fit
T7,0,out,2,4.25,1.28920745e-06,1.31282124e-06,fit
T7,0,out,2,4.3,1.29319557e-06,1.26561841e-06,fit
T7,0,out,2,4.35,1.29719159e-06,1.30681707e-06,fit
T7,0,out,2,4.4,1.30119554e-06,1.28513855e-06,fit
T7,0,out,2,4.45,1.30520747e-06,1.36351667e-06,fit
T7,0,out,2,4.5,1.3092274e-06,1.29161866e-06,fit
T7,0,out,2,4.55,1.31325536e-06,1.31805067e-06,fit
T7,0,out,2,4.6,1.31729137e-06,1.25936343e-06,fit
T7,0,out,2,4.65,1.32133547e-06,1.26839969e-06,fit
T7,0,out,2,4.7,1.32538768e-06,1.32185036e-06,fit
T7,0,out,2,4.75,1.32944801e-06,1.29353642e-06,fit
T7,0,out,2,4.8,1.33351649e-06,1.32184752e-06,fit
T7,0,out,2,4.85,1.33759315e-06,1.34707111e-06,fit
T7,0,out,2,4.9,1.341678e-06,1.36444473e-06,fit
T7,0,out,2,4.95,1.34577106e-06,1.29016765e-06,fit
T7,0,out,2,5,1.34987235e-06,1.34239191e-06,fit
T7,0,out,2,5.05,1.35398189e-06,1.38117435e-06,fit
T7,0,out,2,5.1,1.35809969e-06,1.33085254e-06,fit
T7,0,out,2,5.15,1.36222578e-06,1.31004918e-06,fit
T7,0,out,2,5.2,1.36636016e-06,1.3383203e-06,fit
T7,0,out,2,5.25,1.37050286e-06,1.43896965e-06,fit
T7,0,out,2,5.3,1.37465388e-06,1.37544769e-06,fit
T7,0,out,2,5.35,1.37881325e-06,1.44477359e-06,fit
T7,0,out,2,5.4,1.38298097e-06,1.37034472e-06,fit
T7,0,out,2,5.45,1.38715706e-06,1.43758798e-06,fit
T7,0,out,2,5.5,1.39134154e-06,1.33239064e-06,fit
T7,0,out,2,5.55,1.39553441e-06,1.38503494e-06,fit
T7,0,out,2,5.6,1.3997357e-06,1.40346784e-06,fit
T7,0,out,2,5.65,1.4039454e-06,1.47998532e-06,fit
T7,0,out,2,5.7,1.40816355e-06,1.42822986e-06,fit
T7,0,out,2,5.75,1.41239013e-06,1.46067477e-06,fit
T7,0,out,2,5.8,1.41662518e-06,1.39897575e-06,fit
T7,0,out,2,5.85,1.4208687e-06,1.40335449e-06,fit
T7,0,out,2,5.9,1.4251207e-06,1.48073906e-06,fit
T7,0,out,2,5.95,1.42938119e-06,1.49202964e-06,fit
T7,0,out,2,6,1.43365018e-06,1.48760876e-06,fit
T7,0,out,3,-0,0,3.73371718e-15,fit
T7,0,out,3,0.05,2.48276452e-07,2.4445186e-07,fit
T7,0,out,3,0.1,4.90561042e-07,5.23427e-07,fit
T7,0,out,3,0.15,7.26675369e-07,7.30544179e-07,fit
T7,0,out,3,0.2,9.56411672e-07,9.93789427e-07,fit
T7,0,out,3,0.25,1.17955088e-06,1.20665895e-06,fit
T7,0,out,3,0.3,1.39587482e-06,1.32458975e-06,fit
T7,0,out,3,0.35,1.60517571e-06,1.51457911e-06,fit
T7,0,out,3,0.4,1.80726397e-06,1.72282901e-06,fit
T7,0,out,3,0.45,2.00197462e-06,1.99946408e-06,fit
T7,0,out,3,0.5,2.18917252e-06,2.26429777e-06,fit
T7,0,out,3,0.55,2.36875645e-06,2.35170487e-06,fit
T7,0,out,3,0.6,2.54066203e-06,2.60626923e-06,fit
T7,0,out,3,0.65,2.70486359e-06,2.60696199e-06,fit
T7,0,out,3,0.7,2.86137501e-06,2.80897341e-06,fit
T7,0,out,3,0.75,3.01024942e-06,2.93065753e-06,fit
T7,0,out,3,0.8,3.15157817e-06,3.15513165e-06,fit
T7,0,out,3,0.85,3.28548881e-06,3.17451277e-06,fit
T7,0,out,3,0.9,3.41214248e-06,3.40220385e-06,fit
T7,0,out,3,0.95,3.53173069e-06,3.5957292e-06,fit
T7,0,out,3,1,3.64447167e-06,3.59488647e-06,fit
T7,0,out,3,1.05,3.75060649e-06,3.65187634e-06,fit
T7,0,out,3,1.1,3.85039495e-06,3.798902e-06,fit
T7,0,out,3,1.15,3.94411156e-06,3.80270018e-06,fit
T7,0,out,3,1.2,4.03204153e-06,3.90920331e-06,fit
T7,0,out,3,1.25,4.11447698e-06,4.21539728e-06,fit
T7,0,out,3,1.3,4.19171342e-06,4.23526957e-06,fit
T7,0,out,3,1.35,4.26404654e-06,4.08409157e-06,fit
T7,0,out,3,1.4,4.33176935e-06,4.29583413e-06,fit
T7,0,out,3,1.45,4.39516972e-06,4.45598228e-06,fit
T7,0,out,3,1.5,4.45452829e-06,4.56365383e-06,fit
T7,0,out,3,1.55,4.51011673e-06,4.59840301e-06,fit
T7,0,out,3,1.6,4.56219637e-06,4.69925706e-06,fit
T7,0,out,3,1.65,4.61101719e-06,4.60638739e-06,fit
T7,0,out,3,1.7,4.65681709e-06,4.65537496e-06,fit
T7,0,out,3,1.75,4.69982139e-06,4.66606521e-06,fit
T7,0,out,3,1.8,4.7402426e-06,4.9001031e-06,fit
T7,0,out,3,1.85,4.77828044e-06,4.9038063e-06,fit
T7,0,out,3,1.9,4.81412187e-06,5.08000537e-06,fit
T7,0,out,3,1.95,4.84794147e-06,5.01498193e-06,fit
T7,0,out,3,2,4.87990173e-06,4.76346695e-06,fit
T7,0,out,3,2.05,4.91015352e-06,4.69826046e-06,fit
T7,0,out,3,2.1,4.93883666e-06,4.73754852e-06,fit
T7,0,out,3,2.15,4.96608039e-06,4.83521729e-06,fit
T7,0,out,3,2.2,4.99200402e-06,5.08605002e-06,fit
T7,0,out,3,2.25,5.01671751e-06,4.810533e-06,fit
T7,0,out,3,2.3,5.04032204e-06,4.74286845e-06,fit
T7,0,out,3,2.35,5.06291061e-06,5.03561848e-06,fit
T7,0,out,3,2.4,5.08456863e-06,5.20968894e-06,fit
T7,0,out,3,2.45,5.10537445e-06,5.22599244e-06,fit
T7,0,out,3,2.5,5.12539988e-06,5.3886707e-06,fit
T7,0,out,3,2.55,5.14471072e-06,5.13842376e-06,fit
T7,0,out,3,2.6,5.16336722e-06,5.0761815e-06,fit
T7,0,out,3,2.65,5.18142452e-06,5.13270032e-06,fit
T7,0,out,3,2.7,5.19893306e-06,4.99243971e-06,fit
T7,0,out,3,2.75,5.21593901e-06,5.10952104e-06,fit
T7,0,out,3,2.8,5.23248455e-06,5.43590203e-06,fit
T7,0,out,3,2.85,5.24860831e-06,5.58773806e-06,fit
T7,0,out,3,2.9,5.26434558e-06,5.4664705e-06,fit
T7,0,out,3,2.95,5.27972865e-06,5.32394566e-06,fit
T7,0,out,3,3,5.29478704e-06,5.25306151e-06,fit
T7,0,out,3,3.05,5.30954778e-06,5.34529309e-06,fit
T7,0,out,3,3.1,5.32403559e-06,5.0266393e-06,fit
T7,0,out,3,3.15,5.33827309e-06,5.42766756e-06,fit
T7,0,out,3,3.2,5.352281e-06,5.47576263e-06,fit
T7,0,out,3,3.25,5.36607828e-06,5.34030597e-06,fit
T7,0,out,3,3.3,5.37968231e-06,5.37852974e-06,fit
T7,0,out,3,3.35,5.39310901e-06,5.12051531e-06,fit
T7,0,out,3,3.4,5.40637299e-06,5.53106075e-06,fit
T7,0,out,3,3.45,5.41948765e-06,5.54468647e-06,fit
T7,0,out,3,3.5,5.43246527e-06,4.99419265e-06,fit
T7,0,out,3,3.55,5.44531713e-06,5.34586129e-06,fit
T7,0,out,3,3.6,5.4580536e-06,5.51005264e-06,fit
T7,0,out,3,3.65,5.4706842e-06,5.74716517e-06,fit
T7,0,out,3,3.7,5.48321769e-06,5.33762127e-06,fit
T7,0,out,3,3.75,5.49566213e-06,5.4841728e-06,fit
T7,0,out,3,3.8,5.50802493e-06,5.75177755e-06,fit
T7,0,out,3,3.85,5.52031292e-06,5.59466763e-06,fit
T7,0,out,3,3.9,5.53253239e-06,5.49143922e-06,fit
T7,0,out,3,3.95,5.54468914e-06,5.46647679e-06,fit
T7,0,out,3,4,5.55678853e-06,5.55770117e-06,fit
T7,0,out,3,4.05,5.5688355e-06,5.43285457e-06,fit
T7,0,out,3,4.1,5.5808346e-06,5.74984357e-06,fit
T7,0,out,3,4.15,5.59279005e-06,5.44527791e-06,fit
T7,0,out,3,4.2,5.60470574e-06,5.69831296e-06,fit
T7,0,out,3,4.25,5.61658529e-06,5.77484446e-06,fit
T7,0,out,3,4.3,5.62843203e-06,5.83644181e-06,fit
T7,0,out,3,4.35,5.64024906e-06,5.66249605e-06,fit
T7,0,out,3,4.4,5.65203922e-06,5.65935956e-06,fit
T7,0,out,3,4.45,5.66380519e-06,5.72767344e-06,fit
T7,0,out,3,4.5,5.67554943e-06,5.69908308e-06,fit
T7,0,out,3,4.55,5.68727422e-06,5.88854801e-06,fit
T7,0,out,3,4.6,5.69898169e-06,5.69223873e-06,fit
T7,0,out,3,4.65,5.71067381e-06,6.06413384e-06,fit
T7,0,out,3,4.7,5.72235242e-06,6.23849469e-06,fit
T7,0,out,3,4.75,5.73401923e-06,5.63583336e-06,fit
T7,0,out,3,4.8,5.74567583e-06,5.82902559e-06,fit
T7,0,out,3,4.85,5.7573237e-06,5.57255861e-06,fit
T7,0,out,3,4.9,5.76896422e-06,5.91375741e-06,fit
T7,0,out,3,4.95,5.78059869e-06,5.86591289e-06,fit
T7,0,out,3,5,5.79222829e-06,5.76683518e-06,fit
T7,0,out,3,5.05,5.80385416e-06,5.63564492e-06,fit
T7,0,out,3,5.1,5.81547734e-06,5.8317461e-06,fit
T7,0,out,3,5.15,5.82709881e-06,6.20275687e-06,fit
T7,0,out,3,5.2,5.83871949e-06,6.13986939e-06,fit
T7,0,out,3,5.25,5.85034024e-06,5.92969686e-06,fit
T7,0,out,3,5.3,5.86196185e-06,5.76462176e-06,fit
T7,0,out,3,5.35,5.87358507e-06,5.87948214e-06,fit
T7,0,out,3,5.4,5.88521062e-06,5.75462867e-06,fit
T7,0,out,3,5.45,5.89683915e-06,5.67060229e-06,fit
T7,0,out,3,5.5,5.90847128e-06,5.7502593e-06,fit
T7,0,out,3,5.55,5.9201076e-06,6.03842687e-06,fit
T7,0,out,3,5.6,5.93174864e-06,5.99497833e-06,fit
T7,0,out,3,5.65,5.94339493e-06,5.9832787e-06,fit
T7,0,out,3,5.7,5.95504693e-06,5.76758516e-06,fit
T7,0,out,3,5.75,5.96670512e-06,5.72531047e-06,fit
T7,0,out,3,5.8,5.97836991e-06,6.17051125e-06,fit
T7,0,out,3,5.85,5.9900417e-06,5.93203172e-06,fit
T7,0,out,3,5.9,6.00172088e-06,6.22716752e-06,fit
T7,0,out,3,5.95,6.0134078e-06,5.88620585e-06,fit
T7,0,out,3,6,6.0251028e-06,6.21178474e-06,fit
T7,0,out,4,-0,0,6.41249527e-15,fit
T7,0,out,4,0.05,3.88912871e-07,3.84262818e-07,fit
T7,0,out,4,0.1,7.72026523e-07,7.62886274e-07,fit
T7,0,out,4,0.15,1.1492313e-06,1.21891367e-06,fit
T7,0,out,4,0.2,1.52039655e-06,1.565247e-06,fit
T7,0,out,4,0.25,1.88537896e-06,1.87244847e-06,fit
T7,0,out,4,0.3,2.24402779e-06,2.2578016e-06,fit
T7,0,out,4,0.35,2.59618895e-06,2.48008445e-06,fit
T7,0,out,4,0.4,2.94170834e-06,3.10154794e-06,fit
T7,0,out,4,0.45,3.2804346e-06,3.42512312e-06,fit
T7,0,out,4,0.5,3.6122217e-06,3.5719902e-06,fit
T7,0,out,4,0.55,3.93693106e-06,3.99583518e-06,fit
T7,0,out,4,0.6,4.25443352e-06,3.91826582e-06,fit
T7,0,out,4,0.65,4.56461109e-06,4.70544772e-06,fit
T7,0,out,4,0.7,4.86735841e-06,4.94198873e-06,fit
T7,0,out,4,0.75,5.16258408e-06,5.20859867e-06,fit
T7,0,out,4,0.8,5.45021174e-06,5.59294436e-06,fit
T7,0,out,4,0.85,5.73018089e-06,5.78713239e-06,fit
T7,0,out,4,0.9,6.00244766e-06,5.83307811e-06,fit
T7,0,out,4,0.95,6.26698518e-06,6.14058714e-06,fit
T7,0,out,4,1,6.52378392e-06,6.49114765e-06,fit
T7,0,out,4,1.05,6.77285174e-06,6.96213313e-06,fit
T7,0,out,4,1.1,7.01421381e-06,7.0211667e-06,fit
T7,0,out,4,1.15,7.2479123e-06,7.10394173e-06,fit
T7,0,out,4,1.2,7.47400598e-06,7.55620278e-06,fit
T7,0,out,4,1.25,7.69256962e-06,7.41228935e-06,fit
T7,0,out,4,1.3,7.9036933e-06,8.41517967e-06,fit
T7,0,out,4,1.35,8.10748152e-06,8.18179243e-06,fit
T7,0,out,4,1.4,8.30405236e-06,8.06061035e-06,fit
T7,0,out,4,1.45,8.49353641e-06,8.53577607e-06,fit
T7,0,out,4,1.5,8.67607568e-06,8.96209681e-06,fit
T7,0,out,4,1.55,8.85182256e-06,8.99689381e-06,fit
T7,0,out,4,1.6,9.02093858e-06,9.59210538e-06,fit
T7,0,out,4,1.65,9.18359331e-06,8.79784965e-06,fit
T7,0,out,4,1.7,9.33996315e-06,9.79869088e-06,fit
T7,0,out,4,1.75,9.49023023e-06,9.48165016e-06,fit
T7,0,out,4,1.8,9.63458123e-06,9.89385672e-06,fit
T7,0,out,4,1.85,9.77320634e-06,1.02919715e-05,fit
T7,0,out,4,1.9,9.90629821e-06,9.5539456e-06,fit
T7,0,out,4,1.95,1.00340509e-05,9.61445966e-06,fit
T7,0,out,4,2,1.01566592e-05,1.00378575e-05,fit
T7,0,out,4,2.05,1.02743174e-05,9.7715536e-06,fit
T7,0,out,4,2.1,1.03872187e-05,9.77408303e-06,fit
T7,0,out,4,2.15,1.04955545e-05,1.05216612e-05,fit
T7,0,out,4,2.2,1.05995138e-05,1.09782525e-05,fit
T7,0,out,4,2.25,1.06992826e-05,1.05462108e-05,fit
T7,0,out,4,2.3,1.07950431e-05,1.09602827e-05,fit
T7,0,out,4,2.35,1.08869737e-05,1.21651917e-05,fit
T7,0,out,4,2.4,1.09752483e-05,1.10877344e-05,fit
T7,0,out,4,2.45,1.10600363e-05,1.09596018e-05,fit
T7,0,out,4,2.5,1.11415018e-05,1.1088506e-05,fit
T7,0,out,4,2.55,1.12198041e-05,1.13683178e-05,fit
T7,0,out,4,2.6,1.1295097e-05,1.12004642e-05,fit
T7,0,out,4,2.65,1.1367529e-05,1.16096952e-05,fit
T7,0,out,4,2.7,1.14372428e-05,1.15157305e-05,fit
T7,0,out,4,2.75,1.1504376e-05,1.18309261e-05,fit
T7,0,out,4,2.8,1.15690606e-05,1.16249193e-05,fit
T7,0,out,4,2.85,1.16314228e-05,1.16069468e-05,fit
T7,0,out,4,2.9,1.16915838e-05,1.13719098e-05,fit
T7,0,out,4,2.95,1.17496592e-05,1.12732248e-05,fit
T7,0,out,4,3,1.18057595e-05,1.17086269e-05,fit
T7,0,out,4,3.05,1.18599901e-05,1.17258805e-05,fit
T7,0,out,4,3.1,1.19124514e-05,1.20182289e-05,fit
T7,0,out,4,3.15,1.19632389e-05,1.19401259e-05,fit
T7,0,out,4,3.2,1.20124435e-05,1.18761372e-05,fit
T7,0,out,4,3.25,1.20601516e-05,1.29161327e-05,fit
T7,0,out,4,3.3,1.21064451e-05,1.2228073e-05,fit
T7,0,out,4,3.35,1.21514019e-05,1.26096017e-05,fit
T7,0,out,4,3.4,1.21950956e-05,1.18281937e-05,fit
T7,0,out,4,3.45,1.22375963e-05,1.26204241e-05,fit
T7,0,out,4,3.5,1.22789701e-05,1.27262619e-05,fit
T7,0,out,4,3.55,1.23192798e-05,1.24923939e-05,fit
T7,0,out,4,3.6,1.23585845e-05,1.2036777e-05,fit
T7,0,out,4,3.65,1.23969404e-05,1.28806628e-05,fit
T7,0,out,4,3.7,1.24344006e-05,1.21707983e-05,fit
T7,0,out,4,3.75,1.24710152e-05,1.19035013e-05,fit
T7,0,out,4,3.8,1.25068314e-05,1.19140723e-05,fit
T7,0,out,4,3.85,1.25418941e-05,1.25705792e-05,fit
T7,0,out,4,3.9,1.25762456e-05,1.23948965e-05,fit
T7,0,out,4,3.95,1.26099256e-05,1.29234613e-05,fit
T7,0,out,4,4,1.2642972e-05,1.29053513e-05,fit
T7,0,out,4,4.05,1.26754201e-05,1.32144265e-05,fit
T7,0,out,4,4.1,1.27073036e-05,1.28414357e-05,fit
T7,0,out,4,4.15,1.27386542e-05,1.27861486e-05,fit
T7,0,out,4,4.2,1.27695016e-05,1.27765963e-05,fit
T7,0,out,4,4.25,1.27998742e-05,1.25029144e-05,fit
T7,0,out,4,4.3,1.28297984e-05,1.251586e-05,fit
T7,0,out,4,4.35,1.28592995e-05,1.25827754e-05,fit
T7,0,out,4,4.4,1.2888401e-05,1.29822971e-05,fit
T7,0,out,4,4.45,1.29171253e-05,1.25934347e-05,fit
T7,0,out,4,4.5,1.29454935e-05,1.29134177e-05,fit
T7,0,out,4,4.55,1.29735256e-05,1.34051684e-05,fit
T7,0,out,4,4.6,1.30012401e-05,1.2097899e-05,fit
T7,0,out,4,4.65,1.3028655e-05,1.26886831e-05,fit
T7,0,out,4,4.7,1.30557868e-05,1.26695087e-05,fit
T7,0,out,4,4.75,1.30826515e-05,1.30758938e-05,fit
T7,0,out,4,4.8,1.31092638e-05,1.25291254e-05,fit
T7,0,out,4,4.85,1.31356379e-05,1.28682395e-05,fit
T7,0,out,4,4.9,1.31617871e-05,1.40973714e-05,fit
T7,0,out,4,4.95,1.31877238e-05,1.26482517e-05,fit
T7,0,out,4,5,1.321346e-05,1.31707078e-05,fit
T7,0,out,4,5.05,1.32390069e-05,1.33140395e-05,fit
T7,0,out,4,5.1,1.32643749e-05,1.31369902e-05,fit
T7,0,out,4,5.15,1.32895742e-05,1.28067941e-05,fit
T7,0,out,4,5.2,1.33146142e-05,1.37104688e-05,fit
T7,0,out,4,5.25,1.33395038e-05,1.25800404e-05,fit
T7,0,out,4,5.3,1.33642515e-05,1.2967379e-05,fit
T7,0,out,4,5.35,1.33888652e-05,1.32828429e-05,fit
T7,0,out,4,5.4,1.34133526e-05,1.31447129e-05,fit
T7,0,out,4,5.45,1.34377207e-05,1.39022325e-05,fit
T7,0,out,4,5.5,1.34619764e-05,1.33138566e-05,fit
T7,0,out,4,5.55,1.3486126e-05,1.42593073e-05,fit
T7,0,out,4,5.6,1.35101757e-05,1.34804226e-05,fit
T7,0,out,4,5.65,1.35341311e-05,1.41492611e-05,fit
T7,0,out,4,5.7,1.35579977e-05,1.37020664e-05,fit
T7,0,out,4,5.75,1.35817807e-05,1.34488826e-05,fit
T7,0,out,4,5.8,1.3605485e-05,1.34549318e-05,fit
T7,0,out,4,5.85,1.36291151e-05,1.40210871e-05,fit
T7,0,out,4,5.9,1.36526755e-05,1.3395407e-05,fit
T7,0,out,4,5.95,1.36761703e-05,1.36246075e-05,fit
T7,0,out,4,6,1.36996035e-05,1.33384289e-05,fit
T7,0,out,6,-0,0,1.03685271e-14,fit
T7,0,out,6,0.05,6.5742198e-07,6.66368281e-07,fit
T7,0,out,6,0.1,1.3096239e-06,1.33126601e-06,fit
T7,0,out,6,0.15,1.95654425e-06,1.88119899e-06,fit
T7,0,out,6,0.2,2.59811027e-06,2.62792221e-06,fit
T7,0,out,6,0.25,3.23424126e-06,3.20135292e-06,fit
T7,0,out,6,0.3,3.86485054e-06,3.63866553e-06,fit
T7,0,out,6,0.35,4.48984692e-06,4.35179021e-06,fit
T7,0,out,6,0.4,5.10913579e-06,5.19795051e-06,fit
T7,0,out,6,0.45,5.7226201e-06,5.88784981e-06,fit
T7,0,out,6,0.5,6.33020122e-06,6.38831432e-06,fit
T7,0,out,6,0.55,6.93177959e-06,7.5210622e-06,fit
T7,0,out,6,0.6,7.52725548e-06,7.58840894e-06,fit
T7,0,out,6,0.65,8.11652952e-06,7.91556024e-06,fit
T7,0,out,6,0.7,8.69950329e-06,8.30129885e-06,fit
T7,0,out,6,0.75,9.27607987e-06,9.68165649e-06,fit
T7,0,out,6,0.8,9.84616427e-06,9.68545635e-06,fit
T7,0,out,6,0.85,1.04096639e-05,1.02706191e-05,fit
T7,0,out,6,0.9,1.09664891e-05,1.06761646e-05,fit
T7,0,out,6,0.95,1.15165532e-05,1.12139477e-05,fit
T7,0,out,6,1,1.20597735e-05,1.19055155e-05,fit
T7,0,out,6,1.05,1.25960709e-05,1.27506977e-05,fit
T7,0,out,6,1.1,1.31253708e-05,1.33219027e-05,fit
T7,0,out,6,1.15,1.3647603e-05,1.37721027e-05,fit
T7,0,out,6,1.2,1.41627022e-05,1.45545348e-05,fit
T7,0,out,6,1.25,1.46706082e-05,1.44387786e-05,fit
T7,0,out,6,1.3,1.5171266e-05,1.46942908e-05,fit
T7,0,out,6,1.35,1.56646261e-05,1.56241707e-05,fit
T7,0,out,6,1.4,1.61506447e-05,1.51644796e-05,fit
T7,0,out,6,1.45,1.66292838e-05,1.70500669e-05,fit
T7,0,out,6,1.5,1.71005112e-05,1.73553654e-05,fit
T7,0,out,6,1.55,1.75643007e-05,1.78380401e-05,fit
T7,0,out,6,1.6,1.80206324e-05,1.74306604e-05,fit
T7,0,out,6,1.65,1.84694923e-05,1.81865899e-05,fit
T7,0,out,6,1.7,1.89108726e-05,1.8914462e-05,fit
T7,0,out,6,1.75,1.93447717e-05,1.87537767e-05,fit
T7,0,out,6,1.8,1.9771194e-05,1.9121897e-05,fit
T7,0,out,6,1.85,2.01901501e-05,2.00527655e-05,fit
T7,0,out,6,1.9,2.06016566e-05,2.06845899e-05,fit
T7,0,out,6,1.95,2.1005736e-05,2.05785279e-05,fit
T7,0,out,6,2,2.14024166e-05,2.2067732e-05,fit
T7,0,out,6,2.05,2.17917327e-05,2.32889967e-05,fit
T7,0,out,6,2.1,2.21737237e-05,2.25547628e-05,fit
T7,0,out,6,2.15,2.25484349e-05,2.24152752e-05,fit
T7,0,out,6,2.2,2.29159166e-05,2.26857935e-05,fit
T7,0,out,6,2.25,2.32762243e-05,2.44264437e-05,fit
T7,0,out,6,2.3,2.36294183e-05,2.38404192e-05,fit
T7,0,out,6,2.35,2.39755637e-05,2.44131772e-05,fit
T7,0,out,6,2.4,2.43147302e-05,2.44732093e-05,fit
T7,0,out,6,2.45,2.46469914e-05,2.42212493e-05,fit
T7,0,out,6,2.5,2.49724255e-05,2.6133568e-05,fit
T7,0,out,6,2.55,2.5291114e-05,2.51012141e-05,fit
T7,0,out,6,2.6,2.56031423e-05,2.57147039e-05,fit
T7,0,out,6,2.65,2.59085991e-05,2.42784383e-05,fit
T7,0,out,6,2.7,2.62075762e-05,2.79694939e-05,fit
T7,0,out,6,2.75,2.65001682e-05,2.71029084e-05,fit
T7,0,out,6,2.8,2.67864726e-05,2.67011771e-05,fit
T7,0,out,6,2.85,2.70665889e-05,2.64192312e-05,fit
T7,0,out,6,2.9,2.7340619e-05,2.683037e-05,fit
T7,0,out,6,2.95,2.76086668e-05,2.62141652e-05,fit
T7,0,out,6,3,2.78708378e-05,2.82568914e-05,fit
T7,0,out,6,3.05,2.81272389e-05,2.73858468e-05,fit
T7,0,out,6,3.1,2.83779783e-05,2.87346908e-05,fit
T7,0,out,6,3.15,2.86231653e-05,2.90058655e-05,fit
T7,0,out,6,3.2,2.88629101e-05,3.05730226e-05,fit
T7,0,out,6,3.25,2.90973233e-05,2.92786023e-05,fit
T7,0,out,6,3.3,2.9326516e-05,2.95827764e-05,fit
T7,0,out,6,3.35,2.95505998e-05,2.9997002e-05,fit
T7,0,out,6,3.4,2.97696861e-05,2.9214639e-05,fit
T7,0,out,6,3.45,2.99838862e-05,2.97618822e-05,fit
T7,0,out,6,3.5,3.01933113e-05,3.04926797e-05,fit
T7,0,out,6,3.55,3.03980721e-05,3.14835293e-05,fit
T7,0,out,6,3.6,3.05982787e-05,3.13026611e-05,fit
T7,0,out,6,3.65,3.07940405e-05,3.05584287e-05,fit
T7,0,out,6,3.7,3.09854662e-05,3.21625153e-05,fit
T7,0,out,6,3.75,3.11726635e-05,3.08394015e-05,fit
T7,0,out,6,3.8,3.1355739e-05,2.99697505e-05,fit
T7,0,out,6,3.85,3.1534798e-05,3.30864951e-05,fit
T7,0,out,6,3.9,3.17099449e-05,3.17610243e-05,fit
T7,0,out,6,3.95,3.18812825e-05,3.14794903e-05,fit
T7,0,out,6,4,3.20489122e-05,3.09443911e-05,fit
T7,0,out,6,4.05,3.2212934e-05,3.18349479e-05,fit
T7,0,out,6,4.1,3.23734463e-05,3.41121336e-05,fit
T7,0,out,6,4.15,3.25305459e-05,3.25269421e-05,fit
T7,0,out,6,4.2,3.26843279e-05,3.50104945e-05,fit
T7,0,out,6,4.25,3.28348857e-05,3.29256826e-05,fit
T7,0,out,6,4.3,3.2982311e-05,3.41969089e-05,fit
T7,0,out,6,4.35,3.31266936e-05,3.32322015e-05,fit
T7,0,out,6,4.4,3.32681218e-05,3.28850069e-05,fit
T7,0,out,6,4.45,3.34066816e-05,3.30532204e-05,fit
T7,0,out,6,4.5,3.35424577e-05,3.33495874e-05,fit
T7,0,out,6,4.55,3.36755325e-05,3.25456125e-05,fit
T7,0,out,6,4.6,3.38059868e-05,3.26416e-05,fit
T7,0,out,6,4.65,3.39338995e-05,3.43860079e-05,fit
T7,0,out,6,4.7,3.40593474e-05,3.54477299e-05,fit
T7,0,out,6,4.75,3.41824059e-05,3.44299417e-05,fit
T7,0,out,6,4.8,3.43031481e-05,3.44407081e-05,fit
T7,0,out,6,4.85,3.44216456e-05,3.35736695e-05,fit
T7,0,out,6,4.9,3.4537968e-05,3.58295428e-05,fit
T7,0,out,6,4.95,3.46521831e-05,3.58609606e-05,fit
T7,0,out,6,5,3.4764357e-05,3.36580657e-05,fit
T7,0,out,6,5.05,3.48745539e-05,3.5042572e-05,fit
T7,0,out,6,5.1,3.49828363e-05,3.47264264e-05,fit
T7,0,out,6,5.15,3.50892652e-05,3.36343342e-05,fit
T7,0,out,6,5.2,3.51938997e-05,3.70445362e-05,fit
T7,0,out,6,5.25,3.52967971e-05,3.6680147e-05,fit
T7,0,out,6,5.3,3.53980133e-05,3.58394421e-05,fit
T7,0,out,6,5.35,3.54976026e-05,3.71474993e-05,fit
T7,0,out,6,5.4,3.55956175e-05,3.51524513e-05,fit
T7,0,out,6,5.45,3.56921093e-05,3.60941351e-05,fit
T7,0,out,6,5.5,3.57871273e-05,3.73798293e-05,fit
T7,0,out,6,5.55,3.58807198e-05,3.56658953e-05,fit
T7,0,out,6,5.6,3.59729334e-05,3.64076101e-05,fit
T7,0,out,6,5.65,3.60638134e-05,3.51265546e-05,fit
T7,0,out,6,5.7,3.61534035e-05,3.69725432e-05,fit
T7,0,out,6,5.75,3.62417463e-05,3.7634782e-05,fit
T7,0,out,6,5.8,3.63288829e-05,3.5369383e-05,fit
T7,0,out,6,5.85,3.64148534e-05,3.5651327e-05,fit
T7,0,out,6,5.9,3.64996962e-05,3.65133015e-05,fit
T7,0,out,6,5.95,3.65834489e-05,3.82508755e-05,fit
T7,0,out,6,6,3.66661477e-05,3.6190333e-05,fit
T8,0,out,2,-0,0,1.03454954e-15,fit
T8,0,out,2,0.05,9.51039549e-08,9.49986205e-08,fit
T8,0,out,2,0.1,1.84374006e-07,1.91201868e-07,fit
T8,0,out,2,0.15,2.67394498e-07,2.55857723e-07,fit
T8,0,out,2,0.2,3.43777296e-07,3.42667721e-07,fit
T8,0,out,2,0.25,4.1324675e-07,4.30647807e-07,fit
T8,0,out,2,0.3,4.7568942e-07,4.76063789e-07,fit
T8,0,out,2,0.35,5.31175164e-07,5.27541204e-07,fit
T8,0,out,2,0.4,5.79952596e-07,5.96020587e-07,fit
T8,0,out,2,0.45,6.22423997e-07,6.01100929e-07,fit
T8,0,out,2,0.5,6.59106897e-07,7.02177043e-07,fit
T8,0,out,2,0.55,6.90590306e-07,7.01614233e-07,fit
T8,0,out,2,0.6,7.17492563e-07,7.10205655e-07,fit
T8,0,out,2,0.65,7.40425729e-07,7.43184666e-07,fit
T8,0,out,2,0.7,7.59968949e-07,7.59312179e-07,fit
T8,0,out,2,0.75,7.76651158e-07,7.70657744e-07,fit
T8,0,out,2,0.8,7.9094202e-07,7.63012871e-07,fit
T8,0,out,2,0.85,8.0324933e-07,7.97932083e-07,fit
T8,0,out,2,0.9,8.1392092e-07,7.73394348e-07,fit
T8,0,out,2,0.95,8.23249371e-07,8.58517985e-07,fit
T8,0,out,2,1,8.31478136e-07,8.04120718e-07,fit
T8,0,out,2,1.05,8.38808144e-07,8.20764676e-07,fit
T8,0,out,2,1.1,8.45404223e-07,8.2563318e-07,fit
T8,0,out,2,1.15,8.51401023e-07,8.7022336e-07,fit
T8,0,out,2,1.2,8.56908234e-07,8.51914622e-07,fit
T8,0,out,2,1.25,8.62015077e-07,9.00100086e-07,fit
T8,0,out,2,1.3,8.66794081e-07,8.55006754e-07,fit
T8,0,out,2,1.35,8.71304226e-07,8.75278685e-07,fit
T8,0,out,2,1.4,8.75593516e-07,8.73905339e-07,fit
T8,0,out,2,1.45,8.79701074e-07,8.70791015e-07,fit
T8,0,out,2,1.5,8.83658853e-07,9.13830018e-07,fit
T8,0,out,2,1.55,8.87492997e-07,9.20908824e-07,fit
T8,0,out,2,1.6,8.91224958e-07,9.27094125e-07,fit
T8,0,out,2,1.65,8.94872381e-07,8.58460148e-07,fit
T8,0,out,2,1.7,8.9844982e-07,9.07900656e-07,fit
T8,0,out,2,1.75,9.01969314e-07,8.72034405e-07,fit
T8,0,out,2,1.8,9.05440855e-07,8.74628919e-07,fit
T8,0,out,2,1.85,9.08872756e-07,8.60923484e-07,fit
T8,0,out,2,1.9,9.12271957e-07,8.86719164e-07,fit
T8,0,out,2,1.95,9.1564427e-07,9.32196573e-07,fit
T8,0,out,2,2,9.18994575e-07,9.58222702e-07,fit
T8,0,out,2,2.05,9.22326985e-07,9.71652723e-07,fit
T8,0,out,2,2.1,9.25644973e-07,9.00746703e-07,fit
T8,0,out,2,2.15,9.28951485e-07,9.11696502e-07,fit
T8,0,out,2,2.2,9.32249021e-07,9.38811128e-07,fit
T8,0,out,2,2.25,9.35539716e-07,9.39657089e-07,fit
T8,0,out,2,2.3,9.38825393e-07,9.44952346e-07,fit
T8,0,out,2,2.35,9.42107616e-07,8.93766174e-07,fit
T8,0,out,2,2.4,9.45387727e-07,9.39964793e-07,fit
T8,0,out,2,2.45,9.48666886e-07,9.6535051e-07,fit
T8,0,out,2,2.5,9.51946092e-07,9.59478855e-07,fit
T8,0,out,2,2.55,9.55226214e-07,9.51745329e-07,fit
T8,0,out,2,2.6,9.58508004e-07,9.37790951e-07,fit
T8,0,out,2,2.65,9.6179212e-07,9.59027154e-07,fit
T8,0,out,2,2.7,9.65079133e-07,1.01247443e-06,fit
T8,0,out,2,2.75,9.68369545e-07,9.83005162e-07,fit
T8,0,out,2,2.8,9.71663796e-07,1.00278296e-06,fit
T8,0,out,2,2.85,9.74962274e-07,1.02467407e-06,fit
T8,0,out,2,2.9,9.78265318e-07,9.46720712e-07,fit
T8,0,out,2,2.95,9.81573231e-07,1.00136578e-06,fit
T8,0,out,2,3,9.84886279e-07,9.9844898e-07,fit
T8,0,out,2,3.05,9.882047e-07,1.02810655e-06,fit
T8,0,out,2,3.1,9.91528704e-07,9.8410063e-07,fit
T8,0,out,2,3.15,9.9485848e-07,9.88043024e-07,fit
T8,0,out,2,3.2,9.98194195e-07,9.78293771e-07,fit
T8,0,out,2,3.25,1.001536e-06,1.00652703e-06,fit
T8,0,out,2,3.3,1.00488403e-06,9.95889492e-07,fit
T8,0,out,2,3.35,1.00823841e-06,1.00295773e-06,fit
T8,0,out,2,3.4,1.01159925e-06,1.02106116e-06,fit
T8,0,out,2,3.45,1.01496664e-06,1.00272037e-06,fit
T8,0,out,2,3.5,1.01834067e-06,9.89587028e-07,fit
T8,0,out,2,3.55,1.02172144e-06,1.00840528e-06,fit
T8,0,out,2,3.6,1.02510901e-06,1.00749443e-06,fit
T8,0,out,2,3.65,1.02850345e-06,1.04081235e-06,fit
T8,0,out,2,3.7,1.03190482e-06,1.07022162e-06,fit
T8,0,out,2,3.75,1.03531318e-06,1.02377343e-06,fit
T8,0,out,2,3.8,1.03872859e-06,9.64219129e-07,fit
T8,0,out,2,3.85,1.04215108e-06,1.05951638e-06,fit
T8,0,out,2,3.9,1.04558071e-06,1.04256264e-06,fit
T8,0,out,2,3.95,1.04901751e-06,1.01870628e-06,fit
T8,0,out,2,4,1.05246153e-06,1.04345037e-06,fit
T8,0,out,2,4.05,1.0559128e-06,1.11521327e-06,fit
T8,0,out,2,4.1,1.05937135e-06,1.01183647e-06,fit
T8,0,out,2,4.15,1.06283722e-06,1.02520847e-06,fit
T8,0,out,2,4.2,1.06631043e-06,1.06307526e-06,fit
T8,0,out,2,4.25,1.06979101e-06,9.731385e-07,fit
T8,0,out,2,4.3,1.07327899e-06,1.05723271e-06,fit
T8,0,out,2,4.35,1.07677439e-06,1.10732527e-06,fit
T8,0,out,2,4.4,1.08027723e-06,1.09660521e-06,fit
T8,0,out,2,4.45,1.08378753e-06,1.09461904e-06,fit
T8,0,out,2,4.5,1.08730533e-06,1.0749901e-06,fit
T8,0,out,2,4.55,1.09083063e-06,1.08417015e-06,fit
T8,0,out,2,4.6,1.09436345e-06,1.18670191e-06,fit
T8,0,out,2,4.65,1.09790382e-06,1.10425069e-06,fit
T8,0,out,2,4.7,1.10145175e-06,1.1454727e-06,fit
T8,0,out,2,4.75,1.10500725e-06,1.06283022e-06,fit
T8,0,out,2,4.8,1.10857035e-06,1.11541076e-06,fit
T8,0,out,2,4.85,1.11214105e-06,1.12292427e-06,fit
T8,0,out,2,4.9,1.11571938e-06,1.11950525e-06,fit
T8,0,out,2,4.95,1.11930535e-06,1.04747025e-06,fit
T8,0,out,2,5,1.12289896e-06,1.10743186e-06,fit
T8,0,out,2,5.05,1.12650024e-06,1.17539348e-06,fit
T8,0,out,2,5.1,1.1301092e-06,1.14763009e-06,fit
T8,0,out,2,5.15,1.13372585e-06,1.10610502e-06,fit
T8,0,out,2,5.2,1.13735021e-06,1.16620157e-06,fit
T8,0,out,2,5.25,1.14098228e-06,1.077209e-06,fit
T8,0,out,2,5.3,1.14462208e-06,1.16341837e-06,fit
T8,0,out,2,5.35,1.14826962e-06,1.15882869e-06,fit
T8,0,out,2,5.4,1.1519249e-06,1.12949389e-06,fit
T8,0,out,2,5.45,1.15558796e-06,1.11935163e-06,fit
T8,0,out,2,5.5,1.15925878e-06,1.1014374e-06,fit
T8,0,out,2,5.55,1.16293739e-06,1.15373751e-06,fit
T8,0,out,2,5.6,1.16662379e-06,1.22730124e-06,fit
T8,0,out,2,5.65,1.170318e-06,1.19949018e-06,fit
T8,0,out,2,5.7,1.17402003e-06,1.18703066e-06,fit
T8,0,out,2,5.75,1.17772988e-06,1.20930619e-06,fit
T8,0,out,2,5.8,1.18144758e-06,1.1591417e-06,fit
T8,0,out,2,5.85,1.18517311e-06,1.20251364e-06,fit
T8,0,out,2,5.9,1.18890651e-06,1.08787665e-06,fit
T8,0,out,2,5.95,1.19264777e-06,1.17359626e-06,fit
T8,0,out,2,6,1.19639691e-06,1.17755749e-06,fit
T8,0,out,3,-0,0,4.30095708e-15,fit
T8,0,out,3,0.05,2.31179681e-07,2.29633438e-07,fit
T8,0,out,3,0.1,4.56541901e-07,4.63930528e-07,fit
T8,0,out,3,0.15,6.75906166e-07,6.62314984e-07,fit
T8,0,out,3,0.2,8.89063048e-07,9.12526624e-07,fit
T8,0,out,3,0.25,1.09579296e-06,1.08577266e-06,fit
T8,0,out,3,0.3,1.29587889e-06,1.32792827e-06,fit
T8,0,out,3,0.35,1.48911635e-06,1.49165235e-06,fit
T8,0,out,3,0.4,1.67532146e-06,1.71545106e-06,fit
T8,0,out,3,0.45,1.85433757e-06,1.87670824e-06,fit
T8,0,out,3,0.5,2.02604054e-06,1.985957e-06,fit
T8,0,out,3,0.55,2.19034274e-06,2.19834126e-06,fit
T8,0,out,3,0.6,2.3471958e-06,2.25271553e-06,fit
T8,0,out,3,0.65,2.49659217e-06,2.49526001e-06,fit
T8,0,out,3,0.7,2.63856547e-06,2.66330095e-06,fit
T8,0,out,3,0.75,2.77318976e-06,2.74466164e-06,fit
T8,0,out,3,0.8,2.90057788e-06,2.88027509e-06,fit
T8,0,out,3,0.85,3.02087886e-06,3.10465217e-06,fit
T8,0,out,3,0.9,3.13427473e-06,3.2428659e-06,fit
T8,0,out,3,0.95,3.24097666e-06,3.37484077e-06,fit
T8,0,out,3,1,3.34122088e-06,3.27767998e-06,fit
T8,0,out,3,1.05,3.43526429e-06,3.3846026e-06,fit
T8,0,out,3,1.1,3.52338005e-06,3.60051477e-06,fit
T8,0,out,3,1.15,3.60585322e-06,3.69578595e-06,fit
T8,0,out,3,1.2,3.68297668e-06,3.47997331e-06,fit
T8,0,out,3,1.25,3.75504719e-06,3.97614201e-06,fit
T8,0,out,3,1.3,3.82236196e-06,3.94917957e-06,fit
T8,0,out,3,1.35,3.88521549e-06,3.73542896e-06,fit
T8,0,out,3,1.4,3.94389691e-06,4.0751425e-06,fit
T8,0,out,3,1.45,3.99868772e-06,3.94178977e-06,fit
T8,0,out,3,1.5,4.04985993e-06,4.02799317e-06,fit
T8,0,out,3,1.55,4.09767465e-06,3.97197698e-06,fit
T8,0,out,3,1.6,4.14238099e-06,4.03534406e-06,fit
T8,0,out,3,1.65,4.18421532e-06,4.12961205e-06,fit
T8,0,out,3,1.7,4.22340085e-06,4.22827307e-06,fit
T8,0,out,3,1.75,4.26014738e-06,4.11460127e-06,fit
T8,0,out,3,1.8,4.29465138e-06,4.27961666e-06,fit
T8,0,out,3,1.85,4.32709613e-06,4.22994023e-06,fit
T8,0,out,3,1.9,4.35765207e-06,4.28307621e-06,fit
T8,0,out,3,1.95,4.38647727e-06,4.26551132e-06,fit
T8,0,out,3,2,4.41371791e-06,4.32553529e-06,fit
T8,0,out,3,2.05,4.43950889e-06,4.65129838e-06,fit
T8,0,out,3,2.1,4.46397446e-06,4.24676017e-06,fit
T8,0,out,3,2.15,4.48722881e-06,4.30762156e-06,fit
T8,0,out,3,2.2,4.50937678e-06,4.49357898e-06,fit
T8,0,out,3,2.25,4.53051445e-06,4.45678281e-06,fit
T8,0,out,3,2.3,4.55072978e-06,4.40308282e-06,fit
T8,0,out,3,2.35,4.57010323e-06,4.61923376e-06,fit
T8,0,out,3,2.4,4.58870831e-06,4.42375994e-06,fit
T8,0,out,3,2.45,4.60661215e-06,4.59889314e-06,fit
T8,0,out,3,2.5,4.62387601e-06,4.75018427e-06,fit
T8,0,out,3,2.55,4.64055579e-06,4.7124846e-06,fit
T8,0,out,3,2.6,4.65670243e-06,4.60936875e-06,fit
T8,0,out,3,2.65,4.67236241e-06,4.66553084e-06,fit
T8,0,out,3,2.7,4.68757805e-06,4.70437598e-06,fit
T8,0,out,3,2.75,4.70238795e-06,4.78037849e-06,fit
T8,0,out,3,2.8,4.71682729e-06,4.57650268e-06,fit
T8,0,out,3,2.85,4.73092812e-06,4.90634782e-06,fit
T8,0,out,3,2.9,4.74471966e-06,4.84524169e-06,fit
T8,0,out,3,2.95,4.75822856e-06,5.02365944e-06,fit
T8,0,out,3,3,4.77147911e-06,4.88558131e-06,fit
T8,0,out,3,3.05,4.78449348e-06,4.92634232e-06,fit
T8,0,out,3,3.1,4.79729188e-06,4.38411444e-06,fit
T8,0,out,3,3.15,4.80989279e-06,4.73897106e-06,fit
T8,0,out,3,3.2,4.82231305e-06,5.09115231e-06,fit
T8,0,out,3,3.25,4.83456806e-06,4.88286105e-06,fit
T8,0,out,3,3.3,4.84667191e-06,4.77342872e-06,fit
T8,0,out,3,3.35,4.85863745e-06,4.95310907e-06,fit
T8,0,out,3,3.4,4.87047647e-06,4.87567065e-06,fit
T8,0,out,3,3.45,4.88219974e-06,4.9334269e-06,fit
T8,0,out,3,3.5,4.89381713e-06,4.78163982e-06,fit
T8,0,out,3,3.55,4.90533768e-06,4.97578038e-06,fit
T8,0,out,3,3.6,4.91676968e-06,5.13787102e-06,fit
T8,0,out,3,3.65,4.92812075e-06,4.95617891e-06,fit
T8,0,out,3,3.7,4.93939785e-06,4.99780699e-06,fit
T8,0,out,3,3.75,4.95060742e-06,4.84031857e-06,fit
T8,0,out,3,3.8,4.96175532e-06,5.02655625e-06,fit
T8,0,out,3,3.85,4.97284699e-06,4.90461559e-06,fit
T8,0,out,3,3.9,4.98388742e-06,4.77729528e-06,fit
T8,0,out,3,3.95,4.99488118e-06,4.92464002e-06,fit
T8,0,out,3,4,5.00583251e-06,4.96253571e-06,fit
T8,0,out,3,4.05,5.01674531e-06,5.09338683e-06,fit
T8,0,out,3,4.1,5.02762316e-06,5.16496306e-06,fit
T8,0,out,3,4.15,5.0384694e-06,4.99994745e-06,fit
T8,0,out,3,4.2,5.04928708e-06,4.98640415e-06,fit
T8,0,out,3,4.25,5.06007903e-06,5.1493041e-06,fit
T8,0,out,3,4.3,5.07084788e-06,4.92673521e-06,fit
T8,0,out,3,4.35,5.08159605e-06,5.0218208e-06,fit
T8,0,out,3,4.4,5.09232577e-06,5.04727279e-06,fit
T8,0,out,3,4.45,5.10303913e-06,5.06878307e-06,fit
T8,0,out,3,4.5,5.11373806e-06,5.01417049e-06,fit
T8,0,out,3,4.55,5.12442433e-06,5.37193572e-06,fit
T8,0,out,3,4.6,5.13509962e-06,5.27574883e-06,fit
T8,0,out,3,4.65,5.14576545e-06,5.11094272e-06,fit
T8,0,out,3,4.7,5.15642326e-06,4.93028661e-06,fit
T8,0,out,3,4.75,5.16707438e-06,5.08053788e-06,fit
T8,0,out,3,4.8,5.17772004e-06,5.26149399e-06,fit
T8,0,out,3,4.85,5.18836141e-06,4.88479802e-06,fit
T8,0,out,3,4.9,5.19899954e-06,5.59233702e-06,fit
T8,0,out,3,4.95,5.20963545e-06,5.18877634e-06,fit
T8,0,out,3,5,5.22027007e-06,5.20340844e-06,fit
T8,0,out,3,5.05,5.23090426e-06,5.32281004e-06,fit
T8,0,out,3,5.1,5.24153884e-06,5.01313675e-06,fit
T8,0,out,3,5.15,5.25217456e-06,5.25389488e-06,fit
T8,0,out,3,5.2,5.26281215e-06,5.25320074e-06,fit
T8,0,out,3,5.25,5.27345225e-06,5.37880029e-06,fit
T8,0,out,3,5.3,5.2840955e-06,5.11781327e-06,fit
T8,0,out,3,5.35,5.29474247e-06,5.38677605e-06,fit
T8,0,out,3,5.4,5.3053937e-06,5.49009752e-06,fit
T8,0,out,3,5.45,5.31604972e-06,5.35527665e-06,fit
T8,0,out,3,5.5,5.32671099e-06,5.23242114e-06,fit
T8,0,out,3,5.55,5.33737797e-06,5.19493684e-06,fit
T8,0,out,3,5.6,5.34805108e-06,5.06219174e-06,fit
T8,0,out,3,5.65,5.35873071e-06,5.25922791e-06,fit
T8,0,out,3,5.7,5.36941724e-06,5.44301919e-06,fit
T8,0,out,3,5.75,5.38011102e-06,5.61986747e-06,fit
T8,0,out,3,5.8,5.39081238e-06,5.5530889e-06,fit
T8,0,out,3,5.85,5.40152162e-06,5.59168163e-06,fit
T8,0,out,3,5.9,5.41223904e-06,5.32795551e-06,fit
T8,0,out,3,5.95,5.42296493e-06,5.34541135e-06,fit
T8,0,out,3,6,5.43369952e-06,5.18105215e-06,fit
T8,0,out,4,-0,0,4.40591969e-15,fit
T8,0,out,4,0.05,3.67694148e-07,3.5487569e-07,fit
T8,0,out,4,0.1,7.29749908e-07,7.23241797e-07,fit
T8,0,out,4,0.15,1.08605799e-06,1.10667884e-06,fit
T8,0,out,4,0.2,1.43648824e-06,1.42932446e-06,fit
T8,0,out,4,0.25,1.78089807e-06,1.76082029e-06,fit
T8,0,out,4,0.3,2.11913781e-06,2.16036721e-06,fit
T8,0,out,4,0.35,2.45105484e-06,2.5615057e-06,fit
T8,0,out,4,0.4,2.77649696e-06,2.86423967e-06,fit
T8,0,out,4,0.45,3.09531527e-06,2.93726781e-06,fit
T8,0,out,4,0.5,3.4073667e-06,3.58587482e-06,fit
T8,0,out,4,0.55,3.71251628e-06,3.6587087e-06,fit
T8,0,out,4,0.6,4.01063905e-06,3.83528799e-06,fit
T8,0,out,4,0.65,4.30162187e-06,4.24979244e-06,fit
T8,0,out,4,0.7,4.58536485e-06,4.71919974e-06,fit
T8,0,out,4,0.75,4.86178267e-06,4.48203071e-06,fit
T8,0,out,4,0.8,5.13080564e-06,5.32982481e-06,fit
T8,0,out,4,0.85,5.39238049e-06,5.42107558e-06,fit
T8,0,out,4,0.9,5.64647103e-06,5.73532105e-06,fit
T8,0,out,4,0.95,5.89305856e-06,5.64802085e-06,fit
T8,0,out,4,1,6.132142e-06,6.02320421e-06,fit
T8,0,out,4,1.05,6.36373798e-06,6.1421909e-06,fit
T8,0,out,4,1.1,6.58788054e-06,6.81657515e-06,fit
T8,0,out,4,1.15,6.80462085e-06,6.63907329e-06,fit
T8,0,out,4,1.2,7.01402662e-06,7.0846428e-06,fit
T8,0,out,4,1.25,7.21618142e-06,7.06555196e-06,fit
T8,0,out,4,1.3,7.41118387e-06,7.04071151e-06,fit
T8,0,out,4,1.35,7.59914672e-06,7.79349038e-06,fit
T8,0,out,4,1.4,7.78019581e-06,8.0535007e-06,fit
T8,0,out,4,1.45,7.95446897e-06,8.31325048e-06,fit
T8,0,out,4,1.5,8.12211489e-06,7.97728164e-06,fit
T8,0,out,4,1.55,8.28329191e-06,8.28473312e-06,fit
T8,0,out,4,1.6,8.43816679e-06,8.60520136e-06,fit
T8,0,out,4,1.65,8.58691355e-06,8.66214119e-06,fit
T8,0,out,4,1.7,8.72971221e-06,8.7744857e-06,fit
T8,0,out,4,1.75,8.86674765e-06,9.50061099e-06,fit
T8,0,out,4,1.8,8.99820846e-06,8.87391624e-06,fit
T8,0,out,4,1.85,9.12428585e-06,9.35848382e-06,fit
T8,0,out,4,1.9,9.24517261e-06,9.08633843e-06,fit
T8,0,out,4,1.95,9.36106217e-06,9.75751758e-06,fit
T8,0,out,4,2,9.47214767e-06,9.3865304e-06,fit
T8,0,out,4,2.05,9.57862113e-06,9.28727668e-06,fit
T8,0,out,4,2.1,9.68067273e-06,9.89025943e-06,fit
T8,0,out,4,2.15,9.77849011e-06,9.78178029e-06,fit
T8,0,out,4,2.2,9.87225777e-06,9.74770612e-06,fit
T8,0,out,4,2.25,9.96215655e-06,9.88358615e-06,fit
T8,0,out,4,2.3,1.00483632e-05,9.85127599e-06,fit
T8,0,out,4,2.35,1.01310498e-05,1.02780936e-05,fit
T8,0,out,4,2.4,1.0210384e-05,1.0300041e-05,fit
T8,0,out,4,2.45,1.02865278e-05,1.08027393e-05,fit
T8,0,out,4,2.5,1.03596385e-05,1.01376718e-05,fit
T8,0,out,4,2.55,1.04298675e-05,1.0876602e-05,fit
T8,0,out,4,2.6,1.04973609e-05,1.06614042e-05,fit
T8,0,out,4,2.65,1.05622592e-05,1.01110441e-05,fit
T8,0,out,4,2.7,1.06246972e-05,1.11033904e-05,fit
T8,0,out,4,2.75,1.06848041e-05,1.01179816e-05,fit
T8,0,out,4,2.8,1.07427036e-05,1.08969381e-05,fit
T8,0,out,4,2.85,1.07985139e-05,1.01988334e-05,fit
T8,0,out,4,2.9,1.08523478e-05,1.09312553e-05,fit
T8,0,out,4,2.95,1.09043129e-05,1.07726626e-05,fit
T8,0,out,4,3,1.09545116e-05,1.08553829e-05,fit
T8,0,out,4,3.05,1.10030412e-05,1.03777797e-05,fit
T8,0,out,4,3.1,1.10499944e-05,1.07897102e-05,fit
T8,0,out,4,3.15,1.10954589e-05,1.14905981e-05,fit
T8,0,out,4,3.2,1.11395182e-05,1.13458077e-05,fit
T8,0,out,4,3.25,1.11822513e-05,1.11562462e-05,fit
T8,0,out,4,3.3,1.1223733e-05,1.11779742e-05,fit
T8,0,out,4,3.35,1.12640341e-05,1.10451638e-05,fit
T8,0,out,4,3.4,1.13032218e-05,1.18084809e-05,fit
T8,0,out,4,3.45,1.13413592e-05,1.13325815e-05,fit
T8,0,out,4,3.5,1.13785064e-05,1.17626005e-05,fit
T8,0,out,4,3.55,1.14147199e-05,1.0920335e-05,fit
T8,0,out,4,3.6,1.14500532e-05,1.09335637e-05,fit
T8,0,out,4,3.65,1.14845565e-05,1.1975303e-05,fit
T8,0,out,4,3.7,1.15182776e-05,1.12263818e-05,fit
T8,0,out,4,3.75,1.15512613e-05,1.14941346e-05,fit
T8,0,out,4,3.8,1.15835499e-05,1.1763714e-05,fit
T8,0,out,4,3.85,1.16151833e-05,1.1956614e-05,fit
T8,0,out,4,3.9,1.16461992e-05,1.18861137e-05,fit
T8,0,out,4,3.95,1.16766331e-05,1.18893717e-05,fit
T8,0,out,4,4,1.17065182e-05,1.23120869e-05,fit
T8,0,out,4,4.05,1.17358862e-05,1.18445338e-05,fit
T8,0,out,4,4.1,1.17647666e-05,1.21099839e-05,fit
T8,0,out,4,4.15,1.17931876e-05,1.18267258e-05,fit
T8,0,out,4,4.2,1.18211753e-05,1.18975928e-05,fit
T8,0,out,4,4.25,1.18487547e-05,1.2568043e-05,fit
T8,0,out,4,4.3,1.1875949e-05,1.18031729e-05,fit
T8,0,out,4,4.35,1.19027804e-05,1.10429982e-05,fit
T8,0,out,4,4.4,1.19292695e-05,1.19754836e-05,fit
T8,0,out,4,4.45,1.1955436e-05,1.20426466e-05,fit
T8,0,out,4,4.5,1.19812983e-05,1.26822428e-05,fit
T8,0,out,4,4.55,1.20068738e-05,1.18885805e-05,fit
T8,0,out,4,4.6,1.20321787e-05,1.16354594e-05,fit
T8,0,out,4,4.65,1.20572286e-05,1.21187886e-05,fit
T8,0,out,4,4.7,1.2082038e-05,1.27935074e-05,fit
T8,0,out,4,4.75,1.21066207e-05,1.19954652e-05,fit
T8,0,out,4,4.8,1.21309895e-05,1.26205471e-05,fit
T8,0,out,4,4.85,1.21551566e-05,1.23544531e-05,fit
T8,0,out,4,4.9,1.21791336e-05,1.24317179e-05,fit
T8,0,out,4,4.95,1.22029313e-05,1.19071551e-05,fit
T8,0,out,4,5,1.222656e-05,1.22613071e-05,fit
T8,0,out,4,5.05,1.22500294e-05,1.1959905e-05,fit
T8,0,out,4,5.1,1.22733485e-05,1.2280438e-05,fit
T8,0,out,4,5.15,1.2296526e-05,1.20417131e-05,fit
T8,0,out,4,5.2,1.231957e-05,1.27402433e-05,fit
T8,0,out,4,5.25,1.23424882e-05,1.21444752e-05,fit
T8,0,out,4,5.3,1.23652879e-05,1.22750945e-05,fit
T8,0,out,4,5.35,1.2387976e-05,1.15738156e-05,fit
T8,0,out,4,5.4,1.24105589e-05,1.20378789e-05,fit
T8,0,out,4,5.45,1.24330427e-05,1.33776435e-05,fit
T8,0,out,4,5.5,1.24554334e-05,1.22965132e-05,fit
T8,0,out,4,5.55,1.24777362e-05,1.18713218e-05,fit
T8,0,out,4,5.6,1.24999565e-05,1.247938e-05,fit
T8,0,out,4,5.65,1.25220992e-05,1.24185137e-05,fit
T8,0,out,4,5.7,1.25441689e-05,1.23367812e-05,fit
T8,0,out,4,5.75,1.25661699e-05,1.24357584e-05,fit
T8,0,out,4,5.8,1.25881066e-05,1.23917273e-05,fit
T8,0,out,4,5.85,1.26099828e-05,1.29525817e-05,fit
T8,0,out,4,5.9,1.26318022e-05,1.21626307e-05,fit
T8,0,out,4,5.95,1.26535685e-05,1.27173656e-05,fit
T8,0,out,4,6,1.26752849e-05,1.29828241e-05,fit
T8,0,out,6,-0,0,3.06580378e-15,fit
T8,0,out,6,0.05,6.28688953e-07,6.72299589e-07,fit
T8,0,out,6,0.1,1.25229568e-06,1.25257587e-06,fit
T8,0,out,6,0.15,1.87075965e-06,1.86225965e-06,fit
T8,0,out,6,0.2,2.48400921e-06,2.43876654e-06,fit
T8,0,out,6,0.25,3.0919649e-06,3.16170036e-06,fit
T8,0,out,6,0.3,3.69454137e-06,3.51491047e-06,fit
T8,0,out,6,0.35,4.29164886e-06,4.36125185e-06,fit
T8,0,out,6,0.4,4.88319429e-06,5.21395262e-06,fit
T8,0,out,6,0.45,5.46908225e-06,5.51920302e-06,fit
T8,0,out,6,0.5,6.04921582e-06,6.19801931e-06,fit
T8,0,out,6,0.55,6.62349727e-06,6.43642912e-06,fit
T8,0,out,6,0.6,7.19182878e-06,7.35954816e-06,fit
T8,0,out,6,0.65,7.75411298e-06,7.57082577e-06,fit
T8,0,out,6,0.7,8.31025357e-06,8.19643338e-06,fit
T8,0,out,6,0.75,8.86015581e-06,8.85815107e-06,fit
T8,0,out,6,0.8,9.403727e-06,9.96229132e-06,fit
T8,0,out,6,0.85,9.94087696e-06,9.76466385e-06,fit
T8,0,out,6,0.9,1.04715184e-05,9.87270032e-06,fit
T8,0,out,6,0.95,1.09955675e-05,1.10394624e-05,fit
T8,0,out,6,1,1.15129438e-05,1.17897668e-05,fit
T8,0,out,6,1.05,1.20235712e-05,1.22708137e-05,fit
T8,0,out,6,1.1,1.25273779e-05,1.26200874e-05,fit
T8,0,out,6,1.15,1.30242965e-05,1.35854987e-05,fit
T8,0,out,6,1.2,1.35142648e-05,1.38929846e-05,fit
T8,0,out,6,1.25,1.39972255e-05,1.43712347e-05,fit
T8,0,out,6,1.3,1.44731267e-05,1.43029334e-05,fit
T8,0,out,6,1.35,1.49419221e-05,1.43108146e-05,fit
T8,0,out,6,1.4,1.54035711e-05,1.61956097e-05,fit
T8,0,out,6,1.45,1.58580389e-05,1.54656171e-05,fit
T8,0,out,6,1.5,1.63052965e-05,1.69754181e-05,fit
T8,0,out,6,1.55,1.67453211e-05,1.73778842e-05,fit
T8,0,out,6,1.6,1.7178096e-05,1.66054918e-05,fit
T8,0,out,6,1.65,1.76036104e-05,1.72897494e-05,fit
T8,0,out,6,1.7,1.80218599e-05,1.82824619e-05,fit
T8,0,out,6,1.75,1.84328461e-05,1.90147208e-05,fit
T8,0,out,6,1.8,1.88365766e-05,1.83294785e-05,fit
T8,0,out,6,1.85,1.92330653e-05,1.90961673e-05,fit
T8,0,out,6,1.9,1.96223317e-05,1.90514272e-05,fit
T8,0,out,6,1.95,2.00044016e-05,1.93123091e-05,fit
T8,0,out,6,2,2.03793061e-05,2.0469104e-05,fit
T8,0,out,6,2.05,2.07470824e-05,2.04799672e-05,fit
T8,0,out,6,2.1,2.11077728e-05,1.9877639e-05,fit
T8,0,out,6,2.15,2.14614251e-05,2.17549805e-05,fit
T8,0,out,6,2.2,2.18080922e-05,2.15808271e-05,fit
T8,0,out,6,2.25,2.2147832e-05,2.19092351e-05,fit
T8,0,out,6,2.3,2.24807072e-05,2.16169617e-05,fit
T8,0,out,6,2.35,2.2806785e-05,2.33342606e-05,fit
T8,0,out,6,2.4,2.31261368e-05,2.33649949e-05,fit
T8,0,out,6,2.45,2.34388385e-05,2.367761e-05,fit
T8,0,out,6,2.5,2.37449694e-05,2.37216049e-05,fit
T8,0,out,6,2.55,2.40446129e-05,2.43297812e-05,fit
T8,0,out,6,2.6,2.43378554e-05,2.5562842e-05,fit
T8,0,out,6,2.65,2.46247868e-05,2.47847679e-05,fit
T8,0,out,6,2.7,2.49054997e-05,2.51090864e-05,fit
T8,0,out,6,2.75,2.51800895e-05,2.4862986e-05,fit
T8,0,out,6,2.8,2.54486541e-05,2.59881755e-05,fit
T8,0,out,6,2.85,2.57112934e-05,2.5551725e-05,fit
T8,0,out,6,2.9,2.59681093e-05,2.54303186e-05,fit
T8,0,out,6,2.95,2.62192057e-05,2.71639598e-05,fit
T8,0,out,6,3,2.64646876e-05,2.63593186e-05,fit
T8,0,out,6,3.05,2.67046616e-05,2.60380795e-05,fit
T8,0,out,6,3.1,2.69392353e-05,2.63951043e-05,fit
T8,0,out,6,3.15,2.71685169e-05,2.67680794e-05,fit
T8,0,out,6,3.2,2.73926156e-05,2.65390742e-05,fit
T8,0,out,6,3.25,2.76116407e-05,2.88771324e-05,fit
T8,0,out,6,3.3,2.78257021e-05,2.83570624e-05,fit
T8,0,out,6,3.35,2.80349094e-05,2.69307004e-05,fit
T8,0,out,6,3.4,2.82393726e-05,2.92912416e-05,fit
T8,0,out,6,3.45,2.84392009e-05,2.81526004e-05,fit
T8,0,out,6,3.5,2.86345034e-05,2.88917806e-05,fit
T8,0,out,6,3.55,2.88253885e-05,2.85227895e-05,fit
T8,0,out,6,3.6,2.90119641e-05,2.94117414e-05,fit
T8,0,out,6,3.65,2.91943371e-05,2.95653758e-05,fit
T8,0,out,6,3.7,2.93726134e-05,3.00868348e-05,fit
T8,0,out,6,3.75,2.9546898e-05,3.03239412e-05,fit
T8,0,out,6,3.8,2.97172945e-05,2.75181251e-05,fit
T8,0,out,6,3.85,2.98839056e-05,2.9442943e-05,fit
T8,0,out,6,3.9,3.00468322e-05,3.00197047e-05,fit
T8,0,out,6,3.95,3.02061742e-05,3.00070074e-05,fit
T8,0,out,6,4,3.03620296e-05,2.9038304e-05,fit
T8,0,out,6,4.05,3.05144953e-05,3.01414306e-05,fit
T8,0,out,6,4.1,3.06636661e-05,3.04528256e-05,fit
T8,0,out,6,4.15,3.08096354e-05,2.89224031e-05,fit
T8,0,out,6,4.2,3.09524949e-05,3.01008031e-05,fit
T8,0,out,6,4.25,3.10923344e-05,3.17186559e-05,fit
T8,0,out,6,4.3,3.12292421e-05,3.04643979e-05,fit
T8,0,out,6,4.35,3.13633042e-05,3.11189613e-05,fit
T8,0,out,6,4.4,3.14946053e-05,3.14162491e-05,fit
T8,0,out,6,4.45,3.16232278e-05,3.20279336e-05,fit
T8,0,out,6,4.5,3.17492527e-05,3.23786479e-05,fit
T8,0,out,6,4.55,3.18727588e-05,3.28281495e-05,fit
T8,0,out,6,4.6,3.19938232e-05,3.20419106e-05,fit
T8,0,out,6,4.65,3.2112521e-05,3.22480897e-05,fit
T8,0,out,6,4.7,3.22289256e-05,3.20418099e-05,fit
T8,0,out,6,4.75,3.23431086e-05,3.24903998e-05,fit
T8,0,out,6,4.8,3.24551396e-05,3.22991465e-05,fit
T8,0,out,6,4.85,3.25650865e-05,3.32684681e-05,fit
T8,0,out,6,4.9,3.26730153e-05,3.33366248e-05,fit
T8,0,out,6,4.95,3.27789903e-05,3.14129712e-05,fit
T8,0,out,6,5,3.2883074e-05,3.06770187e-05,fit
T8,0,out,6,5.05,3.29853273e-05,3.33813234e-05,fit
T8,0,out,6,5.1,3.30858092e-05,3.2530171e-05,fit
T8,0,out,6,5.15,3.31845773e-05,3.16357371e-05,fit
T8,0,out,6,5.2,3.32816871e-05,3.42110251e-05,fit
T8,0,out,6,5.25,3.33771929e-05,3.48846341e-05,fit
T8,0,out,6,5.3,3.34711473e-05,3.2298998e-05,fit
T8,0,out,6,5.35,3.35636012e-05,3.25767796e-05,fit
T8,0,out,6,5.4,3.36546041e-05,3.29266029e-05,fit
T8,0,out,6,5.45,3.37442039e-05,3.28925511e-05,fit
T8,0,out,6,5.5,3.38324473e-05,3.36563203e-05,fit
T8,0,out,6,5.55,3.39193793e-05,3.27351805e-05,fit
T8,0,out,6,5.6,3.40050435e-05,3.39274259e-05,fit
T8,0,out,6,5.65,3.40894824e-05,3.36207323e-05,fit
T8,0,out,6,5.7,3.41727369e-05,3.52033417e-05,fit
T8,0,out,6,5.75,3.42548467e-05,3.40863874e-05,fit
T8,0,out,6,5.8,3.43358503e-05,3.52033136e-05,fit
T8,0,out,6,5.85,3.44157849e-05,3.59397206e-05,fit
T8,0,out,6,5.9,3.44946866e-05,3.49770679e-05,fit
T8,0,out,6,5.95,3.45725901e-05,3.51917149e-05,fit
T8,0,out,6,6,3.46495293e-05,3.40801331e-05,fit
T7,10,tr,-2,0.1,2.02e-14,2.3443918e-14,fit
T7,10,tr,-1.95,0.1,2.02e-14,1.57314445e-14,fit
T7,10,tr,-1.9,0.1,2.02e-14,1.68704843e-14,fit
T7,10,tr,-1.85,0.1,2.02e-14,2.50472239e-14,fit
T7,10,tr,-1.8,0.1,2.02e-14,2.29564325e-14,fit
T7,10,tr,-1.75,0.1,2.02e-14,1.95298869e-14,fit
T7,10,tr,-1.7,0.1,2.02e-14,2.43250294e-14,fit
T7,10,tr,-1.65,0.1,2.02e-14,2.28826996e-14,fit
T7,10,tr,-1.6,0.1,2.02e-14,2.29591056e-14,fit
T7,10,tr,-1.55,0.1,2.02e-14,2.03781542e-14,fit
T7,10,tr,-1.5,0.1,2.02e-14,2.10090465e-14,fit
T7,10,tr,-1.45,0.1,2.02e-14,3.1513526e-14,fit
T7,10,tr,-1.4,0.1,2.02e-14,2.18856395e-14,fit
T7,10,tr,-1.35,0.1,2.02e-14,2.14634964e-14,fit
T7,10,tr,-1.3,0.1,2.02e-14,1.4157946e-14,fit
T7,10,tr,-1.25,0.1,2.02e-14,2.01003564e-14,fit
T7,10,tr,-1.2,0.1,2.02e-14,1.94681703e-14,fit
T7,10,tr,-1.15,0.1,2.02e-14,3.39091528e-14,fit
T7,10,tr,-1.1,0.1,2.02e-14,1.87234212e-14,fit
T7,10,tr,-1.05,0.1,2.02e-14,1.89321976e-14,fit
T7,10,tr,-1,0.1,2.02e-14,1.97427456e-14,fit
T7,10,tr,-0.95,0.1,2.02e-14,2.74793808e-14,fit
T7,10,tr,-0.9,0.1,2.02e-14,2.26670225e-14,fit
T7,10,tr,-0.85,0.1,2.02e-14,1.42030362e-14,fit
T7,10,tr,-0.8,0.1,2.02e-14,1.97314553e-14,fit
T7,10,tr,-0.75,0.1,2.02000001e-14,1.99765903e-14,fit
T7,10,tr,-0.7,0.1,2.02000001e-14,1.97415444e-14,fit
T7,10,tr,-0.65,0.1,2.02000003e-14,2.27500764e-14,fit
T7,10,tr,-0.6,0.1,2.02000007e-14,2.93067707e-14,fit
T7,10,tr,-0.55,0.1,2.02000018e-14,2.34550756e-14,fit
T7,10,tr,-0.5,0.1,2.02000043e-14,2.72677311e-14,fit
T7,10,tr,-0.45,0.1,2.02000105e-14,2.43949557e-14,fit
T7,10,tr,-0.4,0.1,2.02000254e-14,1.21237282e-14,fit
T7,10,tr,-0.35,0.1,2.02000617e-14,2.69852968e-14,fit
T7,10,tr,-0.3,0.1,2.02001495e-14,2.13338454e-14,fit
T7,10,tr,-0.25,0.1,2.02003623e-14,2.69347956e-14,fit
T7,10,tr,-0.2,0.1,2.02008781e-14,2.06489335e-14,fit
T7,10,tr,-0.15,0.1,2.02021283e-14,1.83053383e-14,fit
T7,10,tr,-0.1,0.1,2.02051584e-14,2.15704334e-14,fit
T7,10,tr,-0.05,0.1,2.02125029e-14,1.73140824e-14,fit
T7,10,tr,1.20736754e-15,0.1,2.02303038e-14,1.63316334e-14,fit
T7,10,tr,0.05,0.1,2.0294422e-14,3.07301323e-14,fit
T7,10,tr,0.1,0.1,2.04288423e-14,1.86491769e-14,fit
T7,10,tr,0.15,0.1,2.07546005e-14,2.1949619e-14,fit
T7,10,tr,0.2,0.1,2.15439879e-14,2.32684187e-14,fit
T7,10,tr,0.25,0.1,2.34566188e-14,2.83129215e-14,fit
T7,10,tr,0.3,0.1,2.80899235e-14,3.00107512e-14,fit
T7,10,tr,0.35,0.1,3.93108294e-14,4.18974369e-14,fit
T7,10,tr,0.4,0.1,6.64739766e-14,6.79387696e-14,fit
T7,10,tr,0.45,0.1,1.32187324e-13,1.2883352e-13,fit
T7,10,tr,0.5,0.1,2.91008158e-13,3.03365364e-13,fit
T7,10,tr,0.55,0.1,6.74300605e-13,6.69961278e-13,fit
T7,10,tr,0.6,0.1,1.59730899e-12,1.56454865e-12,fit
T7,10,tr,0.65,0.1,3.81276303e-12,3.642753e-12,fit
T7,10,tr,0.7,0.1,9.10458728e-12,9.42711857e-12,fit
T7,10,tr,0.75,0.1,2.16537614e-11,2.12768901e-11,fit
T7,10,tr,0.8,0.1,5.10996391e-11,5.15226005e-11,fit
T7,10,tr,0.85,0.1,1.19139808e-10,1.24427771e-10,fit
T7,10,tr,0.9,0.1,2.72957982e-10,2.72794846e-10,fit
T7,10,tr,0.95,0.1,6.10239332e-10,6.04821065e-10,fit
T7,10,tr,1,0.1,1.31935535e-09,1.2794293e-09,fit
T7,10,tr,1.05,0.1,2.72522649e-09,2.76464455e-09,fit
T7,10,tr,1.1,0.1,5.28700864e-09,5.15861255e-09,fit
T7,10,tr,1.15,0.1,9.44909933e-09,8.98013231e-09,fit
T7,10,tr,1.2,0.1,1.53959945e-08,1.51279414e-08,fit
T7,10,tr,1.25,0.1,2.2993957e-08,2.2564402e-08,fit
T7,10,tr,1.3,0.1,3.19560765e-08,3.04230215e-08,fit
T7,10,tr,1.35,0.1,4.19914464e-08,4.16881533e-08,fit
T7,10,tr,1.4,0.1,5.28567009e-08,5.41818371e-08,fit
T7,10,tr,1.45,0.1,6.43600928e-08,6.54957097e-08,fit
T7,10,tr,1.5,0.1,7.63543526e-08,8.1206936e-08,fit
T7,10,tr,1.55,0.1,8.87282673e-08,9.18519141e-08,fit
T7,10,tr,1.6,0.1,1.01398809e-07,1.02224994e-07,fit
T7,10,tr,1.65,0.1,1.14304321e-07,1.07480797e-07,fit
T7,10,tr,1.7,0.1,1.27398968e-07,1.28313186e-07,fit
T7,10,tr,1.75,0.1,1.40648439e-07,1.46014148e-07,fit
T7,10,tr,1.8,0.1,1.54026741e-07,1.52824577e-07,fit
T7,10,tr,1.85,0.1,1.67513862e-07,1.75052841e-07,fit
T7,10,tr,1.9,0.1,1.81094108e-07,1.76183577e-07,fit
T7,10,tr,1.95,0.1,1.94754911e-07,1.96432562e-07,fit
T7,10,tr,2,0.1,2.08486002e-07,2.13962537e-07,fit
T7,10,tr,2.05,0.1,2.22278813e-07,2.34225259e-07,fit
T7,10,tr,2.1,0.1,2.36126067e-07,2.35932889e-07,fit
T7,10,tr,2.15,0.1,2.50021477e-07,2.65584462e-07,fit
T7,10,tr,2.2,0.1,2.63959531e-07,2.61284296e-07,fit
T7,10,tr,2.25,0.1,2.77935341e-07,2.63315218e-07,fit
T7,10,tr,2.3,0.1,2.91944523e-07,2.91145588e-07,fit
T7,10,tr,2.35,0.1,3.05983115e-07,3.19375436e-07,fit
T7,10,tr,2.4,0.1,3.20047511e-07,3.16940246e-07,fit
T7,10,tr,2.45,0.1,3.34134409e-07,3.51607483e-07,fit
T7,10,tr,2.5,0.1,3.48240771e-07,3.46263193e-07,fit
T7,10,tr,2.55,0.1,3.62363793e-07,3.84285765e-07,fit
T7,10,tr,2.6,0.1,3.76500875e-07,3.52059091e-07,fit
T7,10,tr,2.65,0.1,3.90649602e-07,4.19324138e-07,fit
T7,10,tr,2.7,0.1,4.04807725e-07,3.80360939e-07,fit
T7,10,tr,2.75,0.1,4.18973144e-07,4.18383982e-07,fit
T7,10,tr,2.8,0.1,4.33143895e-07,4.17795073e-07,fit
T7,10,tr,2.85,0.1,4.47318139e-07,4.51899811e-07,fit
T7,10,tr,2.9,0.1,4.61494151e-07,4.58595712e-07,fit
T7,10,tr,2.95,0.1,4.75670308e-07,4.71495349e-07,fit
T7,10,tr,3,0.1,4.89845088e-07,4.99701078e-07,fit
T7,10,tr,3.05,0.1,5.04017054e-07,5.19423956e-07,fit
T7,10,tr,3.1,0.1,5.18184853e-07,5.13126404e-07,fit
T7,10,tr,3.15,0.1,5.3234721e-07,5.53228926e-07,fit
T7,10,tr,3.2,0.1,5.46502918e-07,5.18203402e-07,fit
T7,10,tr,3.25,0.1,5.6065084e-07,5.4268369e-07,fit
T7,10,tr,3.3,0.1,5.74789897e-07,5.51189832e-07,fit
T7,10,tr,3.35,0.1,5.88919071e-07,5.9786812e-07,fit
T7,10,tr,3.4,0.1,6.03037396e-07,6.20407775e-07,fit
T7,10,tr,3.45,0.1,6.17143957e-07,6.09167151e-07,fit
T7,10,tr,3.5,0.1,6.31237888e-07,6.18967606e-07,fit
T7,10,tr,3.55,0.1,6.45318364e-07,6.21922758e-07,fit
T7,10,tr,3.6,0.1,6.59384607e-07,6.73448052e-07,fit
T7,10,tr,3.65,0.1,6.73435875e-07,6.97720297e-07,fit
T7,10,tr,3.7,0.1,6.87471464e-07,6.75764423e-07,fit
T7,10,tr,3.75,0.1,7.01490705e-07,6.97617809e-07,fit
T7,10,tr,3.8,0.1,7.15492962e-07,7.06634832e-07,fit
T7,10,tr,3.85,0.1,7.29477632e-07,7.2893457e-07,fit
T7,10,tr,3.9,0.1,7.4344414e-07,7.54162194e-07,fit
T7,10,tr,3.95,0.1,7.5739194e-07,7.07162503e-07,fit
T7,10,tr,4,0.1,7.71320511e-07,7.5855981e-07,fit
T7,10,tr,4.05,0.1,7.8522936e-07,8.05279502e-07,fit
T7,10,tr,4.1,0.1,7.99118015e-07,7.76955042e-07,fit
T7,10,tr,4.15,0.1,8.12986029e-07,8.45633537e-07,fit
T7,10,tr,4.2,0.1,8.26832975e-07,8.63964058e-07,fit
T7,10,tr,4.25,0.1,8.40658449e-07,8.16551038e-07,fit
T7,10,tr,4.3,0.1,8.54462064e-07,8.33879835e-07,fit
T7,10,tr,4.35,0.1,8.68243453e-07,9.04582246e-07,fit
T7,10,tr,4.4,0.1,8.82002266e-07,8.38448375e-07,fit
T7,10,tr,4.45,0.1,8.9573817e-07,8.67185242e-07,fit
T7,10,tr,4.5,0.1,9.0945085e-07,8.64905953e-07,fit
T7,10,tr,4.55,0.1,9.23140005e-07,9.24096414e-07,fit
T7,10,tr,4.6,0.1,9.36805348e-07,9.47399739e-07,fit
T7,10,tr,4.65,0.1,9.50446606e-07,9.65146192e-07,fit
T7,10,tr,4.7,0.1,9.64063522e-07,9.72732139e-07,fit
T7,10,tr,4.75,0.1,9.7765585e-07,9.36275833e-07,fit
T7,10,tr,4.8,0.1,9.91223356e-07,1.0283036e-06,fit
T7,10,tr,4.85,0.1,1.00476582e-06,1.00306712e-06,fit
T7,10,tr,4.9,0.1,1.01828303e-06,1.00602989e-06,fit
T7,10,tr,4.95,0.1,1.03177478e-06,1.08844429e-06,fit
T7,10,tr,5,0.1,1.04524089e-06,1.0494009e-06,fit
T7,10,tr,5.05,0.1,1.05868119e-06,1.07044757e-06,fit
T7,10,tr,5.1,0.1,1.07209548e-06,1.10046645e-06,fit
T7,10,tr,5.15,0.1,1.08548363e-06,1.15567107e-06,fit
T7,10,tr,5.2,0.1,1.09884547e-06,1.09847178e-06,fit
T7,10,tr,5.25,0.1,1.11218087e-06,1.13631503e-06,fit
T7,10,tr,5.3,0.1,1.12548968e-06,1.04683405e-06,fit
T7,10,tr,5.35,0.1,1.13877179e-06,1.10469929e-06,fit
T7,10,tr,5.4,0.1,1.15202706e-06,1.22814759e-06,fit
T7,10,tr,5.45,0.1,1.16525539e-06,1.23959522e-06,fit
T7,10,tr,5.5,0.1,1.17845667e-06,1.17280508e-06,fit
T7,10,tr,5.55,0.1,1.19163081e-06,1.15886117e-06,fit
T7,10,tr,5.6,0.1,1.2047777e-06,1.15453156e-06,fit
T7,10,tr,5.65,0.1,1.21789726e-06,1.17309923e-06,fit
T7,10,tr,5.7,0.1,1.23098942e-06,1.20890595e-06,fit
T7,10,tr,5.75,0.1,1.24405409e-06,1.1787835e-06,fit
T7,10,tr,5.8,0.1,1.25709121e-06,1.25254146e-06,fit
T7,10,tr,5.85,0.1,1.2701007e-06,1.26310054e-06,fit
T7,10,tr,5.9,0.1,1.28308252e-06,1.23442052e-06,fit
T7,10,tr,5.95,0.1,1.29603661e-06,1.24428455e-06,fit
T7,10,tr,6,0.1,1.30896292e-06,1.26177717e-06,fit
T7,10,tr,6.05,0.1,1.3218614e-06,1.3015083e-06,fit
T7,10,tr,6.1,0.1,1.334732e-06,1.32520874e-06,fit
T7,10,tr,6.15,0.1,1.34757471e-06,1.37108951e-06,fit
T7,10,tr,6.2,0.1,1.36038947e-06,1.28798586e-06,fit
T7,10,tr,6.25,0.1,1.37317627e-06,1.3578647e-06,fit
T7,10,tr,6.3,0.1,1.38593508e-06,1.3868051e-06,fit
T7,10,tr,6.35,0.1,1.39866587e-06,1.4121538e-06,fit
T7,10,tr,6.4,0.1,1.41136863e-06,1.44874353e-06,fit
T7,10,tr,6.45,0.1,1.42404335e-06,1.40574203e-06,fit
T7,10,tr,6.5,0.1,1.43669001e-06,1.49259133e-06,fit
T7,10,tr,6.55,0.1,1.4493086e-06,1.55579054e-06,fit
T7,10,tr,6.6,0.1,1.46189913e-06,1.4819248e-06,fit
T7,10,tr,6.65,0.1,1.47446158e-06,1.54723334e-06,fit
T7,10,tr,6.7,0.1,1.48699596e-06,1.53289646e-06,fit
T7,10,tr,6.75,0.1,1.49950227e-06,1.52091664e-06,fit
T7,10,tr,6.8,0.1,1.51198052e-06,1.50256682e-06,fit
T7,10,tr,6.85,0.1,1.52443072e-06,1.53731069e-06,fit
T7,10,tr,6.9,0.1,1.53685287e-06,1.63861886e-06,fit
T7,10,tr,6.95,0.1,1.54924699e-06,1.55378096e-06,fit
T7,10,tr,7,0.1,1.5616131e-06,1.52569283e-06,fit
T7,10,tr,7.05,0.1,1.57395122e-06,1.55110486e-06,fit
T7,10,tr,7.1,0.1,1.58626135e-06,1.62624909e-06,fit
T7,10,tr,7.15,0.1,1.59854354e-06,1.56863772e-06,fit
T7,10,tr,7.2,0.1,1.61079779e-06,1.65845155e-06,fit
T7,10,tr,7.25,0.1,1.62302414e-06,1.66180944e-06,fit
T7,10,tr,7.3,0.1,1.63522261e-06,1.6486339e-06,fit
T7,10,tr,7.35,0.1,1.64739324e-06,1.73603379e-06,fit
T7,10,tr,7.4,0.1,1.65953605e-06,1.59571951e-06,fit
T7,10,tr,7.45,0.1,1.67165108e-06,1.64529917e-06,fit
T7,10,tr,7.5,0.1,1.68373836e-06,1.67656478e-06,fit
T7,10,tr,7.55,0.1,1.69579792e-06,1.71835288e-06,fit
T7,10,tr,7.6,0.1,1.70782981e-06,1.6397064e-06,fit
T7,10,tr,7.65,0.1,1.71983407e-06,1.6913434e-06,fit
T7,10,tr,7.7,0.1,1.73181073e-06,1.80444797e-06,fit
T7,10,tr,7.75,0.1,1.74375983e-06,1.72377072e-06,fit
T7,10,tr,7.8,0.1,1.75568143e-06,1.80754834e-06,fit
T7,10,tr,7.85,0.1,1.76757555e-06,1.75567558e-06,fit
T7,10,tr,7.9,0.1,1.77944226e-06,1.73930068e-06,fit
T7,10,tr,7.95,0.1,1.79128158e-06,1.82057482e-06,fit
T7,10,tr,8,0.1,1.80309358e-06,1.87780112e-06,fit
T7,10,tr,-2,5,1.5e-12,1.49631181e-12,fit
T7,10,tr,-1.95,5,1.5e-12,1.43918622e-12,fit
T7,10,tr,-1.9,5,1.5e-12,1.47108185e-12,fit
T7,10,tr,-1.85,5,1.5e-12,1.47171134e-12,fit
T7,10,tr,-1.8,5,1.5e-12,1.49162792e-12,fit
T7,10,tr,-1.75,5,1.5e-12,1.46038197e-12,fit
T7,10,tr,-1.7,5,1.5e-12,1.52884518e-12,fit
T7,10,tr,-1.65,5,1.5e-12,1.45659094e-12,fit
T7,10,tr,-1.6,5,1.5e-12,1.54697359e-12,fit
T7,10,tr,-1.55,5,1.5e-12,1.45800703e-12,fit
T7,10,tr,-1.5,5,1.5e-12,1.45404794e-12,fit
T7,10,tr,-1.45,5,1.5e-12,1.55976309e-12,fit
T7,10,tr,-1.4,5,1.5e-12,1.5391036e-12,fit
T7,10,tr,-1.35,5,1.5e-12,1.48424956e-12,fit
T7,10,tr,-1.3,5,1.5e-12,1.4743406e-12,fit
T7,10,tr,-1.25,5,1.5e-12,1.48655984e-12,fit
T7,10,tr,-1.2,5,1.5e-12,1.49626448e-12,fit
T7,10,tr,-1.15,5,1.5e-12,1.52212468e-12,fit
T7,10,tr,-1.1,5,1.5e-12,1.5528752e-12,fit
T7,10,tr,-1.05,5,1.5e-12,1.47014892e-12,fit
T7,10,tr,-1,5,1.5e-12,1.499018e-12,fit
T7,10,tr,-0.95,5,1.5e-12,1.5053389e-12,fit
T7,10,tr,-0.9,5,1.5e-12,1.43581493e-12,fit
T7,10,tr,-0.85,5,1.5e-12,1.54944774e-12,fit
T7,10,tr,-0.8,5,1.5e-12,1.57838895e-12,fit
T7,10,tr,-0.75,5,1.5e-12,1.49835795e-12,fit
T7,10,tr,-0.7,5,1.5e-12,1.41742151e-12,fit
T7,10,tr,-0.65,5,1.5e-12,1.46506098e-12,fit
T7,10,tr,-0.6,5,1.5e-12,1.54894094e-12,fit
T7,10,tr,-0.55,5,1.50000001e-12,1.40295731e-12,fit
T7,10,tr,-0.5,5,1.50000003e-12,1.41915089e-12,fit
T7,10,tr,-0.45,5,1.50000007e-12,1.47786624e-12,fit
T7,10,tr,-0.4,5,1.50000016e-12,1.52880887e-12,fit
T7,10,tr,-0.35,5,1.50000038e-12,1.53651832e-12,fit
T7,10,tr,-0.3,5,1.50000093e-12,1.54973909e-12,fit
T7,10,tr,-0.25,5,1.50000226e-12,1.39485951e-12,fit
T7,10,tr,-0.2,5,1.50000547e-12,1.46619401e-12,fit
T7,10,tr,-0.15,5,1.50001325e-12,1.44936997e-12,fit
T7,10,tr,-0.1,5,1.50003211e-12,1.44832254e-12,fit
T7,10,tr,-0.05,5,1.50007783e-12,1.53756411e-12,fit
T7,10,tr,1.20736754e-15,5,1.50018862e-12,1.52385204e-12,fit
T7,10,tr,0.05,5,1.50058766e-12,1.46873266e-12,fit
T7,10,tr,0.1,5,1.50142411e-12,1.51126764e-12,fit
T7,10,tr,0.15,5,1.50345079e-12,1.51860986e-12,fit
T7,10,tr,0.2,5,1.5083604e-12,1.56786963e-12,fit
T7,10,tr,0.25,5,1.52025064e-12,1.49945499e-12,fit
T7,10,tr,0.3,5,1.54903466e-12,1.56659355e-12,fit
T7,10,tr,0.35,5,1.61867142e-12,1.58128665e-12,fit
T7,10,tr,0.4,5,1.7869825e-12,1.80986847e-12,fit
T7,10,tr,0.45,5,2.19320687e-12,2.19999136e-12,fit
T7,10,tr,0.5,5,3.17154069e-12,3.19646561e-12,fit
T7,10,tr,0.55,5,5.52015924e-12,5.51846585e-12,fit
T7,10,tr,0.6,5,1.11313725e-11,1.16554636e-11,fit
T7,10,tr,0.65,5,2.44425542e-11,2.39258008e-11,fit
T7,10,tr,0.7,5,5.56922401e-11,5.41317147e-11,fit
T7,10,tr,0.75,5,1.27953499e-10,1.25823625e-10,fit
T7,10,tr,0.8,5,2.91490857e-10,2.95683021e-10,fit
T7,10,tr,0.85,5,6.50717304e-10,6.65193773e-10,fit
T7,10,tr,0.9,5,1.40890833e-09,1.40765715e-09,fit
T7,10,tr,0.95,5,2.9295709e-09,2.87414957e-09,fit
T7,10,tr,1,5,5.79735612e-09,5.73256169e-09,fit
T7,10,tr,1.05,5,1.08422196e-08,1.06326876e-08,fit
T7,10,tr,1.1,5,1.90905633e-08,1.94024612e-08,fit
T7,10,tr,1.15,5,3.16431835e-08,3.16725534e-08,fit
T7,10,tr,1.2,5,4.95286382e-08,4.99418479e-08,fit
T7,10,tr,1.25,5,7.35944408e-08,7.38437418e-08,fit
T7,10,tr,1.3,5,1.04466613e-07,1.04859219e-07,fit
T7,10,tr,1.35,5,1.42566945e-07,1.47748271e-07,fit
T7,10,tr,1.4,5,1.88158851e-07,1.85764279e-07,fit
T7,10,tr,1.45,5,2.41397064e-07,2.44798341e-07,fit
T7,10,tr,1.5,5,3.02368423e-07,3.0694033e-07,fit
T7,10,tr,1.55,5,3.71120619e-07,3.63725338e-07,fit
T7,10,tr,1.6,5,4.47680421e-07,4.70476952e-07,fit
T7,10,tr,1.65,5,5.32064291e-07,5.36291628e-07,fit
T7,10,tr,1.7,5,6.24284063e-07,6.04300025e-07,fit
T7,10,tr,1.75,5,7.2434966e-07,7.45868393e-07,fit
T7,10,tr,1.8,5,8.3227017e-07,8.46971123e-07,fit
T7,10,tr,1.85,5,9.48054068e-07,9.68787004e-07,fit
T7,10,tr,1.9,5,1.07170906e-06,1.06600445e-06,fit
T7,10,tr,1.95,5,1.20324181e-06,1.19149911e-06,fit
T7,10,tr,2,5,1.3426576e-06,1.34961133e-06,fit
T7,10,tr,2.05,5,1.4899601e-06,1.43232554e-06,fit
T7,10,tr,2.1,5,1.64515116e-06,1.65408257e-06,fit
T7,10,tr,2.15,5,1.80823067e-06,1.81290211e-06,fit
T7,10,tr,2.2,5,1.97919647e-06,2.03286827e-06,fit
T7,10,tr,2.25,5,2.1580443e-06,2.14549907e-06,fit
T7,10,tr,2.3,5,2.34476774e-06,2.3876705e-06,fit
T7,10,tr,2.35,5,2.53935824e-06,2.43631292e-06,fit
T7,10,tr,2.4,5,2.74180512e-06,2.6817331e-06,fit
T7,10,tr,2.45,5,2.95209554e-06,3.02120349e-06,fit
T7,10,tr,2.5,5,3.17021455e-06,3.3096902e-06,fit
T7,10,tr,2.55,5,3.39614506e-06,3.48690966e-06,fit
T7,10,tr,2.6,5,3.62986787e-06,3.47430746e-06,fit
T7,10,tr,2.65,5,3.87136168e-06,3.75590289e-06,fit
T7,10,tr,2.7,5,4.12060303e-06,4.04704083e-06,fit
T7,10,tr,2.75,5,4.37756636e-06,4.53977464e-06,fit
T7,10,tr,2.8,5,4.64222397e-06,4.56017841e-06,fit
T7,10,tr,2.85,5,4.914546e-06,4.94846628e-06,fit
T7,10,tr,2.9,5,5.19450044e-06,5.26558165e-06,fit
T7,10,tr,2.95,5,5.48205308e-06,5.55645454e-06,fit
T7,10,tr,3,5,5.77716751e-06,5.7525915e-06,fit
T7,10,tr,3.05,5,6.0798051e-06,6.13878325e-06,fit
T7,10,tr,3.1,5,6.38992498e-06,6.55102937e-06,fit
T7,10,tr,3.15,5,6.70748404e-06,6.74045032e-06,fit
T7,10,tr,3.2,5,7.03243687e-06,7.02318574e-06,fit
T7,10,tr,3.25,5,7.36473581e-06,7.53778933e-06,fit
T7,10,tr,3.3,5,7.70433087e-06,8.05579066e-06,fit
T7,10,tr,3.35,5,8.05116978e-06,8.65786136e-06,fit
T7,10,tr,3.4,5,8.40519797e-06,8.13196823e-06,fit
T7,10,tr,3.45,5,8.76635854e-06,8.84043729e-06,fit
T7,10,tr,3.5,5,9.13459231e-06,9.16622941e-06,fit
T7,10,tr,3.55,5,9.50983783e-06,9.21160008e-06,fit
T7,10,tr,3.6,5,9.89203133e-06,9.8128375e-06,fit
T7,10,tr,3.65,5,1.02811068e-05,1.00808767e-05,fit
T7,10,tr,3.7,5,1.06769961e-05,1.03764712e-05,fit
T7,10,tr,3.75,5,1.10796287e-05,1.08849738e-05,fit
T7,10,tr,3.8,5,1.14889321e-05,1.1704971e-05,fit
T7,10,tr,3.85,5,1.19048315e-05,1.15509572e-05,fit
T7,10,tr,3.9,5,1.23272502e-05,1.2137704e-05,fit
T7,10,tr,3.95,5,1.27561094e-05,1.2704831e-05,fit
T7,10,tr,4,5,1.31913284e-05,1.28099919e-05,fit
T7,10,tr,4.05,5,1.36328244e-05,1.31466649e-05,fit
T7,10,tr,4.1,5,1.4080513e-05,1.34327752e-05,fit
T7,10,tr,4.15,5,1.45343079e-05,1.42103874e-05,fit
T7,10,tr,4.2,5,1.49941212e-05,1.56145473e-05,fit
T7,10,tr,4.25,5,1.54598634e-05,1.46995629e-05,fit
T7,10,tr,4.3,5,1.59314432e-05,1.63192428e-05,fit
T7,10,tr,4.35,5,1.64087682e-05,1.59588713e-05,fit
T7,10,tr,4.4,5,1.68917446e-05,1.64169482e-05,fit
T7,10,tr,4.45,5,1.73802771e-05,1.77630124e-05,fit
T7,10,tr,4.5,5,1.78742694e-05,1.81509351e-05,fit
T7,10,tr,4.55,5,1.8373624e-05,1.87046103e-05,fit
T7,10,tr,4.6,5,1.88782428e-05,1.88562465e-05,fit
T7,10,tr,4.65,5,1.93880262e-05,1.98649533e-05,fit
T7,10,tr,4.7,5,1.99028743e-05,1.95203952e-05,fit
T7,10,tr,4.75,5,2.04226863e-05,2.06115672e-05,fit
T7,10,tr,4.8,5,2.09473608e-05,2.15282645e-05,fit
T7,10,tr,4.85,5,2.14767959e-05,2.14279238e-05,fit
T7,10,tr,4.9,5,2.20108895e-05,2.14434742e-05,fit
T7,10,tr,4.95,5,2.25495389e-05,2.36587891e-05,fit
T7,10,tr,5,5,2.30926413e-05,2.29208069e-05,fit
T7,10,tr,5.05,5,2.36400939e-05,2.29504376e-05,fit
T7,10,tr,5.1,5,2.41917936e-05,2.46212935e-05,fit
T7,10,tr,5.15,5,2.47476377e-05,2.566705e-05,fit
T7,10,tr,5.2,5,2.53075234e-05,2.57135441e-05,fit
T7,10,tr,5.25,5,2.58713481e-05,2.4961286e-05,fit
T7,10,tr,5.3,5,2.64390098e-05,2.64686582e-05,fit
T7,10,tr,5.35,5,2.70104066e-05,2.72412538e-05,fit
T7,10,tr,5.4,5,2.75854371e-05,2.80869032e-05,fit
T7,10,tr,5.45,5,2.81640007e-05,2.69948807e-05,fit
T7,10,tr,5.5,5,2.8745997e-05,2.76777005e-05,fit
T7,10,tr,5.55,5,2.93313267e-05,2.94824371e-05,fit
T7,10,tr,5.6,5,2.9919891e-05,2.99146669e-05,fit
T7,10,tr,5.65,5,3.05115919e-05,3.09058453e-05,fit
T7,10,tr,5.7,5,3.11063324e-05,3.21704775e-05,fit
T7,10,tr,5.75,5,3.17040162e-05,3.04431467e-05,fit
T7,10,tr,5.8,5,3.23045483e-05,3.12254686e-05,fit
T7,10,tr,5.85,5,3.29078344e-05,3.23239812e-05,fit
T7,10,tr,5.9,5,3.35137814e-05,3.50167777e-05,fit
T7,10,tr,5.95,5,3.41222974e-05,3.38917087e-05,fit
T7,10,tr,6,5,3.47332915e-05,3.57141263e-05,fit
T7,10,tr,6.05,5,3.53466739e-05,3.29319691e-05,fit
T7,10,tr,6.1,5,3.59623563e-05,3.61704906e-05,fit
T7,10,tr,6.15,5,3.65802514e-05,3.75608131e-05,fit
T7,10,tr,6.2,5,3.72002733e-05,3.87587751e-05,fit
T7,10,tr,6.25,5,3.78223374e-05,3.70233471e-05,fit
T7,10,tr,6.3,5,3.84463602e-05,4.07881711e-05,fit
T7,10,tr,6.35,5,3.90722598e-05,3.81380118e-05,fit
T7,10,tr,6.4,5,3.96999556e-05,4.14524191e-05,fit
T7,10,tr,6.45,5,4.03293682e-05,4.24249085e-05,fit
T7,10,tr,6.5,5,4.09604198e-05,4.0884029e-05,fit
T7,10,tr,6.55,5,4.15930338e-05,3.9997381e-05,fit
T7,10,tr,6.6,5,4.22271351e-05,4.50949277e-05,fit
T7,10,tr,6.65,5,4.28626501e-05,4.33758366e-05,fit
T7,10,tr,6.7,5,4.34995063e-05,4.20109362e-05,fit
T7,10,tr,6.75,5,4.41376328e-05,4.48177188e-05,fit
T7,10,tr,6.8,5,4.47769602e-05,4.34275625e-05,fit
T7,10,tr,6.85,5,4.54174203e-05,4.56725638e-05,fit
T7,10,tr,6.9,5,4.60589463e-05,4.46063963e-05,fit
T7,10,tr,6.95,5,4.67014731e-05,4.36765838e-05,fit
T7,10,tr,7,5,4.73449365e-05,4.8316228e-05,fit
T7,10,tr,7.05,5,4.79892741e-05,4.70110774e-05,fit
T7,10,tr,7.1,5,4.86344246e-05,4.84418092e-05,fit
T7,10,tr,7.15,5,4.92803281e-05,4.94340362e-05,fit
T7,10,tr,7.2,5,4.99269263e-05,4.96583515e-05,fit
T7,10,tr,7.25,5,5.05741619e-05,4.95168785e-05,fit
T7,10,tr,7.3,5,5.12219791e-05,5.17630974e-05,fit
T7,10,tr,7.35,5,5.18703233e-05,5.27978866e-05,fit
T7,10,tr,7.4,5,5.25191413e-05,5.28638618e-05,fit
T7,10,tr,7.45,5,5.31683811e-05,5.26191294e-05,fit
T7,10,tr,7.5,5,5.38179919e-05,5.3883693e-05,fit
T7,10,tr,7.55,5,5.44679244e-05,5.69745361e-05,fit
T7,10,tr,7.6,5,5.51181302e-05,5.71527224e-05,fit
T7,10,tr,7.65,5,5.57685624e-05,5.54055528e-05,fit
T7,10,tr,7.7,5,5.6419175e-05,5.75121227e-05,fit
T7,10,tr,7.75,5,5.70699234e-05,5.81558036e-05,fit
T7,10,tr,7.8,5,5.7720764e-05,5.88318748e-05,fit
T7,10,tr,7.85,5,5.83716544e-05,5.85714547e-05,fit
T7,10,tr,7.9,5,5.90225534e-05,6.00252884e-05,fit
T7,10,tr,7.95,5,5.96734208e-05,5.92411874e-05,fit
T7,10,tr,8,5,6.03242174e-05,6.17515265e-05,fit
T8,10,tr,-2,0.1,2.02e-14,2.26157563e-14,fit
T8,10,tr,-1.95,0.1,2.02e-14,2.3062376e-14,fit
T8,10,tr,-1.9,0.1,2.02e-14,1.24384153e-14,fit
T8,10,tr,-1.85,0.1,2.02e-14,3.18061878e-14,fit
T8,10,tr,-1.8,0.1,2.02e-14,3.04752704e-14,fit
T8,10,tr,-1.75,0.1,2.02e-14,1.78546408e-14,fit
T8,10,tr,-1.7,0.1,2.02e-14,1.98528722e-14,fit
T8,10,tr,-1.65,0.1,2.02e-14,2.17003136e-14,fit
T8,10,tr,-1.6,0.1,2.02e-14,1.79602614e-14,fit
T8,10,tr,-1.55,0.1,2.02e-14,1.9356304e-14,fit
T8,10,tr,-1.5,0.1,2.02e-14,2.69207744e-14,fit
T8,10,tr,-1.45,0.1,2.02e-14,2.27559739e-14,fit
T8,10,tr,-1.4,0.1,2.02e-14,1.63982631e-14,fit
T8,10,tr,-1.35,0.1,2.02e-14,2.02811719e-14,fit
T8,10,tr,-1.3,0.1,2.02e-14,1.41299877e-14,fit
T8,10,tr,-1.25,0.1,2.02e-14,1.64931521e-14,fit
T8,10,tr,-1.2,0.1,2.02e-14,2.49384066e-14,fit
T8,10,tr,-1.15,0.1,2.02e-14,2.73576759e-14,fit
T8,10,tr,-1.1,0.1,2.02e-14,1.92837418e-14,fit
T8,10,tr,-1.05,0.1,2.02e-14,2.2031326e-14,fit
T8,10,tr,-1,0.1,2.02e-14,2.47506212e-14,fit
T8,10,tr,-0.95,0.1,2.02e-14,1.91310627e-14,fit
T8,10,tr,-0.9,0.1,2.02e-14,2.56955451e-14,fit
T8,10,tr,-0.85,0.1,2.02e-14,8.65128331e-15,fit
T8,10,tr,-0.8,0.1,2.02e-14,1.84963743e-14,fit
T8,10,tr,-0.75,0.1,2.02000001e-14,1.71555221e-14,fit
T8,10,tr,-0.7,0.1,2.02000002e-14,2.007531e-14,fit
T8,10,tr,-0.65,0.1,2.02000004e-14,2.65634365e-14,fit
T8,10,tr,-0.6,0.1,2.0200001e-14,2.22578224e-14,fit
T8,10,tr,-0.55,0.1,2.02000024e-14,1.76542568e-14,fit
T8,10,tr,-0.5,0.1,2.02000054e-14,1.56425417e-14,fit
T8,10,tr,-0.45,0.1,2.02000125e-14,1.55343174e-14,fit
T8,10,tr,-0.4,0.1,2.02000288e-14,3.39036835e-14,fit
T8,10,tr,-0.35,0.1,2.02000663e-14,3.5698893e-14,fit
T8,10,tr,-0.3,0.1,2.02001525e-14,2.32888497e-14,fit
T8,10,tr,-0.25,0.1,2.02003507e-14,2.64286636e-14,fit
T8,10,tr,-0.2,0.1,2.02008067e-14,2.32811115e-14,fit
T8,10,tr,-0.15,0.1,2.02018555e-14,3.1585659e-14,fit
T8,10,tr,-0.1,0.1,2.02042678e-14,2.65659537e-14,fit
T8,10,tr,-0.05,0.1,2.02098163e-14,2.88028449e-14,fit
T8,10,tr,1.20736754e-15,0.1,2.02225781e-14,1.93951332e-14,fit
T8,10,tr,0.05,0.1,2.0265164e-14,2.18330602e-14,fit
T8,10,tr,0.1,0.1,2.03498751e-14,2.75608897e-14,fit
T8,10,tr,0.15,0.1,2.05446977e-14,2.38862719e-14,fit
T8,10,tr,0.2,0.1,2.09927342e-14,2.29256149e-14,fit
T8,10,tr,0.25,0.1,2.20230058e-14,2.67721304e-14,fit
T8,10,tr,0.3,0.1,2.43918541e-14,2.34449563e-14,fit
T8,10,tr,0.35,0.1,2.98374451e-14,3.33178126e-14,fit
T8,10,tr,0.4,0.1,4.23526601e-14,4.30423234e-14,fit
T8,10,tr,0.45,0.1,7.11043347e-14,7.48960286e-14,fit
T8,10,tr,0.5,0.1,1.37118962e-13,1.37759455e-13,fit
T8,10,tr,0.55,0.1,2.88563279e-13,3.05079384e-13,fit
T8,10,tr,0.6,0.1,6.35564487e-13,6.30867308e-13,fit
T8,10,tr,0.65,0.1,1.4292071e-12,1.42998116e-12,fit
T8,10,tr,0.7,0.1,3.2395974e-12,3.26112433e-12,fit
T8,10,tr,0.75,0.1,7.3534403e-12,7.33855549e-12,fit
T8,10,tr,0.8,0.1,1.66494774e-11,1.66763118e-11,fit
T8,10,tr,0.85,0.1,3.74873668e-11,3.83218647e-11,fit
T8,10,tr,0.9,0.1,8.36642409e-11,8.37779348e-11,fit
T8,10,tr,0.95,0.1,1.84352244e-10,1.8764434e-10,fit
T8,10,tr,1,0.1,3.99042546e-10,3.91598747e-10,fit
T8,10,tr,1.05,0.1,8.43040491e-10,8.2729926e-10,fit
T8,10,tr,1.1,0.1,1.72368791e-09,1.6609134e-09,fit
T8,10,tr,1.15,0.1,3.37035469e-09,3.45749182e-09,fit
T8,10,tr,1.2,0.1,6.19990153e-09,6.07442326e-09,fit
T8,10,tr,1.25,0.1,1.05570188e-08,1.07385142e-08,fit
T8,10,tr,1.3,0.1,1.65372627e-08,1.66552127e-08,fit
T8,10,tr,1.35,0.1,2.39957329e-08,2.41805433e-08,fit
T8,10,tr,1.4,0.1,3.26880829e-08,3.25994466e-08,fit
T8,10,tr,1.45,0.1,4.2372193e-08,4.32646144e-08,fit
T8,10,tr,1.5,0.1,5.28410285e-08,5.38299094e-08,fit
T8,10,tr,1.55,0.1,6.39260114e-08,6.73730042e-08,fit
T8,10,tr,1.6,0.1,7.54933234e-08,7.53167612e-08,fit
T8,10,tr,1.65,0.1,8.74388072e-08,8.68614203e-08,fit
T8,10,tr,1.7,0.1,9.96825937e-08,9.66225614e-08,fit
T8,10,tr,1.75,0.1,1.12163993e-07,1.20103736e-07,fit
T8,10,tr,1.8,0.1,1.24837029e-07,1.22813255e-07,fit
T8,10,tr,1.85,0.1,1.37666776e-07,1.41619577e-07,fit
T8,10,tr,1.9,0.1,1.50626505e-07,1.54727051e-07,fit
T8,10,tr,1.95,0.1,1.63695516e-07,1.58629549e-07,fit
T8,10,tr,2,0.1,1.76857545e-07,1.74304967e-07,fit
T8,10,tr,2.05,0.1,1.90099593e-07,1.95053056e-07,fit
T8,10,tr,2.1,0.1,2.03411082e-07,2.04198194e-07,fit
T8,10,tr,2.15,0.1,2.16783249e-07,2.09593306e-07,fit
T8,10,tr,2.2,0.1,2.30208702e-07,2.31966097e-07,fit
T8,10,tr,2.25,0.1,2.43681106e-07,2.55738015e-07,fit
T8,10,tr,2.3,0.1,2.5719495e-07,2.60790137e-07,fit
T8,10,tr,2.35,0.1,2.70745378e-07,2.76150276e-07,fit
T8,10,tr,2.4,0.1,2.84328063e-07,2.96303398e-07,fit
T8,10,tr,2.45,0.1,2.97939114e-07,3.18631108e-07,fit
T8,10,tr,2.5,0.1,3.11575004e-07,3.12976338e-07,fit
T8,10,tr,2.55,0.1,3.25232515e-07,3.20497148e-07,fit
T8,10,tr,2.6,0.1,3.38908695e-07,3.39336991e-07,fit
T8,10,tr,2.65,0.1,3.52600823e-07,3.48801155e-07,fit
T8,10,tr,2.7,0.1,3.66306382e-07,3.52973148e-07,fit
T8,10,tr,2.75,0.1,3.80023038e-07,3.79427582e-07,fit
T8,10,tr,2.8,0.1,3.93748616e-07,3.83848463e-07,fit
T8,10,tr,2.85,0.1,4.07481089e-07,4.23900083e-07,fit
T8,10,tr,2.9,0.1,4.21218561e-07,4.20874926e-07,fit
T8,10,tr,2.95,0.1,4.34959259e-07,4.03715501e-07,fit
T8,10,tr,3,0.1,4.48701517e-07,4.36160515e-07,fit
T8,10,tr,3.05,0.1,4.62443774e-07,4.6835021e-07,fit
T8,10,tr,3.1,0.1,4.76184558e-07,4.68761256e-07,fit
T8,10,tr,3.15,0.1,4.89922485e-07,4.78785455e-07,fit
T8,10,tr,3.2,0.1,5.03656251e-07,4.95837226e-07,fit
T8,10,tr,3.25,0.1,5.17384626e-07,5.04944874e-07,fit
T8,10,tr,3.3,0.1,5.31106447e-07,5.40788689e-07,fit
T8,10,tr,3.35,0.1,5.44820616e-07,5.37325566e-07,fit
T8,10,tr,3.4,0.1,5.58526094e-07,5.43488486e-07,fit
T8,10,tr,3.45,0.1,5.72221898e-07,5.86385019e-07,fit
T8,10,tr,3.5,0.1,5.85907098e-07,5.65486408e-07,fit
T8,10,tr,3.55,0.1,5.99580811e-07,6.03122348e-07,fit
T8,10,tr,3.6,0.1,6.132422e-07,5.94845303e-07,fit
T8,10,tr,3.65,0.1,6.26890473e-07,6.18431054e-07,fit
T8,10,tr,3.7,0.1,6.40524876e-07,6.30479464e-07,fit
T8,10,tr,3.75,0.1,6.54144694e-07,6.31805217e-07,fit
T8,10,tr,3.8,0.1,6.6774925e-07,6.55328966e-07,fit
T8,10,tr,3.85,0.1,6.81337896e-07,7.10760294e-07,fit
T8,10,tr,3.9,0.1,6.94910021e-07,6.71302235e-07,fit
T8,10,tr,3.95,0.1,7.08465042e-07,7.50545688e-07,fit
T8,10,tr,4,0.1,7.22002404e-07,7.38830881e-07,fit
T8,10,tr,4.05,0.1,7.3552158e-07,7.69486197e-07,fit
T8,10,tr,4.1,0.1,7.49022069e-07,7.37115632e-07,fit
T8,10,tr,4.15,0.1,7.62503394e-07,7.86354693e-07,fit
T8,10,tr,4.2,0.1,7.759651e-07,7.79645471e-07,fit
T8,10,tr,4.25,0.1,7.89406756e-07,8.37790728e-07,fit
T8,10,tr,4.3,0.1,8.0282795e-07,7.91597978e-07,fit
T8,10,tr,4.35,0.1,8.16228291e-07,8.46028007e-07,fit
T8,10,tr,4.4,0.1,8.29607407e-07,8.14121215e-07,fit
T8,10,tr,4.45,0.1,8.42964944e-07,8.77993292e-07,fit
T8,10,tr,4.5,0.1,8.56300564e-07,8.46007135e-07,fit
T8,10,tr,4.55,0.1,8.69613947e-07,8.40162701e-07,fit
T8,10,tr,4.6,0.1,8.82904786e-07,8.46486881e-07,fit
T8,10,tr,4.65,0.1,8.96172793e-07,8.79645473e-07,fit
T8,10,tr,4.7,0.1,9.0941769e-07,9.50886396e-07,fit
T8,10,tr,4.75,0.1,9.22639216e-07,8.85828708e-07,fit
T8,10,tr,4.8,0.1,9.3583712e-07,9.13301165e-07,fit
T8,10,tr,4.85,0.1,9.49011166e-07,9.44292245e-07,fit
T8,10,tr,4.9,0.1,9.62161128e-07,9.61470581e-07,fit
T8,10,tr,4.95,0.1,9.75286793e-07,9.80445189e-07,fit
T8,10,tr,5,0.1,9.88387958e-07,1.0352112e-06,fit
T8,10,tr,5.05,0.1,1.00146443e-06,9.93523909e-07,fit
T8,10,tr,5.1,0.1,1.01451603e-06,9.69908983e-07,fit
T8,10,tr,5.15,0.1,1.02754258e-06,1.04893705e-06,fit
T8,10,tr,5.2,0.1,1.04054391e-06,1.02602596e-06,fit
T8,10,tr,5.25,0.1,1.05351989e-06,1.04480717e-06,fit
T8,10,tr,5.3,0.1,1.06647034e-06,1.06917099e-06,fit
T8,10,tr,5.35,0.1,1.07939515e-06,1.13053805e-06,fit
T8,10,tr,5.4,0.1,1.09229418e-06,1.131996e-06,fit
T8,10,tr,5.45,0.1,1.1051673e-06,1.10548085e-06,fit
T8,10,tr,5.5,0.1,1.1180144e-06,1.10516159e-06,fit
T8,10,tr,5.55,0.1,1.13083538e-06,1.14506638e-06,fit
T8,10,tr,5.6,0.1,1.14363012e-06,1.11678533e-06,fit
T8,10,tr,5.65,0.1,1.15639854e-06,1.0956801e-06,fit
T8,10,tr,5.7,0.1,1.16914054e-06,1.14498715e-06,fit
T8,10,tr,5.75,0.1,1.18185604e-06,1.21581658e-06,fit
T8,10,tr,5.8,0.1,1.19454496e-06,1.16942729e-06,fit
T8,10,tr,5.85,0.1,1.20720723e-06,1.18792894e-06,fit
T8,10,tr,5.9,0.1,1.21984279e-06,1.27311913e-06,fit
T8,10,tr,5.95,0.1,1.23245157e-06,1.28677712e-06,fit
T8,10,tr,6,0.1,1.24503351e-06,1.30098741e-06,fit
T8,10,tr,6.05,0.1,1.25758856e-06,1.22821167e-06,fit
T8,10,tr,6.1,0.1,1.27011668e-06,1.28878925e-06,fit
T8,10,tr,6.15,0.1,1.28261781e-06,1.33525025e-06,fit
T8,10,tr,6.2,0.1,1.29509193e-06,1.33520439e-06,fit
T8,10,tr,6.25,0.1,1.30753899e-06,1.29242281e-06,fit
T8,10,tr,6.3,0.1,1.31995897e-06,1.31124744e-06,fit
T8,10,tr,6.35,0.1,1.33235183e-06,1.30248832e-06,fit
T8,10,tr,6.4,0.1,1.34471755e-06,1.32304019e-06,fit
T8,10,tr,6.45,0.1,1.35705612e-06,1.37185096e-06,fit
T8,10,tr,6.5,0.1,1.36936751e-06,1.38424123e-06,fit
T8,10,tr,6.55,0.1,1.38165172e-06,1.34569085e-06,fit
T8,10,tr,6.6,0.1,1.39390872e-06,1.42123731e-06,fit
T8,10,tr,6.65,0.1,1.40613852e-06,1.41412599e-06,fit
T8,10,tr,6.7,0.1,1.4183411e-06,1.47390541e-06,fit
T8,10,tr,6.75,0.1,1.43051647e-06,1.40746412e-06,fit
T8,10,tr,6.8,0.1,1.44266463e-06,1.45207295e-06,fit
T8,10,tr,6.85,0.1,1.45478558e-06,1.36014885e-06,fit
T8,10,tr,6.9,0.1,1.46687933e-06,1.50099797e-06,fit
T8,10,tr,6.95,0.1,1.47894589e-06,1.50471056e-06,fit
T8,10,tr,7,0.1,1.49098526e-06,1.52973939e-06,fit
T8,10,tr,7.05,0.1,1.50299746e-06,1.5048113e-06,fit
T8,10,tr,7.1,0.1,1.5149825e-06,1.51653302e-06,fit
T8,10,tr,7.15,0.1,1.52694041e-06,1.52444094e-06,fit
T8,10,tr,7.2,0.1,1.5388712e-06,1.59758933e-06,fit
T8,10,tr,7.25,0.1,1.55077489e-06,1.50723223e-06,fit
T8,10,tr,7.3,0.1,1.56265151e-06,1.55902819e-06,fit
T8,10,tr,7.35,0.1,1.57450109e-06,1.60403054e-06,fit
T8,10,tr,7.4,0.1,1.58632364e-06,1.57028597e-06,fit
T8,10,tr,7.45,0.1,1.5981192e-06,1.55565401e-06,fit
T8,10,tr,7.5,0.1,1.6098878e-06,1.59671075e-06,fit
T8,10,tr,7.55,0.1,1.62162947e-06,1.63802307e-06,fit
T8,10,tr,7.6,0.1,1.63334424e-06,1.71334978e-06,fit
T8,10,tr,7.65,0.1,1.64503215e-06,1.62076073e-06,fit
T8,10,tr,7.7,0.1,1.65669324e-06,1.55434285e-06,fit
T8,10,tr,7.75,0.1,1.66832754e-06,1.72098502e-06,fit
T8,10,tr,7.8,0.1,1.67993509e-06,1.68109198e-06,fit
T8,10,tr,7.85,0.1,1.69151594e-06,1.72328931e-06,fit
T8,10,tr,7.9,0.1,1.70307012e-06,1.69876359e-06,fit
T8,10,tr,7.95,0.1,1.71459768e-06,1.71377741e-06,fit
T8,10,tr,8,0.1,1.72609866e-06,1.63050798e-06,fit
T8,10,tr,-2,5,1.5e-12,1.52565963e-12,fit
T8,10,tr,-1.95,5,1.5e-12,1.44570489e-12,fit
T8,10,tr,-1.9,5,1.5e-12,1.53139571e-12,fit
T8,10,tr,-1.85,5,1.5e-12,1.41889982e-12,fit
T8,10,tr,-1.8,5,1.5e-12,1.5466303e-12,fit
T8,10,tr,-1.75,5,1.5e-12,1.49284823e-12,fit
T8,10,tr,-1.7,5,1.5e-12,1.39409659e-12,fit
T8,10,tr,-1.65,5,1.5e-12,1.51470318e-12,fit
T8,10,tr,-1.6,5,1.5e-12,1.49938544e-12,fit
T8,10,tr,-1.55,5,1.5e-12,1.50530594e-12,fit
T8,10,tr,-1.5,5,1.5e-12,1.4449894e-12,fit
T8,10,tr,-1.45,5,1.5e-12,1.60118382e-12,fit
T8,10,tr,-1.4,5,1.5e-12,1.47935799e-12,fit
T8,10,tr,-1.35,5,1.5e-12,1.54150167e-12,fit
T8,10,tr,-1.3,5,1.5e-12,1.3870716e-12,fit
T8,10,tr,-1.25,5,1.5e-12,1.5247784e-12,fit
T8,10,tr,-1.2,5,1.5e-12,1.51667589e-12,fit
T8,10,tr,-1.15,5,1.5e-12,1.49964863e-12,fit
T8,10,tr,-1.1,5,1.5e-12,1.55293387e-12,fit
T8,10,tr,-1.05,5,1.5e-12,1.47183009e-12,fit
T8,10,tr,-1,5,1.5e-12,1.51302146e-12,fit
T8,10,tr,-0.95,5,1.5e-12,1.49128489e-12,fit
T8,10,tr,-0.9,5,1.5e-12,1.50512801e-12,fit
T8,10,tr,-0.85,5,1.5e-12,1.44950514e-12,fit
T8,10,tr,-0.8,5,1.5e-12,1.52644446e-12,fit
T8,10,tr,-0.75,5,1.5e-12,1.52574463e-12,fit
T8,10,tr,-0.7,5,1.5e-12,1.51969955e-12,fit
T8,10,tr,-0.65,5,1.5e-12,1.51798226e-12,fit
T8,10,tr,-0.6,5,1.50000001e-12,1.48300284e-12,fit
T8,10,tr,-0.55,5,1.50000001e-12,1.47591869e-12,fit
T8,10,tr,-0.5,5,1.50000003e-12,1.48053338e-12,fit
T8,10,tr,-0.45,5,1.50000007e-12,1.50872036e-12,fit
T8,10,tr,-0.4,5,1.50000016e-12,1.46632818e-12,fit
T8,10,tr,-0.35,5,1.50000037e-12,1.50089941e-12,fit
T8,10,tr,-0.3,5,1.50000086e-12,1.56387433e-12,fit
T8,10,tr,-0.25,5,1.50000197e-12,1.53307333e-12,fit
T8,10,tr,-0.2,5,1.50000453e-12,1.45605267e-12,fit
T8,10,tr,-0.15,5,1.50001042e-12,1.55992327e-12,fit
T8,10,tr,-0.1,5,1.50002397e-12,1.43433888e-12,fit
T8,10,tr,-0.05,5,1.50005514e-12,1.48652299e-12,fit
T8,10,tr,1.20736754e-15,5,1.50012682e-12,1.54818827e-12,fit
T8,10,tr,0.05,5,1.50036601e-12,1.53652646e-12,fit
T8,10,tr,0.1,5,1.50084175e-12,1.5180378e-12,fit
T8,10,tr,0.15,5,1.50193574e-12,1.45739145e-12,fit
T8,10,tr,0.2,5,1.5044511e-12,1.43908129e-12,fit
T8,10,tr,0.25,5,1.51023355e-12,1.53022733e-12,fit
T8,10,tr,0.3,5,1.5235231e-12,1.53681391e-12,fit
T8,10,tr,0.35,5,1.55405425e-12,1.62127353e-12,fit
T8,10,tr,0.4,5,1.62415653e-12,1.59074956e-12,fit
T8,10,tr,0.45,5,1.78498479e-12,1.73226008e-12,fit
T8,10,tr,0.5,5,2.1535089e-12,2.11897274e-12,fit
T8,10,tr,0.55,5,2.9964502e-12,2.83003665e-12,fit
T8,10,tr,0.6,5,4.9195386e-12,4.86087976e-12,fit
T8,10,tr,0.65,5,9.29027188e-12,9.25779519e-12,fit
T8,10,tr,0.7,5,1.91694225e-11,1.904128e-11,fit
T8,10,tr,0.75,5,4.13228511e-11,4.35169963e-11,fit
T8,10,tr,0.8,5,9.04416624e-11,9.54423961e-11,fit
T8,10,tr,0.85,5,1.9762794e-10,1.95391331e-10,fit
T8,10,tr,0.9,5,4.26443822e-10,4.18868574e-10,fit
T8,10,tr,0.95,5,9.00689596e-10,9.34024275e-10,fit
T8,10,tr,1,5,1.8466287e-09,1.903537e-09,fit
T8,10,tr,1.05,5,3.64559734e-09,3.50958798e-09,fit
T8,10,tr,1.1,5,6.8799315e-09,6.72312616e-09,fit
T8,10,tr,1.15,5,1.23432737e-08,1.20448289e-08,fit
T8,10,tr,1.2,5,2.09912477e-08,2.01774697e-08,fit
T8,10,tr,1.25,5,3.38373413e-08,3.32259868e-08,fit
T8,10,tr,1.3,5,5.18322705e-08,4.98678034e-08,fit
T8,10,tr,1.35,5,7.57729004e-08,7.7388657e-08,fit
T8,10,tr,1.4,5,1.06264153e-07,1.07664499e-07,fit
T8,10,tr,1.45,5,1.43727909e-07,1.36430012e-07,fit
T8,10,tr,1.5,5,1.88438013e-07,1.84644361e-07,fit
T8,10,tr,1.55,5,2.40561721e-07,2.36081026e-07,fit
T8,10,tr,1.6,5,3.0019608e-07,3.1258857e-07,fit
T8,10,tr,1.65,5,3.67395186e-07,3.60049725e-07,fit
T8,10,tr,1.7,5,4.42188583e-07,4.53372509e-07,fit
T8,10,tr,1.75,5,5.2459271e-07,5.49960635e-07,fit
T8,10,tr,1.8,5,6.14617533e-07,5.98231579e-07,fit
T8,10,tr,1.85,5,7.12270079e-07,7.23113743e-07,fit
T8,10,tr,1.9,5,8.17556108e-07,8.19521642e-07,fit
T8,10,tr,1.95,5,9.30480748e-07,9.54983775e-07,fit
T8,10,tr,2,5,1.05104857e-06,1.00864679e-06,fit
T8,10,tr,2.05,5,1.17926344e-06,1.16595103e-06,fit
T8,10,tr,2.1,5,1.31512826e-06,1.25124167e-06,fit
T8,10,tr,2.15,5,1.45864469e-06,1.49005761e-06,fit
T8,10,tr,2.2,5,1.60981297e-06,1.517621e-06,fit
T8,10,tr,2.25,5,1.7686317e-06,1.77186544e-06,fit
T8,10,tr,2.3,5,1.93509773e-06,1.84583303e-06,fit
T8,10,tr,2.35,5,2.10920606e-06,2.06226858e-06,fit
T8,10,tr,2.4,5,2.29094977e-06,2.23473836e-06,fit
T8,10,tr,2.45,5,2.48031999e-06,2.48492256e-06,fit
T8,10,tr,2.5,5,2.67730586e-06,2.72074069e-06,fit
T8,10,tr,2.55,5,2.88189453e-06,2.98225789e-06,fit
T8,10,tr,2.6,5,3.09407114e-06,3.22363002e-06,fit
T8,10,tr,2.65,5,3.31381881e-06,3.31724294e-06,fit
T8,10,tr,2.7,5,3.54111864e-06,3.42669619e-06,fit
T8,10,tr,2.75,5,3.7759497e-06,3.91825904e-06,fit
T8,10,tr,2.8,5,4.01828903e-06,3.87255592e-06,fit
T8,10,tr,2.85,5,4.26811161e-06,4.2696902e-06,fit
T8,10,tr,2.9,5,4.52539036e-06,4.43357934e-06,fit
T8,10,tr,2.95,5,4.79009611e-06,4.70367211e-06,fit
T8,10,tr,3,5,5.0621976e-06,5.09295188e-06,fit
T8,10,tr,3.05,5,5.34166147e-06,5.16465828e-06,fit
T8,10,tr,3.1,5,5.62845221e-06,5.61409834e-06,fit
T8,10,tr,3.15,5,5.92253215e-06,5.90817097e-06,fit
T8,10,tr,3.2,5,6.22386146e-06,6.42603877e-06,fit
T8,10,tr,3.25,5,6.53239813e-06,6.76026888e-06,fit
T8,10,tr,3.3,5,6.84809794e-06,7.01326138e-06,fit
T8,10,tr,3.35,5,7.17091444e-06,7.18682173e-06,fit
T8,10,tr,3.4,5,7.50079899e-06,7.90410164e-06,fit
T8,10,tr,3.45,5,7.83770068e-06,8.07685459e-06,fit
T8,10,tr,3.5,5,8.18156639e-06,7.88404617e-06,fit
T8,10,tr,3.55,5,8.53234077e-06,8.6180757e-06,fit
T8,10,tr,3.6,5,8.88996622e-06,9.02205282e-06,fit
T8,10,tr,3.65,5,9.25438294e-06,9.03280883e-06,fit
T8,10,tr,3.7,5,9.62552892e-06,9.70594638e-06,fit
T8,10,tr,3.75,5,1.000334e-05,9.91567801e-06,fit
T8,10,tr,3.8,5,1.03877498e-05,1.01208413e-05,fit
T8,10,tr,3.85,5,1.07786898e-05,1.08076637e-05,fit
T8,10,tr,3.9,5,1.11760896e-05,1.0978659e-05,fit
T8,10,tr,3.95,5,1.15798764e-05,1.11720307e-05,fit
T8,10,tr,4,5,1.19899757e-05,1.20067199e-05,fit
T8,10,tr,4.05,5,1.24063109e-05,1.17455782e-05,fit
T8,10,tr,4.1,5,1.28288036e-05,1.32851428e-05,fit
T8,10,tr,4.15,5,1.32573734e-05,1.31316777e-05,fit
T8,10,tr,4.2,5,1.36919382e-05,1.37400166e-05,fit
T8,10,tr,4.25,5,1.41324143e-05,1.45598079e-05,fit
T8,10,tr,4.3,5,1.45787162e-05,1.50088693e-05,fit
T8,10,tr,4.35,5,1.50307571e-05,1.49105896e-05,fit
T8,10,tr,4.4,5,1.54884484e-05,1.56562158e-05,fit
T8,10,tr,4.45,5,1.59517003e-05,1.6436975e-05,fit
T8,10,tr,4.5,5,1.64204217e-05,1.71459558e-05,fit
T8,10,tr,4.55,5,1.68945202e-05,1.65117458e-05,fit
T8,10,tr,4.6,5,1.73739023e-05,1.75462236e-05,fit
T8,10,tr,4.65,5,1.78584736e-05,1.72986133e-05,fit
T8,10,tr,4.7,5,1.83481385e-05,1.78739405e-05,fit
T8,10,tr,4.75,5,1.88428007e-05,1.88076913e-05,fit
T8,10,tr,4.8,5,1.93423631e-05,1.92272639e-05,fit
T8,10,tr,4.85,5,1.9846728e-05,1.92108892e-05,fit
T8,10,tr,4.9,5,2.03557971e-05,1.98126351e-05,fit
T8,10,tr,4.95,5,2.08694716e-05,2.08177807e-05,fit
T8,10,tr,5,5,2.13876523e-05,2.04784136e-05,fit
T8,10,tr,5.05,5,2.19102398e-05,2.20074692e-05,fit
T8,10,tr,5.1,5,2.24371344e-05,2.16374609e-05,fit
T8,10,tr,5.15,5,2.29682364e-05,2.3949094e-05,fit
T8,10,tr,5.2,5,2.35034459e-05,2.3613074e-05,fit
T8,10,tr,5.25,5,2.40426632e-05,2.45690304e-05,fit
T8,10,tr,5.3,5,2.45857889e-05,2.42985085e-05,fit
T8,10,tr,5.35,5,2.51327235e-05,2.59644938e-05,fit
T8,10,tr,5.4,5,2.5683368e-05,2.6063326e-05,fit
T8,10,tr,5.45,5,2.62376237e-05,2.68146982e-05,fit
T8,10,tr,5.5,5,2.67953926e-05,2.68661673e-05,fit
T8,10,tr,5.55,5,2.73565769e-05,2.78576727e-05,fit
T8,10,tr,5.6,5,2.79210796e-05,2.78176131e-05,fit
T8,10,tr,5.65,5,2.84888043e-05,2.90003e-05,fit
T8,10,tr,5.7,5,2.90596554e-05,2.87795005e-05,fit
T8,10,tr,5.75,5,2.9633538e-05,2.93380306e-05,fit
T8,10,tr,5.8,5,3.0210358e-05,3.03354893e-05,fit
T8,10,tr,5.85,5,3.07900224e-05,3.08703202e-05,fit
T8,10,tr,5.9,5,3.1372439e-05,3.13044017e-05,fit
T8,10,tr,5.95,5,3.19575165e-05,3.12039895e-05,fit
T8,10,tr,6,5,3.25451649e-05,3.22714342e-05,fit
T8,10,tr,6.05,5,3.3135295e-05,3.40696194e-05,fit
T8,10,tr,6.1,5,3.37278189e-05,3.38457191e-05,fit
T8,10,tr,6.15,5,3.43226497e-05,3.46572993e-05,fit
T8,10,tr,6.2,5,3.49197019e-05,3.43693889e-05,fit
T8,10,tr,6.25,5,3.55188909e-05,3.70227943e-05,fit
T8,10,tr,6.3,5,3.61201337e-05,3.58834307e-05,fit
T8,10,tr,6.35,5,3.67233482e-05,3.7321423e-05,fit
T8,10,tr,6.4,5,3.73284538e-05,3.72927413e-05,fit
T8,10,tr,6.45,5,3.79353711e-05,3.93167851e-05,fit
T8,10,tr,6.5,5,3.85440221e-05,3.67459228e-05,fit
T8,10,tr,6.55,5,3.91543301e-05,3.67745547e-05,fit
T8,10,tr,6.6,5,3.97662196e-05,3.93267637e-05,fit
T8,10,tr,6.65,5,4.03796167e-05,3.74115669e-05,fit
T8,10,tr,6.7,5,4.09944485e-05,3.9985158e-05,fit
T8,10,tr,6.75,5,4.16106439e-05,4.06589289e-05,fit
T8,10,tr,6.8,5,4.22281328e-05,4.18334836e-05,fit
T8,10,tr,6.85,5,4.28468465e-05,4.36354021e-05,fit
T8,10,tr,6.9,5,4.34667179e-05,4.16650224e-05,fit
T8,10,tr,6.95,5,4.4087681e-05,4.47219931e-05,fit
T8,10,tr,7,5,4.47096713e-05,4.6359562e-05,fit
T8,10,tr,7.05,5,4.53326255e-05,4.75324443e-05,fit
T8,10,tr,7.1,5,4.59564819e-05,4.43860862e-05,fit
T8,10,tr,7.15,5,4.65811798e-05,4.60324832e-05,fit
T8,10,tr,7.2,5,4.72066601e-05,4.99745196e-05,fit
T8,10,tr,7.25,5,4.7832865e-05,4.63824117e-05,fit
T8,10,tr,7.3,5,4.84597377e-05,5.01273765e-05,fit
T8,10,tr,7.35,5,4.90872231e-05,4.9624027e-05,fit
T8,10,tr,7.4,5,4.9715267e-05,5.05500606e-05,fit
T8,10,tr,7.45,5,5.03438168e-05,4.78600438e-05,fit
T8,10,tr,7.5,5,5.0972821e-05,4.882269e-05,fit
T8,10,tr,7.55,5,5.16022292e-05,5.02283039e-05,fit
T8,10,tr,7.6,5,5.22319925e-05,5.32045168e-05,fit
T8,10,tr,7.65,5,5.28620629e-05,5.41538418e-05,fit
T8,10,tr,7.7,5,5.34923939e-05,5.22112375e-05,fit
T8,10,tr,7.75,5,5.41229399e-05,5.45969723e-05,fit
T8,10,tr,7.8,5,5.47536566e-05,5.49708512e-05,fit
T8,10,tr,7.85,5,5.53845008e-05,5.37768246e-05,fit
T8,10,tr,7.9,5,5.60154304e-05,5.41610117e-05,fit
T8,10,tr,7.95,5,5.66464043e-05,5.3371385e-05,fit
T8,10,tr,8,5,5.72773828e-05,5.52654855e-05,fit
T7,10,out,2,-0,0,6.26293368e-15,fit
T7,10,out,2,0.05,1.07254344e-07,1.11094028e-07,fit
T7,10,out,2,0.1,2.08486002e-07,2.13406372e-07,fit
T7,10,out,2,0.15,3.0329548e-07,3.008344e-07,fit
T7,10,out,2,0.2,3.91293806e-07,3.94129514e-07,fit
T7,10,out,2,0.25,4.7217884e-07,4.59100136e-07,fit
T7,10,out,2,0.3,5.45782772e-07,5.07155064e-07,fit
T7,10,out,2,0.35,6.12097203e-07,6.14970915e-07,fit
T7,10,out,2,0.4,6.71277728e-07,6.80886236e-07,fit
T7,10,out,2,0.45,7.2363082e-07,7.0457127e-07,fit
T7,10,out,2,0.5,7.69587471e-07,7.95622268e-07,fit
T7,10,out,2,0.55,8.09669105e-07,8.33197248e-07,fit
T7,10,out,2,0.6,8.44451277e-07,8.62765989e-07,fit
T7,10,out,2,0.65,8.74529748e-07,8.23456161e-07,fit
T7,10,out,2,0.7,9.00492041e-07,8.98845714e-07,fit
T7,10,out,2,0.75,9.22895955e-07,9.37687115e-07,fit
T7,10,out,2,0.8,9.42255211e-07,9.14879798e-07,fit
T7,10,out,2,0.85,9.59031454e-07,9.4111526e-07,fit
T7,10,out,2,0.9,9.73631354e-07,9.96031743e-07,fit
T7,10,out,2,0.95,9.86407442e-07,1.04661457e-06,fit
T7,10,out,2,1,9.97661404e-07,1.01972068e-06,fit
T7,10,out,2,1.05,1.00764879e-06,1.01238413e-06,fit
T7,10,out,2,1.1,1.01658433e-06,9.98656489e-07,fit
T7,10,out,2,1.15,1.0246474e-06,9.89223629e-07,fit
T7,10,out,2,1.2,1.03198712e-06,1.0033836e-06,fit
T7,10,out,2,1.25,1.03872707e-06,1.04828143e-06,fit
T7,10,out,2,1.3,1.0449695e-06,1.02740275e-06,fit
T7,10,out,2,1.35,1.05079883e-06,1.09212538e-06,fit
T7,10,out,2,1.4,1.0562848e-06,1.0125646e-06,fit
T7,10,out,2,1.45,1.06148501e-06,1.0233076e-06,fit
T7,10,out,2,1.5,1.06644707e-06,1.06304738e-06,fit
T7,10,out,2,1.55,1.07121038e-06,1.07668136e-06,fit
T7,10,out,2,1.6,1.07580758e-06,1.07817077e-06,fit
T7,10,out,2,1.65,1.0802658e-06,1.04435102e-06,fit
T7,10,out,2,1.7,1.08460759e-06,1.05972631e-06,fit
T7,10,out,2,1.75,1.08885175e-06,1.11957027e-06,fit
T7,10,out,2,1.8,1.09301401e-06,1.08016775e-06,fit
T7,10,out,2,1.85,1.09710755e-06,1.08085051e-06,fit
T7,10,out,2,1.9,1.10114341e-06,1.1223418e-06,fit
T7,10,out,2,1.95,1.10513091e-06,1.1186223e-06,fit
T7,10,out,2,2,1.10907792e-06,1.10947381e-06,fit
T7,10,out,2,2.05,1.1129911e-06,1.1711629e-06,fit
T7,10,out,2,2.1,1.11687608e-06,1.07227353e-06,fit
T7,10,out,2,2.15,1.12073768e-06,1.13383207e-06,fit
T7,10,out,2,2.2,1.12457999e-06,1.10463511e-06,fit
T7,10,out,2,2.25,1.12840653e-06,1.16318148e-06,fit
T7,10,out,2,2.3,1.13222029e-06,1.10017133e-06,fit
T7,10,out,2,2.35,1.13602387e-06,1.15900668e-06,fit
T7,10,out,2,2.4,1.13981949e-06,1.12647912e-06,fit
T7,10,out,2,2.45,1.14360907e-06,1.23463698e-06,fit
T7,10,out,2,2.5,1.14739428e-06,1.15580823e-06,fit
T7,10,out,2,2.55,1.15117657e-06,1.2307323e-06,fit
T7,10,out,2,2.6,1.15495719e-06,1.13214338e-06,fit
T7,10,out,2,2.65,1.15873724e-06,1.13821432e-06,fit
T7,10,out,2,2.7,1.16251768e-06,1.17547284e-06,fit
T7,10,out,2,2.75,1.16629935e-06,1.10820091e-06,fit
T7,10,out,2,2.8,1.17008299e-06,1.13785268e-06,fit
T7,10,out,2,2.85,1.17386925e-06,1.22840903e-06,fit
T7,10,out,2,2.9,1.1776587e-06,1.21787754e-06,fit
T7,10,out,2,2.95,1.18145184e-06,1.17411876e-06,fit
T7,10,out,2,3,1.18524913e-06,1.22632541e-06,fit
T7,10,out,2,3.05,1.18905095e-06,1.2060005e-06,fit
T7,10,out,2,3.1,1.19285767e-06,1.21033809e-06,fit
T7,10,out,2,3.15,1.1966696e-06,1.16313035e-06,fit
T7,10,out,2,3.2,1.20048702e-06,1.23635583e-06,fit
T7,10,out,2,3.25,1.20431018e-06,1.1843372e-06,fit
T7,10,out,2,3.3,1.20813931e-06,1.26402134e-06,fit
T7,10,out,2,3.35,1.2119746e-06,1.17540353e-06,fit
T7,10,out,2,3.4,1.21581625e-06,1.3114631e-06,fit
T7,10,out,2,3.45,1.21966441e-06,1.19605926e-06,fit
T7,10,out,2,3.5,1.22351924e-06,1.17490278e-06,fit
T7,10,out,2,3.55,1.22738086e-06,1.18697256e-06,fit
T7,10,out,2,3.6,1.23124941e-06,1.24599168e-06,fit
T7,10,out,2,3.65,1.23512498e-06,1.246279e-06,fit
T7,10,out,2,3.7,1.23900769e-06,1.214113e-06,fit
T7,10,out,2,3.75,1.24289762e-06,1.2724326e-06,fit
T7,10,out,2,3.8,1.24679486e-06,1.3225153e-06,fit
T7,10,out,2,3.85,1.25069948e-06,1.25604977e-06,fit
T7,10,out,2,3.9,1.25461157e-06,1.28476073e-06,fit
T7,10,out,2,3.95,1.25853117e-06,1.29328384e-06,fit
T7,10,out,2,4,1.26245835e-06,1.29605297e-06,fit
T7,10,out,2,4.05,1.26639318e-06,1.20295553e-06,fit
T7,10,out,2,4.1,1.27033569e-06,1.33056021e-06,fit
T7,10,out,2,4.15,1.27428593e-06,1.27411043e-06,fit
T7,10,out,2,4.2,1.27824396e-06,1.28527923e-06,fit
T7,10,out,2,4.25,1.28220981e-06,1.33163053e-06,fit
T7,10,out,2,4.3,1.28618351e-06,1.18935456e-06,fit
T7,10,out,2,4.35,1.29016512e-06,1.32428059e-06,fit
T7,10,out,2,4.4,1.29415465e-06,1.30810465e-06,fit
T7,10,out,2,4.45,1.29815215e-06,1.36757428e-06,fit
T7,10,out,2,4.5,1.30215764e-06,1.31963592e-06,fit
T7,10,out,2,4.55,1.30617114e-06,1.36341906e-06,fit
T7,10,out,2,4.6,1.3101927e-06,1.35666624e-06,fit
T7,10,out,2,4.65,1.31422233e-06,1.27072482e-06,fit
T7,10,out,2,4.7,1.31826005e-06,1.31883315e-06,fit
T7,10,out,2,4.75,1.32230589e-06,1.29664953e-06,fit
T7,10,out,2,4.8,1.32635987e-06,1.32655827e-06,fit
T7,10,out,2,4.85,1.33042201e-06,1.29828208e-06,fit
T7,10,out,2,4.9,1.33449233e-06,1.27759709e-06,fit
T7,10,out,2,4.95,1.33857086e-06,1.33583684e-06,fit
T7,10,out,2,5,1.3426576e-06,1.33201874e-06,fit
T7,10,out,2,5.05,1.34675258e-06,1.36825747e-06,fit
T7,10,out,2,5.1,1.35085581e-06,1.42215438e-06,fit
T7,10,out,2,5.15,1.35496731e-06,1.34226074e-06,fit
T7,10,out,2,5.2,1.35908709e-06,1.35215465e-06,fit
T7,10,out,2,5.25,1.36321517e-06,1.41622309e-06,fit
T7,10,out,2,5.3,1.36735157e-06,1.4100402e-06,fit
T7,10,out,2,5.35,1.3714963e-06,1.30900374e-06,fit
T7,10,out,2,5.4,1.37564938e-06,1.37607198e-06,fit
T7,10,out,2,5.45,1.37981081e-06,1.3193712e-06,fit
T7,10,out,2,5.5,1.38398061e-06,1.34907576e-06,fit
T7,10,out,2,5.55,1.38815879e-06,1.36729106e-06,fit
T7,10,out,2,5.6,1.39234537e-06,1.38543932e-06,fit
T7,10,out,2,5.65,1.39654036e-06,1.38327714e-06,fit
T7,10,out,2,5.7,1.40074377e-06,1.40826074e-06,fit
T7,10,out,2,5.75,1.40495562e-06,1.41743362e-06,fit
T7,10,out,2,5.8,1.40917591e-06,1.47617742e-06,fit
T7,10,out,2,5.85,1.41340466e-06,1.44628462e-06,fit
T7,10,out,2,5.9,1.41764187e-06,1.37167341e-06,fit
T7,10,out,2,5.95,1.42188757e-06,1.47953868e-06,fit
T7,10,out,2,6,1.42614175e-06,1.43837034e-06,fit
T7,10,out,3,-0,0,3.17626306e-15,fit
T7,10,out,3,0.05,2.47918608e-07,2.40451756e-07,fit
T7,10,out,3,0.1,4.89845088e-07,4.90006504e-07,fit
T7,10,out,3,0.15,7.25600772e-07,7.26872321e-07,fit
T7,10,out,3,0.2,9.54977611e-07,9.6385906e-07,fit
T7,10,out,3,0.25,1.17775628e-06,1.12378457e-06,fit
T7,10,out,3,0.3,1.39371839e-06,1.37814738e-06,fit
T7,10,out,3,0.35,1.60265605e-06,1.70368787e-06,fit
T7,10,out,3,0.4,1.80437966e-06,1.71069411e-06,fit
T7,10,out,3,0.45,1.99872435e-06,1.91685967e-06,fit
T7,10,out,3,0.5,2.18555521e-06,2.18444951e-06,fit
T7,10,out,3,0.55,2.36477136e-06,2.38186246e-06,fit
T7,10,out,3,0.6,2.53630892e-06,2.48865589e-06,fit
T7,10,out,3,0.65,2.70014283e-06,2.70755914e-06,fit
T7,10,out,3,0.7,2.85628764e-06,2.84200502e-06,fit
T7,10,out,3,0.75,3.00479731e-06,2.9241624e-06,fit
T7,10,out,3,0.8,3.14576404e-06,3.13638229e-06,fit
T7,10,out,3,0.85,3.27931628e-06,3.24211413e-06,fit
T7,10,out,3,0.9,3.4056161e-06,3.43457478e-06,fit
T7,10,out,3,0.95,3.52485593e-06,3.591207e-06,fit
T7,10,out,3,1,3.63725491e-06,3.53432472e-06,fit
T7,10,out,3,1.05,3.74305495e-06,3.72427516e-06,fit
T7,10,out,3,1.1,3.84251666e-06,3.71560065e-06,fit
T7,10,out,3,1.15,3.93591526e-06,3.88576165e-06,fit
T7,10,out,3,1.2,4.02353659e-06,4.03049109e-06,fit
T7,10,out,3,1.25,4.10567328e-06,4.1844081e-06,fit
T7,10,out,3,1.3,4.18262129e-06,4.07632633e-06,fit
T7,10,out,3,1.35,4.25467663e-06,4.32676856e-06,fit
T7,10,out,3,1.4,4.32213254e-06,4.30071042e-06,fit
T7,10,out,3,1.45,4.38527703e-06,4.34210215e-06,fit
T7,10,out,3,1.5,4.44439077e-06,4.4042482e-06,fit
T7,10,out,3,1.55,4.49974538e-06,4.41090875e-06,fit
T7,10,out,3,1.6,4.55160209e-06,4.59055058e-06,fit
T7,10,out,3,1.65,4.60021069e-06,4.42240185e-06,fit
T7,10,out,3,1.7,4.64580883e-06,4.69952346e-06,fit
T7,10,out,3,1.75,4.68862155e-06,4.60404706e-06,fit
T7,10,out,3,1.8,4.72886104e-06,4.92985966e-06,fit
T7,10,out,3,1.85,4.76672664e-06,4.68607151e-06,fit
T7,10,out,3,1.9,4.80240496e-06,4.83757265e-06,fit
T7,10,out,3,1.95,4.83607016e-06,4.93077054e-06,fit
T7,10,out,3,2,4.86788432e-06,4.97126317e-06,fit
T7,10,out,3,2.05,4.89799793e-06,5.12147692e-06,fit
T7,10,out,3,2.1,4.92655035e-06,5.1658124e-06,fit
T7,10,out,3,2.15,4.95367046e-06,4.92615912e-06,fit
T7,10,out,3,2.2,4.97947715e-06,4.90598692e-06,fit
T7,10,out,3,2.25,5.00407999e-06,5.21672466e-06,fit
T7,10,out,3,2.3,5.02757977e-06,5.08774477e-06,fit
T7,10,out,3,2.35,5.05006916e-06,5.03225549e-06,fit
T7,10,out,3,2.4,5.0716332e-06,5.07569959e-06,fit
T7,10,out,3,2.45,5.0923499e-06,5.226818e-06,fit
T7,10,out,3,2.5,5.11229077e-06,5.23847958e-06,fit
T7,10,out,3,2.55,5.1315213e-06,4.81857606e-06,fit
T7,10,out,3,2.6,5.15010146e-06,5.0331565e-06,fit
T7,10,out,3,2.65,5.16808611e-06,5.08696193e-06,fit
T7,10,out,3,2.7,5.18552547e-06,5.03249592e-06,fit
T7,10,out,3,2.75,5.20246543e-06,5.38308895e-06,fit
T7,10,out,3,2.8,5.21894799e-06,5.41751848e-06,fit
T7,10,out,3,2.85,5.23501154e-06,5.2184887e-06,fit
T7,10,out,3,2.9,5.2506912e-06,5.4842399e-06,fit
T7,10,out,3,2.95,5.26601906e-06,5.22469941e-06,fit
T7,10,out,3,3,5.28102449e-06,5.5121048e-06,fit
T7,10,out,3,3.05,5.29573435e-06,5.43446934e-06,fit
T7,10,out,3,3.1,5.31017321e-06,5.36049177e-06,fit
T7,10,out,3,3.15,5.32436356e-06,5.42665974e-06,fit
T7,10,out,3,3.2,5.33832599e-06,5.2797695e-06,fit
T7,10,out,3,3.25,5.35207936e-06,5.55764358e-06,fit
T7,10,out,3,3.3,5.36564092e-06,5.32899256e-06,fit
T7,10,out,3,3.35,5.3790265e-06,5.49525057e-06,fit
T7,10,out,3,3.4,5.39225061e-06,5.28934241e-06,fit
T7,10,out,3,3.45,5.40532656e-06,5.30797736e-06,fit
T7,10,out,3,3.5,5.41826655e-06,5.46602416e-06,fit
T7,10,out,3,3.55,5.4310818e-06,5.48366078e-06,fit
T7,10,out,3,3.6,5.44378259e-06,5.68515457e-06,fit
T7,10,out,3,3.65,5.45637839e-06,5.45527305e-06,fit
T7,10,out,3,3.7,5.4688779e-06,5.55420606e-06,fit
T7,10,out,3,3.75,5.48128911e-06,5.57384154e-06,fit
T7,10,out,3,3.8,5.49361938e-06,5.86112034e-06,fit
T7,10,out,3,3.85,5.50587551e-06,5.56067457e-06,fit
T7,10,out,3,3.9,5.51806373e-06,5.3634876e-06,fit
T7,10,out,3,3.95,5.53018981e-06,5.31839464e-06,fit
T7,10,out,3,4,5.54225905e-06,5.49918881e-06,fit
T7,10,out,3,4.05,5.55427637e-06,5.58241859e-06,fit
T7,10,out,3,4.1,5.56624629e-06,5.38868265e-06,fit
T7,10,out,3,4.15,5.57817299e-06,5.39686657e-06,fit
T7,10,out,3,4.2,5.59006035e-06,5.43964104e-06,fit
T7,10,out,3,4.25,5.60191194e-06,5.59901503e-06,fit
T7,10,out,3,4.3,5.61373107e-06,5.71459821e-06,fit
T7,10,out,3,4.35,5.62552081e-06,5.50423583e-06,fit
T7,10,out,3,4.4,5.63728401e-06,5.49638635e-06,fit
T7,10,out,3,4.45,5.64902331e-06,5.85986473e-06,fit
T7,10,out,3,4.5,5.66074114e-06,5.95734741e-06,fit
T7,10,out,3,4.55,5.67243977e-06,5.75731748e-06,fit
T7,10,out,3,4.6,5.68412132e-06,5.5800031e-06,fit
T7,10,out,3,4.65,5.69578775e-06,5.58899695e-06,fit
T7,10,out,3,4.7,5.70744087e-06,5.81629851e-06,fit
T7,10,out,3,4.75,5.71908239e-06,5.42126409e-06,fit
T7,10,out,3,4.8,5.73071388e-06,5.45394981e-06,fit
T7,10,out,3,4.85,5.74233681e-06,5.89037407e-06,fit
T7,10,out,3,4.9,5.75395256e-06,5.49848997e-06,fit
T7,10,out,3,4.95,5.76556239e-06,5.61837153e-06,fit
T7,10,out,3,5,5.77716751e-06,6.12457225e-06,fit
T7,10,out,3,5.05,5.78876902e-06,5.68836108e-06,fit
T7,10,out,3,5.1,5.80036796e-06,6.01997062e-06,fit
T7,10,out,3,5.15,5.81196532e-06,5.74710619e-06,fit
T7,10,out,3,5.2,5.82356199e-06,5.62261859e-06,fit
T7,10,out,3,5.25,5.83515882e-06,5.89588767e-06,fit
T7,10,out,3,5.3,5.84675662e-06,5.81399778e-06,fit
T7,10,out,3,5.35,5.85835612e-06,5.99091098e-06,fit
T7,10,out,3,5.4,5.86995803e-06,5.60568843e-06,fit
T7,10,out,3,5.45,5.881563e-06,5.95944666e-06,fit
T7,10,out,3,5.5,5.89317164e-06,5.92183571e-06,fit
T7,10,out,3,5.55,5.90478454e-06,6.0372262e-06,fit
T7,10,out,3,5.6,5.91640223e-06,5.95523159e-06,fit
T7,10,out,3,5.65,5.92802522e-06,5.75030257e-06,fit
T7,10,out,3,5.7,5.93965398e-06,6.17129429e-06,fit
T7,10,out,3,5.75,5.95128898e-06,6.10711425e-06,fit
T7,10,out,3,5.8,5.96293064e-06,6.12300272e-06,fit
T7,10,out,3,5.85,5.97457934e-06,6.0790853e-06,fit
T7,10,out,3,5.9,5.98623547e-06,6.04562858e-06,fit
T7,10,out,3,5.95,5.99789938e-06,5.89224127e-06,fit
T7,10,out,3,6,6.00957141e-06,5.69597695e-06,fit
T7,10,out,4,-0,0,6.19431275e-15,fit
T7,10,out,4,0.05,3.88560139e-07,3.86285905e-07,fit
T7,10,out,4,0.1,7.71320511e-07,7.20566001e-07,fit
T7,10,out,4,0.15,1.14817135e-06,1.12480313e-06,fit
T7,10,out,4,0.2,1.5189819e-06,1.55519485e-06,fit
T7,10,out,4,0.25,1.88360868e-06,1.8287264e-06,fit
T7,10,out,4,0.3,2.24190084e-06,2.36746314e-06,fit
T7,10,out,4,0.35,2.59370419e-06,2.4628276e-06,fit
T7,10,out,4,0.4,2.9388645e-06,2.99202673e-06,fit
T7,10,out,4,0.45,3.27723036e-06,3.08631625e-06,fit
T7,10,out,4,0.5,3.60865565e-06,3.63717467e-06,fit
T7,10,out,4,0.55,3.93300178e-06,4.12234536e-06,fit
T7,10,out,4,0.6,4.25013961e-06,4.20031882e-06,fit
T7,10,out,4,0.65,4.55995117e-06,4.38320788e-06,fit
T7,10,out,4,0.7,4.86233119e-06,4.68892189e-06,fit
T7,10,out,4,0.75,5.15718839e-06,5.2452175e-06,fit
T7,10,out,4,0.8,5.44444654e-06,5.57184296e-06,fit
T7,10,out,4,0.85,5.72404536e-06,5.77892275e-06,fit
T7,10,out,4,0.9,5.99594118e-06,5.89158337e-06,fit
T7,10,out,4,0.95,6.2601074e-06,6.04400499e-06,fit
T7,10,out,4,1,6.51653479e-06,6.33846972e-06,fit
T7,10,out,4,1.05,6.76523153e-06,6.53906834e-06,fit
T7,10,out,4,1.1,7.00622312e-06,6.66103759e-06,fit
T7,10,out,4,1.15,7.23955211e-06,7.44986318e-06,fit
T7,10,out,4,1.2,7.46527766e-06,7.7283951e-06,fit
T7,10,out,4,1.25,7.68347494e-06,7.9639721e-06,fit
T7,10,out,4,1.3,7.89423442e-06,8.28350515e-06,fit
T7,10,out,4,1.35,8.09766106e-06,7.91520873e-06,fit
T7,10,out,4,1.4,8.29387331e-06,7.8220143e-06,fit
T7,10,out,4,1.45,8.48300218e-06,8.50869221e-06,fit
T7,10,out,4,1.5,8.66519011e-06,8.56487539e-06,fit
T7,10,out,4,1.55,8.84058984e-06,8.51702624e-06,fit
T7,10,out,4,1.6,9.00936331e-06,9.09217851e-06,fit
T7,10,out,4,1.65,9.17168043e-06,9.0144212e-06,fit
T7,10,out,4,1.7,9.32771795e-06,9.47705286e-06,fit
T7,10,out,4,1.75,9.47765829e-06,9.55402203e-06,fit
T7,10,out,4,1.8,9.62168843e-06,9.34309678e-06,fit
T7,10,out,4,1.85,9.75999882e-06,9.71866261e-06,fit
T7,10,out,4,1.9,9.89278234e-06,9.6968683e-06,fit
T7,10,out,4,1.95,1.00202333e-05,1.00780746e-05,fit
T7,10,out,4,2,1.01425465e-05,1.00781539e-05,fit
T7,10,out,4,2.05,1.02599165e-05,9.92197921e-06,fit
T7,10,out,4,2.1,1.03725367e-05,1.04561339e-05,fit
T7,10,out,4,2.15,1.04805984e-05,1.0360988e-05,fit
T7,10,out,4,2.2,1.05842909e-05,1.04846e-05,fit
T7,10,out,4,2.25,1.06837999e-05,1.06701985e-05,fit
T7,10,out,4,2.3,1.07793079e-05,1.14627404e-05,fit
T7,10,out,4,2.35,1.08709931e-05,1.09459726e-05,fit
T7,10,out,4,2.4,1.09590295e-05,1.08441003e-05,fit
T7,10,out,4,2.45,1.10435863e-05,1.07847829e-05,fit
T7,10,out,4,2.5,1.11248277e-05,1.05393835e-05,fit
T7,10,out,4,2.55,1.12029128e-05,1.11462693e-05,fit
T7,10,out,4,2.6,1.12779953e-05,1.12317383e-05,fit
T7,10,out,4,2.65,1.13502235e-05,1.11150301e-05,fit
T7,10,out,4,2.7,1.14197403e-05,1.16212052e-05,fit
T7,10,out,4,2.75,1.14866828e-05,1.15766107e-05,fit
T7,10,out,4,2.8,1.15511828e-05,1.17347166e-05,fit
T7,10,out,4,2.85,1.16133667e-05,1.14800642e-05,fit
T7,10,out,4,2.9,1.16733553e-05,1.21611595e-05,fit
T7,10,out,4,2.95,1.17312641e-05,1.18933911e-05,fit
T7,10,out,4,3,1.17872034e-05,1.15256391e-05,fit
T7,10,out,4,3.05,1.18412785e-05,1.18034942e-05,fit
T7,10,out,4,3.1,1.18935895e-05,1.22126659e-05,fit
T7,10,out,4,3.15,1.19442318e-05,1.16837187e-05,fit
T7,10,out,4,3.2,1.19932961e-05,1.24173304e-05,fit
T7,10,out,4,3.25,1.20408686e-05,1.18550711e-05,fit
T7,10,out,4,3.3,1.20870312e-05,1.1415843e-05,fit
T7,10,out,4,3.35,1.21318614e-05,1.23554927e-05,fit
T7,10,out,4,3.4,1.21754328e-05,1.19551601e-05,fit
T7,10,out,4,3.45,1.22178153e-05,1.21941096e-05,fit
T7,10,out,4,3.5,1.22590747e-05,1.21663661e-05,fit
T7,10,out,4,3.55,1.22992737e-05,1.26551879e-05,fit
T7,10,out,4,3.6,1.23384715e-05,1.22964836e-05,fit
T7,10,out,4,3.65,1.23767239e-05,1.26575192e-05,fit
T7,10,out,4,3.7,1.24140838e-05,1.20595626e-05,fit
T7,10,out,4,3.75,1.24506013e-05,1.24328937e-05,fit
T7,10,out,4,3.8,1.24863235e-05,1.22259756e-05,fit
T7,10,out,4,3.85,1.25212951e-05,1.24740417e-05,fit
T7,10,out,4,3.9,1.25555582e-05,1.3343199e-05,fit
T7,10,out,4,3.95,1.25891525e-05,1.22583366e-05,fit
T7,10,out,4,4,1.26221157e-05,1.27190452e-05,fit
T7,10,out,4,4.05,1.2654483e-05,1.24771491e-05,fit
T7,10,out,4,4.1,1.26862881e-05,1.27977708e-05,fit
T7,10,out,4,4.15,1.27175624e-05,1.2356187e-05,fit
T7,10,out,4,4.2,1.27483358e-05,1.24924726e-05,fit
T7,10,out,4,4.25,1.27786362e-05,1.20942607e-05,fit
T7,10,out,4,4.3,1.28084903e-05,1.32305107e-05,fit
T7,10,out,4,4.35,1.2837923e-05,1.28046455e-05,fit
T7,10,out,4,4.4,1.28669579e-05,1.29100639e-05,fit
T7,10,out,4,4.45,1.28956173e-05,1.23533595e-05,fit
T7,10,out,4,4.5,1.29239222e-05,1.34502205e-05,fit
T7,10,out,4,4.55,1.29518924e-05,1.33251505e-05,fit
T7,10,out,4,4.6,1.29795466e-05,1.2785536e-05,fit
T7,10,out,4,4.65,1.30069025e-05,1.30579569e-05,fit
T7,10,out,4,4.7,1.30339767e-05,1.2876319e-05,fit
T7,10,out,4,4.75,1.3060785e-05,1.3373871e-05,fit
T7,10,out,4,4.8,1.30873421e-05,1.22163833e-05,fit
T7,10,out,4,4.85,1.31136621e-05,1.31323443e-05,fit
T7,10,out,4,4.9,1.31397583e-05,1.31857149e-05,fit
T7,10,out,4,4.95,1.31656431e-05,1.34461906e-05,fit
T7,10,out,4,5,1.31913284e-05,1.27464469e-05,fit
T7,10,out,4,5.05,1.32168252e-05,1.28768145e-05,fit
T7,10,out,4,5.1,1.32421442e-05,1.27814165e-05,fit
T7,10,out,4,5.15,1.32672953e-05,1.35867254e-05,fit
T7,10,out,4,5.2,1.32922879e-05,1.34106835e-05,fit
T7,10,out,4,5.25,1.33171309e-05,1.36992864e-05,fit
T7,10,out,4,5.3,1.33418327e-05,1.36264988e-05,fit
T7,10,out,4,5.35,1.33664012e-05,1.35919329e-05,fit
T7,10,out,4,5.4,1.33908441e-05,1.29100128e-05,fit
T7,10,out,4,5.45,1.34151684e-05,1.33055237e-05,fit
T7,10,out,4,5.5,1.34393809e-05,1.39488159e-05,fit
T7,10,out,4,5.55,1.34634879e-05,1.35771785e-05,fit
T7,10,out,4,5.6,1.34874955e-05,1.3087202e-05,fit
T7,10,out,4,5.65,1.35114094e-05,1.31624497e-05,fit
T7,10,out,4,5.7,1.3535235e-05,1.33437769e-05,fit
T7,10,out,4,5.75,1.35589775e-05,1.34489597e-05,fit
T7,10,out,4,5.8,1.35826416e-05,1.36170962e-05,fit
T7,10,out,4,5.85,1.36062322e-05,1.36007922e-05,fit
T7,10,out,4,5.9,1.36297534e-05,1.38044386e-05,fit
T7,10,out,4,5.95,1.36532094e-05,1.40742927e-05,fit
T7,10,out,4,6,1.36766043e-05,1.39274982e-05,fit
T7,10,out,6,-0,0,1.09831418e-14,fit
T7,10,out,6,0.05,6.57091861e-07,6.97696927e-07,fit
T7,10,out,6,0.1,1.30896292e-06,1.30027036e-06,fit
T7,10,out,6,0.15,1.95555162e-06,1.91707247e-06,fit
T7,10,out,6,0.2,2.59678518e-06,2.68198066e-06,fit
T7,10,out,6,0.25,3.23258284e-06,3.3679398e-06,fit
T7,10,out,6,0.3,3.86285789e-06,3.91917306e-06,fit
T7,10,out,6,0.35,4.48751908e-06,4.66438034e-06,fit
T7,10,out,6,0.4,5.10647174e-06,5.08431235e-06,fit
T7,10,out,6,0.45,5.7196188e-06,5.69925148e-06,fit
T7,10,out,6,0.5,6.32686155e-06,6.13065444e-06,fit
T7,10,out,6,0.55,6.92810042e-06,7.14865848e-06,fit
T7,10,out,6,0.6,7.52323562e-06,7.57557055e-06,fit
T7,10,out,6,0.65,8.11216773e-06,8.52658208e-06,fit
T7,10,out,6,0.7,8.69479834e-06,8.62887554e-06,fit
T7,10,out,6,0.75,9.27103046e-06,9.60133274e-06,fit
T7,10,out,6,0.8,9.84076909e-06,9.89273304e-06,fit
T7,10,out,6,0.85,1.04039216e-05,1.09593849e-05,fit
T7,10,out,6,0.9,1.09603984e-05,1.09952861e-05,fit
T7,10,out,6,0.95,1.15101128e-05,1.20314645e-05,fit
T7,10,out,6,1,1.2052982e-05,1.17341732e-05,fit
T7,10,out,6,1.05,1.2588927e-05,1.24723782e-05,fit
T7,10,out,6,1.1,1.31178732e-05,1.29554536e-05,fit
T7,10,out,6,1.15,1.36397504e-05,1.41075609e-05,fit
T7,10,out,6,1.2,1.41544934e-05,1.33537889e-05,fit
T7,10,out,6,1.25,1.4662042e-05,1.42141286e-05,fit
T7,10,out,6,1.3,1.51623412e-05,1.53035334e-05,fit
T7,10,out,6,1.35,1.56553417e-05,1.56749962e-05,fit
T7,10,out,6,1.4,1.61409997e-05,1.61647118e-05,fit
T7,10,out,6,1.45,1.66192771e-05,1.68715551e-05,fit
T7,10,out,6,1.5,1.70901421e-05,1.70185169e-05,fit
T7,10,out,6,1.55,1.75535684e-05,1.79396618e-05,fit
T7,10,out,6,1.6,1.80095362e-05,1.87468144e-05,fit
T7,10,out,6,1.65,1.84580317e-05,1.80028779e-05,fit
T7,10,out,6,1.7,1.8899047e-05,1.96512651e-05,fit
T7,10,out,6,1.75,1.93325808e-05,1.89358656e-05,fit
T7,10,out,6,1.8,1.97586377e-05,1.90459101e-05,fit
T7,10,out,6,1.85,2.01772282e-05,2.0154313e-05,fit
T7,10,out,6,1.9,2.05883691e-05,2.05392938e-05,fit
T7,10,out,6,1.95,2.09920832e-05,2.11738015e-05,fit
T7,10,out,6,2,2.13883988e-05,2.06914937e-05,fit
T7,10,out,6,2.05,2.17773503e-05,2.17136621e-05,fit
T7,10,out,6,2.1,2.21589774e-05,2.17757017e-05,fit
T7,10,out,6,2.15,2.25333253e-05,2.32489507e-05,fit
T7,10,out,6,2.2,2.29004447e-05,2.2926448e-05,fit
T7,10,out,6,2.25,2.32603911e-05,2.28281829e-05,fit
T7,10,out,6,2.3,2.36132251e-05,2.28861376e-05,fit
T7,10,out,6,2.35,2.39590118e-05,2.39264525e-05,fit
T7,10,out,6,2.4,2.4297821e-05,2.56921186e-05,fit
T7,10,out,6,2.45,2.46297268e-05,2.33975254e-05,fit
T7,10,out,6,2.5,2.4954807e-05,2.44416838e-05,fit
T7,10,out,6,2.55,2.52731438e-05,2.61694752e-05,fit
T7,10,out,6,2.6,2.55848224e-05,2.63279194e-05,fit
T7,10,out,6,2.65,2.58899317e-05,2.57041522e-05,fit
T7,10,out,6,2.7,2.61885637e-05,2.60642727e-05,fit
T7,10,out,6,2.75,2.64808131e-05,2.61204318e-05,fit
T7,10,out,6,2.8,2.67667775e-05,2.60574788e-05,fit
T7,10,out,6,2.85,2.70465566e-05,2.67956842e-05,fit
T7,10,out,6,2.9,2.73202524e-05,2.77253708e-05,fit
T7,10,out,6,2.95,2.75879688e-05,2.78641549e-05,fit
T7,10,out,6,3,2.78498115e-05,2.66453649e-05,fit
T7,10,out,6,3.05,2.81058875e-05,2.79255387e-05,fit
T7,10,out,6,3.1,2.83563051e-05,2.78029079e-05,fit
T7,10,out,6,3.15,2.86011737e-05,2.96301824e-05,fit
T7,10,out,6,3.2,2.88406036e-05,2.76954813e-05,fit
T7,10,out,6,3.25,2.90747054e-05,2.81007313e-05,fit
T7,10,out,6,3.3,2.93035904e-05,2.8160934e-05,fit
T7,10,out,6,3.35,2.95273701e-05,3.2767699e-05,fit
T7,10,out,6,3.4,2.9746156e-05,3.13133546e-05,fit
T7,10,out,6,3.45,2.99600597e-05,2.97788818e-05,fit
T7,10,out,6,3.5,3.01691921e-05,3.10552935e-05,fit
T7,10,out,6,3.55,3.03736641e-05,2.88880367e-05,fit
T7,10,out,6,3.6,3.05735859e-05,3.03810132e-05,fit
T7,10,out,6,3.65,3.0769067e-05,3.29478318e-05,fit
T7,10,out,6,3.7,3.09602159e-05,3.08360891e-05,fit
T7,10,out,6,3.75,3.11471403e-05,2.99717061e-05,fit
T7,10,out,6,3.8,3.1329947e-05,3.07749306e-05,fit
T7,10,out,6,3.85,3.15087414e-05,3.09727108e-05,fit
T7,10,out,6,3.9,3.16836276e-05,3.15425316e-05,fit
T7,10,out,6,3.95,3.18547086e-05,3.17174596e-05,fit
T7,10,out,6,4,3.20220858e-05,3.15689454e-05,fit
T7,10,out,6,4.05,3.2185859e-05,3.07937431e-05,fit
T7,10,out,6,4.1,3.23461269e-05,3.23090198e-05,fit
T7,10,out,6,4.15,3.2502986e-05,3.24761127e-05,fit
T7,10,out,6,4.2,3.26565315e-05,3.11509234e-05,fit
T7,10,out,6,4.25,3.28068567e-05,3.33527192e-05,fit
T7,10,out,6,4.3,3.29540534e-05,3.27886808e-05,fit
T7,10,out,6,4.35,3.30982114e-05,3.48349442e-05,fit
T7,10,out,6,4.4,3.32394188e-05,3.37241361e-05,fit
T7,10,out,6,4.45,3.33777617e-05,3.27494196e-05,fit
T7,10,out,6,4.5,3.35133247e-05,3.26494114e-05,fit
T7,10,out,6,4.55,3.36461901e-05,3.54783546e-05,fit
T7,10,out,6,4.6,3.37764387e-05,3.4986879e-05,fit
T7,10,out,6,4.65,3.39041494e-05,3.44868156e-05,fit
T7,10,out,6,4.7,3.4029399e-05,3.49320241e-05,fit
T7,10,out,6,4.75,3.41522626e-05,3.28429922e-05,fit
T7,10,out,6,4.8,3.42728136e-05,3.55234096e-05,fit
T7,10,out,6,4.85,3.43911233e-05,3.42984509e-05,fit
T7,10,out,6,4.9,3.45072613e-05,3.45275516e-05,fit
T7,10,out,6,4.95,3.46212953e-05,3.57593401e-05,fit
T7,10,out,6,5,3.47332915e-05,3.53882104e-05,fit
T7,10,out,6,5.05,3.48433139e-05,3.33745158e-05,fit
T7,10,out,6,5.1,3.49514251e-05,3.57300769e-05,fit
T7,10,out,6,5.15,3.50576859e-05,3.49661931e-05,fit
T7,10,out,6,5.2,3.51621553e-05,3.65084839e-05,fit
T7,10,out,6,5.25,3.52648906e-05,3.55679323e-05,fit
T7,10,out,6,5.3,3.53659478e-05,3.61343641e-05,fit
T7,10,out,6,5.35,3.54653809e-05,3.45934209e-05,fit
T7,10,out,6,5.4,3.55632426e-05,3.48374984e-05,fit
T7,10,out,6,5.45,3.56595837e-05,3.46474713e-05,fit
T7,10,out,6,5.5,3.5754454e-05,3.62676718e-05,fit
T7,10,out,6,5.55,3.58479014e-05,3.5046393e-05,fit
T7,10,out,6,5.6,3.59399725e-05,3.57800859e-05,fit
T7,10,out,6,5.65,3.60307125e-05,3.86412849e-05,fit
T7,10,out,6,5.7,3.61201652e-05,3.73754529e-05,fit
T7,10,out,6,5.75,3.6208373e-05,3.92303983e-05,fit
T7,10,out,6,5.8,3.62953771e-05,3.58644346e-05,fit
T7,10,out,6,5.85,3.63812173e-05,3.580575e-05,fit
T7,10,out,6,5.9,3.64659322e-05,3.63746993e-05,fit
T7,10,out,6,5.95,3.65495591e-05,3.76560527e-05,fit
T7,10,out,6,6,3.66321344e-05,3.61351156e-05,fit
T8,10,out,2,-0,0,6.5557385e-15,fit
T8,10,out,2,0.05,9.13442099e-08,8.99596033e-08,fit
T8,10,out,2,0.1,1.76857545e-07,1.86311226e-07,fit
T8,10,out,2,0.15,2.56111582e-07,2.51268567e-07,fit
T8,10,out,2,0.2,3.28714817e-07,3.24010616e-07,fit
T8,10,out,2,0.25,3.94402844e-07,4.0278447e-07,fit
T8,10,out,2,0.3,4.5308927e-07,4.57251139e-07,fit
T8,10,out,2,0.35,5.04884236e-07,5.04677183e-07,fit
T8,10,out,2,0.4,5.5008444e-07,5.4755778e-07,fit
T8,10,out,2,0.45,5.89141263e-07,5.99393994e-07,fit
T8,10,out,2,0.5,6.22615926e-07,6.1739587e-07,fit
T8,10,out,2,0.55,6.51130967e-07,6.9397316e-07,fit
T8,10,out,2,0.6,6.75325654e-07,6.96813278e-07,fit
T8,10,out,2,0.65,6.95820163e-07,7.11904393e-07,fit
T8,10,out,2,0.7,7.13190426e-07,6.97703727e-07,fit
T8,10,out,2,0.75,7.27953269e-07,7.98117442e-07,fit
T8,10,out,2,0.8,7.40560093e-07,7.52658192e-07,fit
T8,10,out,2,0.85,7.51396828e-07,7.41245742e-07,fit
T8,10,out,2,0.9,7.60787957e-07,7.44594694e-07,fit
T8,10,out,2,0.95,7.69002802e-07,7.1695785e-07,fit
T8,10,out,2,1,7.76262721e-07,7.6510037e-07,fit
T8,10,out,2,1.05,7.82748346e-07,7.39579903e-07,fit
T8,10,out,2,1.1,7.88606322e-07,7.57003807e-07,fit
T8,10,out,2,1.15,7.93955308e-07,8.28253598e-07,fit
T8,10,out,2,1.2,7.9889113e-07,7.92109286e-07,fit
T8,10,out,2,1.25,8.03491114e-07,7.85086132e-07,fit
T8,10,out,2,1.3,8.07817667e-07,8.51034669e-07,fit
T8,10,out,2,1.35,8.119212e-07,7.97109443e-07,fit
T8,10,out,2,1.4,8.15842498e-07,8.68390843e-07,fit
T8,10,out,2,1.45,8.19614619e-07,8.13737552e-07,fit
T8,10,out,2,1.5,8.23264424e-07,8.3394736e-07,fit
T8,10,out,2,1.55,8.26813795e-07,8.18644177e-07,fit
T8,10,out,2,1.6,8.30280609e-07,8.17558388e-07,fit
T8,10,out,2,1.65,8.33679515e-07,8.40094343e-07,fit
T8,10,out,2,1.7,8.37022554e-07,8.73508163e-07,fit
T8,10,out,2,1.75,8.40319656e-07,8.44120568e-07,fit
T8,10,out,2,1.8,8.43579036e-07,8.20087113e-07,fit
T8,10,out,2,1.85,8.46807511e-07,8.05040547e-07,fit
T8,10,out,2,1.9,8.50010761e-07,8.82924241e-07,fit
T8,10,out,2,1.95,8.53193529e-07,8.3651241e-07,fit
T8,10,out,2,2,8.56359791e-07,8.30767179e-07,fit
T8,10,out,2,2.05,8.59512891e-07,8.73281327e-07,fit
T8,10,out,2,2.1,8.62655649e-07,8.76974844e-07,fit
T8,10,out,2,2.15,8.65790451e-07,8.83188225e-07,fit
T8,10,out,2,2.2,8.68919323e-07,8.5474113e-07,fit
T8,10,out,2,2.25,8.72043989e-07,8.25287313e-07,fit
T8,10,out,2,2.3,8.75165923e-07,8.91610405e-07,fit
T8,10,out,2,2.35,8.78286384e-07,8.788813e-07,fit
T8,10,out,2,2.4,8.81406455e-07,8.81612492e-07,fit
T8,10,out,2,2.45,8.8452707e-07,8.62426004e-07,fit
T8,10,out,2,2.5,8.87649034e-07,9.03582845e-07,fit
T8,10,out,2,2.55,8.90773045e-07,8.93867226e-07,fit
T8,10,out,2,2.6,8.93899707e-07,9.03015401e-07,fit
T8,10,out,2,2.65,8.97029549e-07,9.32158521e-07,fit
T8,10,out,2,2.7,9.00163031e-07,8.95214471e-07,fit
T8,10,out,2,2.75,9.03300556e-07,8.95417361e-07,fit
T8,10,out,2,2.8,9.06442476e-07,8.98866569e-07,fit
T8,10,out,2,2.85,9.09589104e-07,8.6764658e-07,fit
T8,10,out,2,2.9,9.12740712e-07,9.02939304e-07,fit
T8,10,out,2,2.95,9.15897544e-07,9.43651087e-07,fit
T8,10,out,2,3,9.19059814e-07,9.40977533e-07,fit
T8,10,out,2,3.05,9.22227713e-07,9.06717656e-07,fit
T8,10,out,2,3.1,9.2540141e-07,8.91865066e-07,fit
T8,10,out,2,3.15,9.28581058e-07,9.40697014e-07,fit
T8,10,out,2,3.2,9.31766792e-07,9.32312264e-07,fit
T8,10,out,2,3.25,9.34958733e-07,9.38731927e-07,fit
T8,10,out,2,3.3,9.38156991e-07,9.79997455e-07,fit
T8,10,out,2,3.35,9.41361665e-07,9.34472319e-07,fit
T8,10,out,2,3.4,9.44572843e-07,9.75890344e-07,fit
T8,10,out,2,3.45,9.47790607e-07,9.55710607e-07,fit
T8,10,out,2,3.5,9.5101503e-07,9.74719312e-07,fit
T8,10,out,2,3.55,9.54246179e-07,9.33524535e-07,fit
T8,10,out,2,3.6,9.57484113e-07,9.54645702e-07,fit
T8,10,out,2,3.65,9.6072889e-07,9.68758826e-07,fit
T8,10,out,2,3.7,9.63980561e-07,9.58755209e-07,fit
T8,10,out,2,3.75,9.67239171e-07,9.68401042e-07,fit
T8,10,out,2,3.8,9.70504765e-07,9.61475756e-07,fit
T8,10,out,2,3.85,9.73777383e-07,1.02690547e-06,fit
T8,10,out,2,3.9,9.77057062e-07,9.12733861e-07,fit
T8,10,out,2,3.95,9.80343836e-07,1.0034243e-06,fit
T8,10,out,2,4,9.83637737e-07,9.85793258e-07,fit
T8,10,out,2,4.05,9.86938796e-07,9.53095143e-07,fit
T8,10,out,2,4.1,9.90247041e-07,9.70940971e-07,fit
T8,10,out,2,4.15,9.93562497e-07,9.49179786e-07,fit
T8,10,out,2,4.2,9.96885191e-07,1.01428596e-06,fit
T8,10,out,2,4.25,1.00021514e-06,1.02188866e-06,fit
T8,10,out,2,4.3,1.00355238e-06,1.01562805e-06,fit
T8,10,out,2,4.35,1.00689692e-06,1.05724407e-06,fit
T8,10,out,2,4.4,1.01024878e-06,9.59872983e-07,fit
T8,10,out,2,4.45,1.01360799e-06,9.74637897e-07,fit
T8,10,out,2,4.5,1.01697456e-06,1.00283425e-06,fit
T8,10,out,2,4.55,1.0203485e-06,1.04181482e-06,fit
T8,10,out,2,4.6,1.02372984e-06,1.03746831e-06,fit
T8,10,out,2,4.65,1.02711859e-06,9.94197089e-07,fit
T8,10,out,2,4.7,1.03051476e-06,1.03048279e-06,fit
T8,10,out,2,4.75,1.03391838e-06,1.05718247e-06,fit
T8,10,out,2,4.8,1.03732945e-06,9.91550607e-07,fit
T8,10,out,2,4.85,1.040748e-06,1.05719957e-06,fit
T8,10,out,2,4.9,1.04417402e-06,1.07227988e-06,fit
T8,10,out,2,4.95,1.04760754e-06,1.08082601e-06,fit
T8,10,out,2,5,1.05104857e-06,1.08364849e-06,fit
T8,10,out,2,5.05,1.05449712e-06,1.04313784e-06,fit
T8,10,out,2,5.1,1.05795321e-06,9.91034888e-07,fit
T8,10,out,2,5.15,1.06141684e-06,1.01635062e-06,fit
T8,10,out,2,5.2,1.06488803e-06,1.03436797e-06,fit
T8,10,out,2,5.25,1.06836679e-06,1.05832769e-06,fit
T8,10,out,2,5.3,1.07185312e-06,1.09367097e-06,fit
T8,10,out,2,5.35,1.07534705e-06,1.07421608e-06,fit
T8,10,out,2,5.4,1.07884858e-06,1.08642415e-06,fit
T8,10,out,2,5.45,1.08235773e-06,1.12634319e-06,fit
T8,10,out,2,5.5,1.08587449e-06,1.03365298e-06,fit
T8,10,out,2,5.55,1.0893989e-06,1.09558859e-06,fit
T8,10,out,2,5.6,1.09293094e-06,1.11276128e-06,fit
T8,10,out,2,5.65,1.09647064e-06,1.13811507e-06,fit
T8,10,out,2,5.7,1.100018e-06,1.17359918e-06,fit
T8,10,out,2,5.75,1.10357304e-06,1.13700023e-06,fit
T8,10,out,2,5.8,1.10713576e-06,1.07091574e-06,fit
T8,10,out,2,5.85,1.11070618e-06,1.12900866e-06,fit
T8,10,out,2,5.9,1.11428429e-06,1.08469912e-06,fit
T8,10,out,2,5.95,1.11787013e-06,1.13077991e-06,fit
T8,10,out,2,6,1.12146368e-06,1.09938982e-06,fit
T8,10,out,3,-0,0,2.46913066e-15,fit
T8,10,out,3,0.05,2.27260752e-07,2.28884132e-07,fit
T8,10,out,3,0.1,4.48701517e-07,4.39904029e-07,fit
T8,10,out,3,0.15,6.64138572e-07,6.65003124e-07,fit
T8,10,out,3,0.2,8.73359085e-07,8.70902029e-07,fit
T8,10,out,3,0.25,1.07614046e-06,1.09233242e-06,fit
T8,10,out,3,0.3,1.27226347e-06,1.24847933e-06,fit
T8,10,out,3,0.35,1.46152253e-06,1.41000689e-06,fit
T8,10,out,3,0.4,1.643734e-06,1.55663732e-06,fit
T8,10,out,3,0.45,1.81874296e-06,1.84243589e-06,fit
T8,10,out,3,0.5,1.98642861e-06,2.02252699e-06,fit
T8,10,out,3,0.55,2.14670824e-06,2.0775615e-06,fit
T8,10,out,3,0.6,2.29953996e-06,2.17160455e-06,fit
T8,10,out,3,0.65,2.44492404e-06,2.49331044e-06,fit
T8,10,out,3,0.7,2.58290316e-06,2.58287354e-06,fit
T8,10,out,3,0.75,2.71356135e-06,2.77600437e-06,fit
T8,10,out,3,0.8,2.8370221e-06,2.83767285e-06,fit
T8,10,out,3,0.85,2.95344544e-06,3.06503535e-06,fit
T8,10,out,3,0.9,3.06302443e-06,3.09648357e-06,fit
T8,10,out,3,0.95,3.16598105e-06,3.15693741e-06,fit
T8,10,out,3,1,3.26256179e-06,3.35817681e-06,fit
T8,10,out,3,1.05,3.35303309e-06,3.24008596e-06,fit
T8,10,out,3,1.1,3.43767665e-06,3.43074632e-06,fit
T8,10,out,3,1.15,3.51678504e-06,3.52711637e-06,fit
T8,10,out,3,1.2,3.59065736e-06,3.5552705e-06,fit
T8,10,out,3,1.25,3.6595954e-06,3.69313034e-06,fit
T8,10,out,3,1.3,3.72390011e-06,3.67703144e-06,fit
T8,10,out,3,1.35,3.78386847e-06,3.59766584e-06,fit
T8,10,out,3,1.4,3.83979093e-06,4.06765869e-06,fit
T8,10,out,3,1.45,3.89194915e-06,3.88733917e-06,fit
T8,10,out,3,1.5,3.94061435e-06,3.90593761e-06,fit
T8,10,out,3,1.55,3.98604591e-06,3.81795666e-06,fit
T8,10,out,3,1.6,4.02849046e-06,4.03041449e-06,fit
T8,10,out,3,1.65,4.06818121e-06,4.04173306e-06,fit
T8,10,out,3,1.7,4.10533768e-06,3.93252416e-06,fit
T8,10,out,3,1.75,4.14016553e-06,4.28505095e-06,fit
T8,10,out,3,1.8,4.17285678e-06,4.2899975e-06,fit
T8,10,out,3,1.85,4.20359002e-06,3.97821241e-06,fit
T8,10,out,3,1.9,4.23253086e-06,4.33071977e-06,fit
T8,10,out,3,1.95,4.25983245e-06,4.16442908e-06,fit
T8,10,out,3,2,4.28563605e-06,4.3862267e-06,fit
T8,10,out,3,2.05,4.31007168e-06,4.37793981e-06,fit
T8,10,out,3,2.1,4.33325879e-06,4.46832363e-06,fit
T8,10,out,3,2.15,4.35530691e-06,4.43006627e-06,fit
T8,10,out,3,2.2,4.37631636e-06,4.5753997e-06,fit
T8,10,out,3,2.25,4.39637887e-06,4.35557231e-06,fit
T8,10,out,3,2.3,4.41557825e-06,4.37402942e-06,fit
T8,10,out,3,2.35,4.43399098e-06,4.39456768e-06,fit
T8,10,out,3,2.4,4.45168682e-06,4.39719678e-06,fit
T8,10,out,3,2.45,4.46872936e-06,4.77143651e-06,fit
T8,10,out,3,2.5,4.4851765e-06,4.5124676e-06,fit
T8,10,out,3,2.55,4.50108098e-06,4.68100916e-06,fit
T8,10,out,3,2.6,4.51649081e-06,4.55607446e-06,fit
T8,10,out,3,2.65,4.53144968e-06,4.52547514e-06,fit
T8,10,out,3,2.7,4.54599736e-06,4.68106249e-06,fit
T8,10,out,3,2.75,4.56017003e-06,4.47919272e-06,fit
T8,10,out,3,2.8,4.57400063e-06,4.67403348e-06,fit
T8,10,out,3,2.85,4.58751913e-06,4.77384456e-06,fit
T8,10,out,3,2.9,4.60075283e-06,4.62262896e-06,fit
T8,10,out,3,2.95,4.61372656e-06,4.64388025e-06,fit
T8,10,out,3,3,4.62646297e-06,4.57992403e-06,fit
T8,10,out,3,3.05,4.63898267e-06,4.74437508e-06,fit
T8,10,out,3,3.1,4.65130446e-06,4.79255516e-06,fit
T8,10,out,3,3.15,4.66344548e-06,4.82330801e-06,fit
T8,10,out,3,3.2,4.67542135e-06,4.6282977e-06,fit
T8,10,out,3,3.25,4.68724636e-06,4.69882799e-06,fit
T8,10,out,3,3.3,4.69893352e-06,4.59028263e-06,fit
T8,10,out,3,3.35,4.71049474e-06,4.77316327e-06,fit
T8,10,out,3,3.4,4.7219409e-06,4.82905724e-06,fit
T8,10,out,3,3.45,4.73328194e-06,4.75879159e-06,fit
T8,10,out,3,3.5,4.74452697e-06,4.7382618e-06,fit
T8,10,out,3,3.55,4.75568434e-06,4.81810967e-06,fit
T8,10,out,3,3.6,4.76676166e-06,4.81200339e-06,fit
T8,10,out,3,3.65,4.77776595e-06,4.84895555e-06,fit
T8,10,out,3,3.7,4.78870363e-06,4.69345536e-06,fit
T8,10,out,3,3.75,4.79958059e-06,4.68545783e-06,fit
T8,10,out,3,3.8,4.81040224e-06,4.74378914e-06,fit
T8,10,out,3,3.85,4.82117356e-06,4.69651769e-06,fit
T8,10,out,3,3.9,4.83189913e-06,4.87768792e-06,fit
T8,10,out,3,3.95,4.84258314e-06,5.14001848e-06,fit
T8,10,out,3,4,4.85322948e-06,4.86789635e-06,fit
T8,10,out,3,4.05,4.86384172e-06,4.63523629e-06,fit
T8,10,out,3,4.1,4.87442315e-06,4.76107215e-06,fit
T8,10,out,3,4.15,4.8849768e-06,4.74382366e-06,fit
T8,10,out,3,4.2,4.89550548e-06,4.96769514e-06,fit
T8,10,out,3,4.25,4.90601178e-06,4.93813462e-06,fit
T8,10,out,3,4.3,4.9164981e-06,5.18013112e-06,fit
T8,10,out,3,4.35,4.92696663e-06,4.94162652e-06,fit
T8,10,out,3,4.4,4.93741945e-06,4.91568011e-06,fit
T8,10,out,3,4.45,4.94785843e-06,5.13473315e-06,fit
T8,10,out,3,4.5,4.95828534e-06,4.82013816e-06,fit
T8,10,out,3,4.55,4.96870181e-06,4.96485382e-06,fit
T8,10,out,3,4.6,4.97910935e-06,5.15028854e-06,fit
T8,10,out,3,4.65,4.98950936e-06,5.02572651e-06,fit
T8,10,out,3,4.7,4.99990316e-06,5.06252084e-06,fit
T8,10,out,3,4.75,5.01029194e-06,4.87496882e-06,fit
T8,10,out,3,4.8,5.02067685e-06,4.7961739e-06,fit
T8,10,out,3,4.85,5.03105892e-06,4.98565992e-06,fit
T8,10,out,3,4.9,5.04143914e-06,5.19202378e-06,fit
T8,10,out,3,4.95,5.05181842e-06,4.96927401e-06,fit
T8,10,out,3,5,5.0621976e-06,4.9016588e-06,fit
T8,10,out,3,5.05,5.07257748e-06,4.84355893e-06,fit
T8,10,out,3,5.1,5.0829588e-06,5.37480138e-06,fit
T8,10,out,3,5.15,5.09334225e-06,4.86078409e-06,fit
T8,10,out,3,5.2,5.10372847e-06,5.00972097e-06,fit
T8,10,out,3,5.25,5.11411806e-06,4.93966495e-06,fit
T8,10,out,3,5.3,5.1245116e-06,5.2276997e-06,fit
T8,10,out,3,5.35,5.13490961e-06,4.88152696e-06,fit
T8,10,out,3,5.4,5.14531258e-06,4.93348291e-06,fit
T8,10,out,3,5.45,5.15572098e-06,5.18567759e-06,fit
T8,10,out,3,5.5,5.16613525e-06,4.92316059e-06,fit
T8,10,out,3,5.55,5.17655579e-06,5.25583431e-06,fit
T8,10,out,3,5.6,5.18698299e-06,5.37167406e-06,fit
T8,10,out,3,5.65,5.19741721e-06,5.21418072e-06,fit
T8,10,out,3,5.7,5.20785878e-06,4.828538e-06,fit
T8,10,out,3,5.75,5.21830803e-06,5.11799203e-06,fit
T8,10,out,3,5.8,5.22876525e-06,5.18915955e-06,fit
T8,10,out,3,5.85,5.23923072e-06,5.4523437e-06,fit
T8,10,out,3,5.9,5.24970472e-06,5.49366264e-06,fit
T8,10,out,3,5.95,5.26018749e-06,5.42159477e-06,fit
T8,10,out,3,6,5.27067927e-06,5.27993721e-06,fit
T8,10,out,4,-0,0,6.0262276e-15,fit
T8,10,out,4,0.05,3.638233e-07,3.62808989e-07,fit
T8,10,out,4,0.1,7.22002404e-07,7.08734548e-07,fit
T8,10,out,4,0.15,1.07442676e-06,1.06056983e-06,fit
T8,10,out,4,0.2,1.42096478e-06,1.39643459e-06,fit
T8,10,out,4,0.25,1.76147233e-06,1.76049975e-06,fit
T8,10,out,4,0.3,2.09579829e-06,2.17779605e-06,fit
T8,10,out,4,0.35,2.4237887e-06,2.32874769e-06,fit
T8,10,out,4,0.4,2.74529023e-06,2.90266641e-06,fit
T8,10,out,4,0.45,3.0601531e-06,3.11827141e-06,fit
T8,10,out,4,0.5,3.36823373e-06,3.4611618e-06,fit
T8,10,out,4,0.55,3.66939692e-06,3.66672637e-06,fit
T8,10,out,4,0.6,3.96351794e-06,3.95802617e-06,fit
T8,10,out,4,0.65,4.25048426e-06,4.41058355e-06,fit
T8,10,out,4,0.7,4.53019706e-06,4.47882849e-06,fit
T8,10,out,4,0.75,4.80257252e-06,4.67393846e-06,fit
T8,10,out,4,0.8,5.06754291e-06,5.06055861e-06,fit
T8,10,out,4,0.85,5.32505736e-06,5.23731517e-06,fit
T8,10,out,4,0.9,5.57508249e-06,5.8070322e-06,fit
T8,10,out,4,0.95,5.81760279e-06,5.8479083e-06,fit
T8,10,out,4,1,6.05262079e-06,6.15568547e-06,fit
T8,10,out,4,1.05,6.28015697e-06,6.29758491e-06,fit
T8,10,out,4,1.1,6.50024959e-06,6.50761694e-06,fit
T8,10,out,4,1.15,6.7129542e-06,6.95893718e-06,fit
T8,10,out,4,1.2,6.91834311e-06,6.9948747e-06,fit
T8,10,out,4,1.25,7.11650461e-06,7.45293969e-06,fit
T8,10,out,4,1.3,7.3075421e-06,6.93209542e-06,fit
T8,10,out,4,1.35,7.49157314e-06,7.60794339e-06,fit
T8,10,out,4,1.4,7.66872833e-06,7.8919247e-06,fit
T8,10,out,4,1.45,7.8391502e-06,7.8427119e-06,fit
T8,10,out,4,1.5,8.00299198e-06,7.60214003e-06,fit
T8,10,out,4,1.55,8.16041636e-06,8.17177311e-06,fit
T8,10,out,4,1.6,8.31159429e-06,8.25954979e-06,fit
T8,10,out,4,1.65,8.45670365e-06,8.81104903e-06,fit
T8,10,out,4,1.7,8.5959281e-06,8.92511052e-06,fit
T8,10,out,4,1.75,8.72945582e-06,9.03450262e-06,fit
T8,10,out,4,1.8,8.85747838e-06,8.9494782e-06,fit
T8,10,out,4,1.85,8.98018966e-06,9.10482206e-06,fit
T8,10,out,4,1.9,9.09778475e-06,9.2005464e-06,fit
T8,10,out,4,1.95,9.21045903e-06,9.55394497e-06,fit
T8,10,out,4,2,9.31840723e-06,9.37645665e-06,fit
T8,10,out,4,2.05,9.42182267e-06,9.65661426e-06,fit
T8,10,out,4,2.1,9.52089645e-06,9.8303022e-06,fit
T8,10,out,4,2.15,9.61581681e-06,9.65295615e-06,fit
T8,10,out,4,2.2,9.70676857e-06,9.82085409e-06,fit
T8,10,out,4,2.25,9.79393257e-06,9.66444655e-06,fit
T8,10,out,4,2.3,9.87748528e-06,9.62075806e-06,fit
T8,10,out,4,2.35,9.95759841e-06,9.83628112e-06,fit
T8,10,out,4,2.4,1.00344386e-05,9.87936294e-06,fit
T8,10,out,4,2.45,1.01081672e-05,9.71001558e-06,fit
T8,10,out,4,2.5,1.01789402e-05,1.02807137e-05,fit
T8,10,out,4,2.55,1.02469077e-05,1.05666106e-05,fit
T8,10,out,4,2.6,1.03122143e-05,1.065297e-05,fit
T8,10,out,4,2.65,1.0374999e-05,1.09104419e-05,fit
T8,10,out,4,2.7,1.04353949e-05,1.04217754e-05,fit
T8,10,out,4,2.75,1.04935294e-05,1.12804769e-05,fit
T8,10,out,4,2.8,1.05495242e-05,1.04993603e-05,fit
T8,10,out,4,2.85,1.06034958e-05,1.07310394e-05,fit
T8,10,out,4,2.9,1.06555549e-05,1.11508775e-05,fit
T8,10,out,4,2.95,1.0705807e-05,1.02611116e-05,fit
T8,10,out,4,3,1.07543526e-05,1.09447277e-05,fit
T8,10,out,4,3.05,1.0801287e-05,1.09798976e-05,fit
T8,10,out,4,3.1,1.08467008e-05,1.16262791e-05,fit
T8,10,out,4,3.15,1.08906797e-05,1.0757977e-05,fit
T8,10,out,4,3.2,1.09333052e-05,1.10525976e-05,fit
T8,10,out,4,3.25,1.09746543e-05,1.02610413e-05,fit
T8,10,out,4,3.3,1.10147999e-05,1.10722102e-05,fit
T8,10,out,4,3.35,1.10538109e-05,1.06028479e-05,fit
T8,10,out,4,3.4,1.10917525e-05,1.07301559e-05,fit
T8,10,out,4,3.45,1.11286862e-05,1.13891258e-05,fit
T8,10,out,4,3.5,1.11646702e-05,1.09942226e-05,fit
T8,10,out,4,3.55,1.11997592e-05,1.08035237e-05,fit
T8,10,out,4,3.6,1.12340052e-05,1.15241227e-05,fit
T8,10,out,4,3.65,1.12674567e-05,1.13566892e-05,fit
T8,10,out,4,3.7,1.130016e-05,1.11983756e-05,fit
T8,10,out,4,3.75,1.13321582e-05,1.08495383e-05,fit
T8,10,out,4,3.8,1.13634924e-05,1.11447499e-05,fit
T8,10,out,4,3.85,1.1394201e-05,1.09767214e-05,fit
T8,10,out,4,3.9,1.14243203e-05,1.13479945e-05,fit
T8,10,out,4,3.95,1.14538844e-05,1.13493692e-05,fit
T8,10,out,4,4,1.14829255e-05,1.14536139e-05,fit
T8,10,out,4,4.05,1.1511474e-05,1.12964741e-05,fit
T8,10,out,4,4.1,1.15395583e-05,1.14514715e-05,fit
T8,10,out,4,4.15,1.15672053e-05,1.18907883e-05,fit
T8,10,out,4,4.2,1.15944404e-05,1.14315072e-05,fit
T8,10,out,4,4.25,1.16212873e-05,1.19378664e-05,fit
T8,10,out,4,4.3,1.16477684e-05,1.19291483e-05,fit
T8,10,out,4,4.35,1.16739049e-05,1.19488289e-05,fit
T8,10,out,4,4.4,1.16997167e-05,1.11029407e-05,fit
T8,10,out,4,4.45,1.17252225e-05,1.20102814e-05,fit
T8,10,out,4,4.5,1.175044e-05,1.17984089e-05,fit
T8,10,out,4,4.55,1.17753857e-05,1.19344323e-05,fit
T8,10,out,4,4.6,1.18000753e-05,1.17078582e-05,fit
T8,10,out,4,4.65,1.18245235e-05,1.17273337e-05,fit
T8,10,out,4,4.7,1.18487443e-05,1.14604426e-05,fit
T8,10,out,4,4.75,1.18727507e-05,1.14454408e-05,fit
T8,10,out,4,4.8,1.18965552e-05,1.19972958e-05,fit
T8,10,out,4,4.85,1.19201692e-05,1.1597984e-05,fit
T8,10,out,4,4.9,1.19436039e-05,1.17613052e-05,fit
T8,10,out,4,4.95,1.19668694e-05,1.22925576e-05,fit
T8,10,out,4,5,1.19899757e-05,1.24591724e-05,fit
T8,10,out,4,5.05,1.20129319e-05,1.19585554e-05,fit
T8,10,out,4,5.1,1.20357467e-05,1.13373541e-05,fit
T8,10,out,4,5.15,1.20584283e-05,1.21729052e-05,fit
T8,10,out,4,5.2,1.20809845e-05,1.24201805e-05,fit
T8,10,out,4,5.25,1.21034225e-05,1.21307828e-05,fit
T8,10,out,4,5.3,1.21257493e-05,1.19977908e-05,fit
T8,10,out,4,5.35,1.21479713e-05,1.17554088e-05,fit
T8,10,out,4,5.4,1.21700948e-05,1.22402522e-05,fit
T8,10,out,4,5.45,1.21921256e-05,1.32448752e-05,fit
T8,10,out,4,5.5,1.22140691e-05,1.24604976e-05,fit
T8,10,out,4,5.55,1.22359306e-05,1.21317553e-05,fit
T8,10,out,4,5.6,1.2257715e-05,1.19443013e-05,fit
T8,10,out,4,5.65,1.2279427e-05,1.24593794e-05,fit
T8,10,out,4,5.7,1.2301071e-05,1.18246237e-05,fit
T8,10,out,4,5.75,1.23226511e-05,1.21523929e-05,fit
T8,10,out,4,5.8,1.23441713e-05,1.2270602e-05,fit
T8,10,out,4,5.85,1.23656353e-05,1.22848348e-05,fit
T8,10,out,4,5.9,1.23870467e-05,1.25603922e-05,fit
T8,10,out,4,5.95,1.24084089e-05,1.24101793e-05,fit
T8,10,out,4,6,1.24297249e-05,1.20100782e-05,fit
T8,10,out,6,-0,0,1.02003689e-14,fit
T8,10,out,6,0.05,6.25061934e-07,6.28092735e-07,fit
T8,10,out,6,0.1,1.24503351e-06,1.15076921e-06,fit
T8,10,out,6,0.15,1.85985382e-06,1.78513457e-06,fit
T8,10,out,6,0.2,2.46945077e-06,2.62852754e-06,fit
T8,10,out,6,0.25,3.07374439e-06,3.00871974e-06,fit
T8,10,out,6,0.3,3.6726488e-06,3.8366249e-06,fit
T8,10,out,6,0.35,4.26607366e-06,4.18784077e-06,fit
T8,10,out,6,0.4,4.85392537e-06,4.90838981e-06,fit
T8,10,out,6,0.45,5.43610797e-06,5.55270661e-06,fit
T8,10,out,6,0.5,6.01252401e-06,6.22635182e-06,fit
T8,10,out,6,0.55,6.58307527e-06,6.53187142e-06,fit
T8,10,out,6,0.6,7.14766348e-06,6.91015768e-06,fit
T8,10,out,6,0.65,7.70619086e-06,7.70608112e-06,fit
T8,10,out,6,0.7,8.25856076e-06,7.89460004e-06,fit
T8,10,out,6,0.75,8.80467812e-06,8.4235667e-06,fit
T8,10,out,6,0.8,9.34445004e-06,9.63162665e-06,fit
T8,10,out,6,0.85,9.87778615e-06,9.63006439e-06,fit
T8,10,out,6,0.9,1.04045991e-05,1.07958747e-05,fit
T8,10,out,6,0.95,1.0924805e-05,1.13173192e-05,fit
T8,10,out,6,1,1.14383236e-05,1.11698738e-05,fit
T8,10,out,6,1.05,1.19450789e-05,1.18003661e-05,fit
T8,10,out,6,1.1,1.24449992e-05,1.23690028e-05,fit
T8,10,out,6,1.15,1.29380177e-05,1.33575651e-05,fit
T8,10,out,6,1.2,1.34240725e-05,1.34519042e-05,fit
T8,10,out,6,1.25,1.39031067e-05,1.44359334e-05,fit
T8,10,out,6,1.3,1.43750693e-05,1.44018059e-05,fit
T8,10,out,6,1.35,1.48399146e-05,1.54010831e-05,fit
T8,10,out,6,1.4,1.52976027e-05,1.52646462e-05,fit
T8,10,out,6,1.45,1.57480997e-05,1.64492203e-05,fit
T8,10,out,6,1.5,1.61913777e-05,1.66718419e-05,fit
T8,10,out,6,1.55,1.66274149e-05,1.73908246e-05,fit
T8,10,out,6,1.6,1.70561957e-05,1.76492972e-05,fit
T8,10,out,6,1.65,1.74777106e-05,1.67055695e-05,fit
T8,10,out,6,1.7,1.78919565e-05,1.90218556e-05,fit
T8,10,out,6,1.75,1.82989362e-05,1.84675506e-05,fit
T8,10,out,6,1.8,1.86986589e-05,1.80029733e-05,fit
T8,10,out,6,1.85,1.90911398e-05,1.88482041e-05,fit
T8,10,out,6,1.9,1.94764001e-05,1.90365382e-05,fit
T8,10,out,6,1.95,1.9854467e-05,2.03311936e-05,fit
T8,10,out,6,2,2.02253734e-05,2.0104563e-05,fit
T8,10,out,6,2.05,2.0589158e-05,2.06859213e-05,fit
T8,10,out,6,2.1,2.09458648e-05,2.16573256e-05,fit
T8,10,out,6,2.15,2.12955433e-05,2.04343758e-05,fit
T8,10,out,6,2.2,2.16382481e-05,2.07869408e-05,fit
T8,10,out,6,2.25,2.19740389e-05,2.21829202e-05,fit
T8,10,out,6,2.3,2.230298e-05,2.13833875e-05,fit
T8,10,out,6,2.35,2.26251402e-05,2.32726534e-05,fit
T8,10,out,6,2.4,2.29405929e-05,2.22141476e-05,fit
T8,10,out,6,2.45,2.32494154e-05,2.26379117e-05,fit
T8,10,out,6,2.5,2.35516887e-05,2.41640641e-05,fit
T8,10,out,6,2.55,2.38474979e-05,2.50397671e-05,fit
T8,10,out,6,2.6,2.4136931e-05,2.41562039e-05,fit
T8,10,out,6,2.65,2.44200793e-05,2.41403669e-05,fit
T8,10,out,6,2.7,2.4697037e-05,2.37248553e-05,fit
T8,10,out,6,2.75,2.4967901e-05,2.47412023e-05,fit
T8,10,out,6,2.8,2.52327705e-05,2.49236496e-05,fit
T8,10,out,6,2.85,2.54917468e-05,2.46833712e-05,fit
T8,10,out,6,2.9,2.57449332e-05,2.53962822e-05,fit
T8,10,out,6,2.95,2.59924346e-05,2.66961112e-05,fit
T8,10,out,6,3,2.62343574e-05,2.63437663e-05,fit
T8,10,out,6,3.05,2.64708091e-05,2.45473482e-05,fit
T8,10,out,6,3.1,2.67018984e-05,2.80557719e-05,fit
T8,10,out,6,3.15,2.69277345e-05,2.78535886e-05,fit
T8,10,out,6,3.2,2.71484275e-05,2.61639239e-05,fit
T8,10,out,6,3.25,2.73640875e-05,2.84105529e-05,fit
T8,10,out,6,3.3,2.75748251e-05,2.66276507e-05,fit
T8,10,out,6,3.35,2.77807509e-05,2.82694608e-05,fit
T8,10,out,6,3.4,2.7981975e-05,2.81388023e-05,fit
T8,10,out,6,3.45,2.81786075e-05,2.74099721e-05,fit
T8,10,out,6,3.5,2.83707579e-05,2.87007886e-05,fit
T8,10,out,6,3.55,2.85585352e-05,2.87091356e-05,fit
T8,10,out,6,3.6,2.87420473e-05,2.89423775e-05,fit
T8,10,out,6,3.65,2.89214015e-05,2.78636576e-05,fit
T8,10,out,6,3.7,2.9096704e-05,2.97960711e-05,fit
T8,10,out,6,3.75,2.92680599e-05,2.908879e-05,fit
T8,10,out,6,3.8,2.9435573e-05,3.06973555e-05,fit
T8,10,out,6,3.85,2.95993459e-05,3.03991309e-05,fit
T8,10,out,6,3.9,2.97594796e-05,3.04162436e-05,fit
T8,10,out,6,3.95,2.99160739e-05,2.90093555e-05,fit
T8,10,out,6,4,3.00692267e-05,3.1946897e-05,fit
T8,10,out,6,4.05,3.02190346e-05,3.05953942e-05,fit
T8,10,out,6,4.1,3.03655924e-05,3.03929337e-05,fit
T8,10,out,6,4.15,3.05089932e-05,3.0044108e-05,fit
T8,10,out,6,4.2,3.06493283e-05,3.06733642e-05,fit
T8,10,out,6,4.25,3.07866873e-05,3.18616508e-05,fit
T8,10,out,6,4.3,3.0921158e-05,2.91444978e-05,fit
T8,10,out,6,4.35,3.10528261e-05,3.15442535e-05,fit
T8,10,out,6,4.4,3.11817758e-05,3.00822289e-05,fit
T8,10,out,6,4.45,3.13080892e-05,3.05230039e-05,fit
T8,10,out,6,4.5,3.14318466e-05,3.19118755e-05,fit
T8,10,out,6,4.55,3.15531264e-05,3.21028807e-05,fit
T8,10,out,6,4.6,3.16720051e-05,3.14873196e-05,fit
T8,10,out,6,4.65,3.17885574e-05,3.21630384e-05,fit
T8,10,out,6,4.7,3.19028561e-05,3.34147892e-05,fit
T8,10,out,6,4.75,3.20149721e-05,3.21819845e-05,fit
T8,10,out,6,4.8,3.21249743e-05,3.11594562e-05,fit
T8,10,out,6,4.85,3.22329302e-05,3.19718256e-05,fit
T8,10,out,6,4.9,3.23389051e-05,3.2045223e-05,fit
T8,10,out,6,4.95,3.24429627e-05,3.39030736e-05,fit
T8,10,out,6,5,3.25451649e-05,3.22421752e-05,fit
T8,10,out,6,5.05,3.26455718e-05,3.10931461e-05,fit
T8,10,out,6,5.1,3.27442419e-05,3.15108912e-05,fit
T8,10,out,6,5.15,3.28412319e-05,3.41028751e-05,fit
T8,10,out,6,5.2,3.29365969e-05,3.3480251e-05,fit
T8,10,out,6,5.25,3.30303905e-05,3.19814769e-05,fit
T8,10,out,6,5.3,3.31226645e-05,3.17880132e-05,fit
T8,10,out,6,5.35,3.32134693e-05,3.40264993e-05,fit
T8,10,out,6,5.4,3.33028536e-05,3.20977234e-05,fit
T8,10,out,6,5.45,3.33908649e-05,3.31858181e-05,fit
T8,10,out,6,5.5,3.3477549e-05,3.43033428e-05,fit
T8,10,out,6,5.55,3.35629502e-05,3.42345261e-05,fit
T8,10,out,6,5.6,3.36471117e-05,3.27185484e-05,fit
T8,10,out,6,5.65,3.37300752e-05,3.42829087e-05,fit
T8,10,out,6,5.7,3.38118811e-05,3.2232888e-05,fit
T8,10,out,6,5.75,3.38925684e-05,3.41304409e-05,fit
T8,10,out,6,5.8,3.39721749e-05,3.33616166e-05,fit
T8,10,out,6,5.85,3.40507374e-05,3.21519202e-05,fit
T8,10,out,6,5.9,3.41282912e-05,3.54148716e-05,fit
T8,10,out,6,5.95,3.42048706e-05,3.39521106e-05,fit
T8,10,out,6,6,3.42805087e-05,3.47019639e-05,fit
T7,30,tr,-2,0.1,2.02e-14,2.58267921e-14,fit
T7,30,tr,-1.95,0.1,2.02e-14,1.83883538e-14,fit
T7,30,tr,-1.9,0.1,2.02e-14,1.78316504e-14,fit
T7,30,tr,-1.85,0.1,2.02e-14,2.13514698e-14,fit
T7,30,tr,-1.8,0.1,2.02e-14,1.91434136e-14,fit
T7,30,tr,-1.75,0.1,2.02e-14,2.5194542e-14,fit
T7,30,tr,-1.7,0.1,2.02e-14,1.63625599e-14,fit
T7,30,tr,-1.65,0.1,2.02e-14,1.32674302e-14,fit
T7,30,tr,-1.6,0.1,2.02e-14,2.87163148e-14,fit
T7,30,tr,-1.55,0.1,2.02e-14,1.3201816e-14,fit
T7,30,tr,-1.5,0.1,2.02e-14,1.4349279e-14,fit
T7,30,tr,-1.45,0.1,2.02e-14,2.37209436e-14,fit
T7,30,tr,-1.4,0.1,2.02e-14,2.6252818e-14,fit
T7,30,tr,-1.35,0.1,2.02e-14,1.59460867e-14,fit
T7,30,tr,-1.3,0.1,2.02e-14,2.52923658e-14,fit
T7,30,tr,-1.25,0.1,2.02e-14,3.0610832e-14,fit
T7,30,tr,-1.2,0.1,2.02e-14,2.64670414e-14,fit
T7,30,tr,-1.15,0.1,2.02e-14,1.8042942e-14,fit
T7,30,tr,-1.1,0.1,2.02e-14,1.99870669e-14,fit
T7,30,tr,-1.05,0.1,2.02e-14,1.0702928e-14,fit
T7,30,tr,-1,0.1,2.02e-14,2.5121766e-14,fit
T7,30,tr,-0.95,0.1,2.02e-14,1.69601082e-14,fit
T7,30,tr,-0.9,0.1,2.02e-14,2.31303148e-14,fit
T7,30,tr,-0.85,0.1,2.02e-14,2.19272275e-14,fit
T7,30,tr,-0.8,0.1,2.02e-14,1.23454639e-14,fit
T7,30,tr,-0.75,0.1,2.02000001e-14,2.34917691e-14,fit
T7,30,tr,-0.7,0.1,2.02000001e-14,1.31039036e-14,fit
T7,30,tr,-0.65,0.1,2.02000003e-14,2.28484164e-14,fit
T7,30,tr,-0.6,0.1,2.02000007e-14,1.82224598e-14,fit
T7,30,tr,-0.55,0.1,2.02000017e-14,2.17723934e-14,fit
T7,30,tr,-0.5,0.1,2.02000042e-14,3.12650724e-14,fit
T7,30,tr,-0.45,0.1,2.02000102e-14,2.46103709e-14,fit
T7,30,tr,-0.4,0.1,2.02000247e-14,2.11782175e-14,fit
T7,30,tr,-0.35,0.1,2.020006e-14,2.58226576e-14,fit
T7,30,tr,-0.3,0.1,2.02001454e-14,1.87659727e-14,fit
T7,30,tr,-0.25,0.1,2.02003524e-14,2.08087512e-14,fit
T7,30,tr,-0.2,0.1,2.02008541e-14,1.81842445e-14,fit
T7,30,tr,-0.15,0.1,2.02020702e-14,2.37087732e-14,fit
T7,30,tr,-0.1,0.1,2.02050178e-14,1.88803872e-14,fit
T7,30,tr,-0.05,0.1,2.02121619e-14,3.21184597e-14,fit
T7,30,tr,1.20736754e-15,0.1,2.02294774e-14,2.52935804e-14,fit
T7,30,tr,0.05,0.1,2.02918471e-14,1.37084804e-14,fit
T7,30,tr,0.1,0.1,2.0422602e-14,2.62818307e-14,fit
T7,30,tr,0.15,0.1,2.07394781e-14,2.18171143e-14,fit
T7,30,tr,0.2,0.1,2.15073445e-14,1.89249901e-14,fit
T7,30,tr,0.25,0.1,2.33678402e-14,2.78586823e-14,fit
T7,30,tr,0.3,0.1,2.78748805e-14,2.46788234e-14,fit
T7,30,tr,0.35,0.1,3.87901166e-14,3.95459615e-14,fit
T7,30,tr,0.4,0.1,6.52137351e-14,6.52673066e-14,fit
T7,30,tr,0.45,0.1,1.29139558e-13,1.30925633e-13,fit
T7,30,tr,0.5,0.1,2.83645811e-13,2.88729259e-13,fit
T7,30,tr,0.55,0.1,6.5654606e-13,6.45945361e-13,fit
T7,30,tr,0.6,0.1,1.55460282e-12,1.62294607e-12,fit
T7,30,tr,0.65,0.1,3.71043168e-12,3.60917956e-12,fit
T7,30,tr,0.7,0.1,8.86077723e-12,8.78092354e-12,fit
T7,30,tr,0.75,0.1,2.10777431e-11,2.21753332e-11,fit
T7,30,tr,0.8,0.1,4.97554236e-11,5.01815169e-11,fit
T7,30,tr,0.85,0.1,1.16058157e-10,1.1640175e-10,fit
T7,30,tr,0.9,0.1,2.66068658e-10,2.65029557e-10,fit
T7,30,tr,0.95,0.1,5.95365691e-10,6.02989453e-10,fit
T7,30,tr,1,0.1,1.28875341e-09,1.25147922e-09,fit
T7,30,tr,1.05,0.1,2.66642379e-09,2.57944576e-09,fit
T7,30,tr,1.1,0.1,5.18463169e-09,5.42300027e-09,fit
T7,30,tr,1.15,0.1,9.29207861e-09,9.29774166e-09,fit
T7,30,tr,1.2,0.1,1.51838374e-08,1.52904632e-08,fit
T7,30,tr,1.25,0.1,2.2734158e-08,2.27372822e-08,fit
T7,30,tr,1.3,0.1,3.16581146e-08,3.1794193e-08,fit
T7,30,tr,1.35,0.1,4.16637486e-08,4.31945082e-08,fit
T7,30,tr,1.4,0.1,5.25060389e-08,5.28716587e-08,fit
T7,30,tr,1.45,0.1,6.39917217e-08,6.38390243e-08,fit
T7,30,tr,1.5,0.1,7.59722706e-08,7.46523693e-08,fit
T7,30,tr,1.55,0.1,8.83354729e-08,8.8919158e-08,fit
T7,30,tr,1.6,0.1,1.00997532e-07,1.04614184e-07,fit
T7,30,tr,1.65,0.1,1.13896217e-07,1.12264535e-07,fit
T7,30,tr,1.7,0.1,1.26985269e-07,1.25558772e-07,fit
T7,30,tr,1.75,0.1,1.40230074e-07,1.45562654e-07,fit
T7,30,tr,1.8,0.1,1.53604416e-07,1.54911293e-07,fit
T7,30,tr,1.85,0.1,1.67088129e-07,1.72997851e-07,fit
T7,30,tr,1.9,0.1,1.80665401e-07,1.75469015e-07,fit
T7,30,tr,1.95,0.1,1.94323583e-07,1.90441002e-07,fit
T7,30,tr,2,0.1,2.08052343e-07,2.02097101e-07,fit
T7,30,tr,2.05,0.1,2.21843069e-07,2.25111154e-07,fit
T7,30,tr,2.1,0.1,2.35688448e-07,2.25727318e-07,fit
T7,30,tr,2.15,0.1,2.49582164e-07,2.54183765e-07,fit
T7,30,tr,2.2,0.1,2.63518686e-07,2.63814374e-07,fit
T7,30,tr,2.25,0.1,2.77493107e-07,2.82327301e-07,fit
T7,30,tr,2.3,0.1,2.9150103e-07,2.99560035e-07,fit
T7,30,tr,2.35,0.1,3.05538481e-07,3.15383316e-07,fit
T7,30,tr,2.4,0.1,3.19601842e-07,2.98783773e-07,fit
T7,30,tr,2.45,0.1,3.33687804e-07,3.40907964e-07,fit
T7,30,tr,2.5,0.1,3.47793321e-07,3.60657789e-07,fit
T7,30,tr,2.55,0.1,3.61915581e-07,3.58758969e-07,fit
T7,30,tr,2.6,0.1,3.7605198e-07,3.85088922e-07,fit
T7,30,tr,2.65,0.1,3.90200096e-07,3.99034063e-07,fit
T7,30,tr,2.7,0.1,4.04357676e-07,4.14900515e-07,fit
T7,30,tr,2.75,0.1,4.18522615e-07,4.06667169e-07,fit
T7,30,tr,2.8,0.1,4.32692945e-07,4.51734686e-07,fit
T7,30,tr,2.85,0.1,4.46866824e-07,4.31440469e-07,fit
T7,30,tr,2.9,0.1,4.61042523e-07,4.70438193e-07,fit
T7,30,tr,2.95,0.1,4.75218416e-07,4.86942319e-07,fit
T7,30,tr,3,0.1,4.89392978e-07,5.00511352e-07,fit
T7,30,tr,3.05,0.1,5.0356477e-07,5.13044476e-07,fit
T7,30,tr,3.1,0.1,5.17732437e-07,5.45091771e-07,fit
T7,30,tr,3.15,0.1,5.31894699e-07,5.46978139e-07,fit
T7,30,tr,3.2,0.1,5.4605035e-07,5.56499549e-07,fit
T7,30,tr,3.25,0.1,5.60198249e-07,5.84578488e-07,fit
T7,30,tr,3.3,0.1,5.74337317e-07,5.54594641e-07,fit
T7,30,tr,3.35,0.1,5.88466532e-07,5.85111258e-07,fit
T7,30,tr,3.4,0.1,6.02584928e-07,5.85511067e-07,fit
T7,30,tr,3.45,0.1,6.16691588e-07,5.97351346e-07,fit
T7,30,tr,3.5,0.1,6.30785644e-07,6.53796239e-07,fit
T7,30,tr,3.55,0.1,6.44866272e-07,6.51764572e-07,fit
T7,30,tr,3.6,0.1,6.5893269e-07,6.93704223e-07,fit
T7,30,tr,3.65,0.1,6.72984155e-07,6.90343316e-07,fit
T7,30,tr,3.7,0.1,6.87019964e-07,6.31170723e-07,fit
T7,30,tr,3.75,0.1,7.01039445e-07,6.96451753e-07,fit
T7,30,tr,3.8,0.1,7.15041962e-07,7.07091307e-07,fit
T7,30,tr,3.85,0.1,7.29026911e-07,7.1643718e-07,fit
T7,30,tr,3.9,0.1,7.42993716e-07,7.83371916e-07,fit
T7,30,tr,3.95,0.1,7.56941829e-07,7.45850077e-07,fit
T7,30,tr,4,0.1,7.7087073e-07,7.9748542e-07,fit
T7,30,tr,4.05,0.1,7.84779923e-07,7.83619037e-07,fit
T7,30,tr,4.1,0.1,7.98668938e-07,7.96774191e-07,fit
T7,30,tr,4.15,0.1,8.12537326e-07,7.98849857e-07,fit
T7,30,tr,4.2,0.1,8.26384661e-07,8.71368806e-07,fit
T7,30,tr,4.25,0.1,8.40210534e-07,8.40565503e-07,fit
T7,30,tr,4.3,0.1,8.54014562e-07,8.2900302e-07,fit
T7,30,tr,4.35,0.1,8.67796374e-07,8.72830548e-07,fit
T7,30,tr,4.4,0.1,8.81555623e-07,8.45179701e-07,fit
T7,30,tr,4.45,0.1,8.95291973e-07,9.3264156e-07,fit
T7,30,tr,4.5,0.1,9.09005109e-07,8.77618896e-07,fit
T7,30,tr,4.55,0.1,9.22694729e-07,9.04960625e-07,fit
T7,30,tr,4.6,0.1,9.36360546e-07,9.43399876e-07,fit
T7,30,tr,4.65,0.1,9.50002289e-07,9.22123659e-07,fit
T7,30,tr,4.7,0.1,9.63619696e-07,1.00795166e-06,fit
T7,30,tr,4.75,0.1,9.77212524e-07,9.77121597e-07,fit
T7,30,tr,4.8,0.1,9.90780537e-07,9.94978754e-07,fit
T7,30,tr,4.85,0.1,1.00432351e-06,1.0075621e-06,fit
T7,30,tr,4.9,0.1,1.01784124e-06,1.01845457e-06,fit
T7,30,tr,4.95,0.1,1.03133353e-06,1.03609549e-06,fit
T7,30,tr,5,0.1,1.04480017e-06,1.10955461e-06,fit
T7,30,tr,5.05,0.1,1.05824101e-06,1.05220166e-06,fit
T7,30,tr,5.1,0.1,1.07165585e-06,1.04109676e-06,fit
T7,30,tr,5.15,0.1,1.08504455e-06,1.12843203e-06,fit
T7,30,tr,5.2,0.1,1.09840695e-06,1.13244986e-06,fit
T7,30,tr,5.25,0.1,1.11174291e-06,1.0986371e-06,fit
T7,30,tr,5.3,0.1,1.12505229e-06,1.11151535e-06,fit
T7,30,tr,5.35,0.1,1.13833496e-06,1.1848175e-06,fit
T7,30,tr,5.4,0.1,1.15159081e-06,1.15845676e-06,fit
T7,30,tr,5.45,0.1,1.16481972e-06,1.16422104e-06,fit
T7,30,tr,5.5,0.1,1.17802158e-06,1.17442475e-06,fit
T7,30,tr,5.55,0.1,1.1911963e-06,1.16949815e-06,fit
T7,30,tr,5.6,0.1,1.20434378e-06,1.22825694e-06,fit
T7,30,tr,5.65,0.1,1.21746394e-06,1.16937297e-06,fit
T7,30,tr,5.7,0.1,1.23055669e-06,1.1891429e-06,fit
T7,30,tr,5.75,0.1,1.24362196e-06,1.17840684e-06,fit
T7,30,tr,5.8,0.1,1.25665967e-06,1.23432595e-06,fit
T7,30,tr,5.85,0.1,1.26966978e-06,1.22747675e-06,fit
T7,30,tr,5.9,0.1,1.2826522e-06,1.29315617e-06,fit
T7,30,tr,5.95,0.1,1.2956069e-06,1.26752964e-06,fit
T7,30,tr,6,0.1,1.30853381e-06,1.30118501e-06,fit
T7,30,tr,6.05,0.1,1.3214329e-06,1.34737609e-06,fit
T7,30,tr,6.1,0.1,1.33430413e-06,1.33708015e-06,fit
T7,30,tr,6.15,0.1,1.34714744e-06,1.32061211e-06,fit
T7,30,tr,6.2,0.1,1.35996283e-06,1.33838455e-06,fit
T7,30,tr,6.25,0.1,1.37275024e-06,1.34198158e-06,fit
T7,30,tr,6.3,0.1,1.38550967e-06,1.38771237e-06,fit
T7,30,tr,6.35,0.1,1.39824108e-06,1.40249376e-06,fit
T7,30,tr,6.4,0.1,1.41094447e-06,1.46944444e-06,fit
T7,30,tr,6.45,0.1,1.42361981e-06,1.45696012e-06,fit
T7,30,tr,6.5,0.1,1.43626709e-06,1.45367233e-06,fit
T7,30,tr,6.55,0.1,1.44888631e-06,1.42380937e-06,fit
T7,30,tr,6.6,0.1,1.46147746e-06,1.47798844e-06,fit
T7,30,tr,6.65,0.1,1.47404053e-06,1.42985743e-06,fit
T7,30,tr,6.7,0.1,1.48657554e-06,1.40451134e-06,fit
T7,30,tr,6.75,0.1,1.49908248e-06,1.52185574e-06,fit
T7,30,tr,6.8,0.1,1.51156135e-06,1.55063507e-06,fit
T7,30,tr,6.85,0.1,1.52401218e-06,1.3834404e-06,fit
T7,30,tr,6.9,0.1,1.53643496e-06,1.58213771e-06,fit
T7,30,tr,6.95,0.1,1.54882971e-06,1.47192236e-06,fit
T7,30,tr,7,0.1,1.56119644e-06,1.51109493e-06,fit
T7,30,tr,7.05,0.1,1.57353518e-06,1.59318133e-06,fit
T7,30,tr,7.1,0.1,1.58584595e-06,1.57291461e-06,fit
T7,30,tr,7.15,0.1,1.59812876e-06,1.59197124e-06,fit
T7,30,tr,7.2,0.1,1.61038364e-06,1.55555762e-06,fit
T7,30,tr,7.25,0.1,1.62261062e-06,1.68168709e-06,fit
T7,30,tr,7.3,0.1,1.63480971e-06,1.62458101e-06,fit
T7,30,tr,7.35,0.1,1.64698097e-06,1.63328683e-06,fit
T7,30,tr,7.4,0.1,1.6591244e-06,1.74141355e-06,fit
T7,30,tr,7.45,0.1,1.67124005e-06,1.67008603e-06,fit
T7,30,tr,7.5,0.1,1.68332796e-06,1.71228304e-06,fit
T7,30,tr,7.55,0.1,1.69538815e-06,1.73608347e-06,fit
T7,30,tr,7.6,0.1,1.70742066e-06,1.70735242e-06,fit
T7,30,tr,7.65,0.1,1.71942554e-06,1.65225758e-06,fit
T7,30,tr,7.7,0.1,1.73140282e-06,1.76245217e-06,fit
T7,30,tr,7.75,0.1,1.74335255e-06,1.70889912e-06,fit
T7,30,tr,7.8,0.1,1.75527476e-06,1.82679167e-06,fit
T7,30,tr,7.85,0.1,1.7671695e-06,1.82872766e-06,fit
T7,30,tr,7.9,0.1,1.77903683e-06,1.62199608e-06,fit
T7,30,tr,7.95,0.1,1.79087677e-06,1.90466981e-06,fit
T7,30,tr,8,0.1,1.80268939e-06,1.73529182e-06,fit
T7,30,tr,-2,5,1.5e-12,1.50621905e-12,fit
T7,30,tr,-1.95,5,1.5e-12,1.51625098e-12,fit
T7,30,tr,-1.9,5,1.5e-12,1.50961371e-12,fit
T7,30,tr,-1.85,5,1.5e-12,1.52378007e-12,fit
T7,30,tr,-1.8,5,1.5e-12,1.56596112e-12,fit
T7,30,tr,-1.75,5,1.5e-12,1.51331951e-12,fit
T7,30,tr,-1.7,5,1.5e-12,1.49623327e-12,fit
T7,30,tr,-1.65,5,1.5e-12,1.51014618e-12,fit
T7,30,tr,-1.6,5,1.5e-12,1.49955826e-12,fit
T7,30,tr,-1.55,5,1.5e-12,1.5005e-12,fit
T7,30,tr,-1.5,5,1.5e-12,1.49904456e-12,fit
T7,30,tr,-1.45,5,1.5e-12,1.49475945e-12,fit
T7,30,tr,-1.4,5,1.5e-12,1.5485678e-12,fit
T7,30,tr,-1.35,5,1.5e-12,1.47988832e-12,fit
T7,30,tr,-1.3,5,1.5e-12,1.45207719e-12,fit
T7,30,tr,-1.25,5,1.5e-12,1.56930523e-12,fit
T7,30,tr,-1.2,5,1.5e-12,1.4931227e-12,fit
T7,30,tr,-1.15,5,1.5e-12,1.56736216e-12,fit
T7,30,tr,-1.1,5,1.5e-12,1.51409127e-12,fit
T7,30,tr,-1.05,5,1.5e-12,1.47820907e-12,fit
T7,30,tr,-1,5,1.5e-12,1.53190576e-12,fit
T7,30,tr,-0.95,5,1.5e-12,1.59621016e-12,fit
T7,30,tr,-0.9,5,1.5e-12,1.46747389e-12,fit
T7,30,tr,-0.85,5,1.5e-12,1.49487293e-12,fit
T7,30,tr,-0.8,5,1.5e-12,1.45076008e-12,fit
T7,30,tr,-0.75,5,1.5e-12,1.51044256e-12,fit
T7,30,tr,-0.7,5,1.5e-12,1.50672249e-12,fit
T7,30,tr,-0.65,5,1.5e-12,1.6158268e-12,fit
T7,30,tr,-0.6,5,1.5e-12,1.40734873e-12,fit
T7,30,tr,-0.55,5,1.50000001e-12,1.52003237e-12,fit
T7,30,tr,-0.5,5,1.50000003e-12,1.51688619e-12,fit
T7,30,tr,-0.45,5,1.50000006e-12,1.53362138e-12,fit
T7,30,tr,-0.4,5,1.50000015e-12,1.49862253e-12,fit
T7,30,tr,-0.35,5,1.50000037e-12,1.53151496e-12,fit
T7,30,tr,-0.3,5,1.50000091e-12,1.47191652e-12,fit
T7,30,tr,-0.25,5,1.50000219e-12,1.49499117e-12,fit
T7,30,tr,-0.2,5,1.50000532e-12,1.55371621e-12,fit
T7,30,tr,-0.15,5,1.50001289e-12,1.402288e-12,fit
T7,30,tr,-0.1,5,1.50003123e-12,1.5599485e-12,fit
T7,30,tr,-0.05,5,1.5000757e-12,1.48044549e-12,fit
T7,30,tr,1.20736754e-15,5,1.50018348e-12,1.50554766e-12,fit
T7,30,tr,0.05,5,1.50057164e-12,1.56355348e-12,fit
T7,30,tr,0.1,5,1.50138528e-12,1.56116063e-12,fit
T7,30,tr,0.15,5,1.50335671e-12,1.52908011e-12,fit
T7,30,tr,0.2,5,1.50813253e-12,1.51866204e-12,fit
T7,30,tr,0.25,5,1.51969886e-12,1.45441959e-12,fit
T7,30,tr,0.3,5,1.54769921e-12,1.55714472e-12,fit
T7,30,tr,0.35,5,1.61544164e-12,1.60983964e-12,fit
T7,30,tr,0.4,5,1.77918003e-12,1.76262736e-12,fit
T7,30,tr,0.45,5,2.1743894e-12,2.10064232e-12,fit
T7,30,tr,0.5,5,3.12627221e-12,3.13228863e-12,fit
T7,30,tr,0.55,5,5.41166816e-12,5.50128971e-12,fit
T7,30,tr,0.6,5,1.08728158e-11,1.06759627e-11,fit
T7,30,tr,0.65,5,2.38314496e-11,2.27232471e-11,fit
T7,30,tr,0.7,5,5.42653071e-11,5.51172684e-11,fit
T7,30,tr,0.75,5,1.24679421e-10,1.20801454e-10,fit
T7,30,tr,0.8,5,2.84161958e-10,2.7834951e-10,fit
T7,30,tr,0.85,5,6.34858664e-10,6.27342862e-10,fit
T7,30,tr,0.9,5,1.3760923e-09,1.35357353e-09,fit
T7,30,tr,0.95,5,2.86536238e-09,2.76729434e-09,fit
T7,30,tr,1,5,5.67973982e-09,5.52825348e-09,fit
T7,30,tr,1.05,5,1.06418121e-08,1.05885028e-08,fit
T7,30,tr,1.1,5,1.87733769e-08,1.8433963e-08,fit
T7,30,tr,1.15,5,3.11751492e-08,3.12043366e-08,fit
T7,30,tr,1.2,5,4.88798888e-08,4.99072497e-08,fit
T7,30,tr,1.25,5,7.27417164e-08,7.49969857e-08,fit
T7,30,tr,1.3,5,1.03393523e-07,9.99304191e-08,fit
T7,30,tr,1.35,5,1.41262842e-07,1.38096783e-07,fit
T7,30,tr,1.4,5,1.86617252e-07,1.84188116e-07,fit
T7,30,tr,1.45,5,2.39614194e-07,2.3675827e-07,fit
T7,30,tr,1.5,5,3.0034213e-07,3.02307332e-07,fit
T7,30,tr,1.55,5,3.68849647e-07,3.67796704e-07,fit
T7,30,tr,1.6,5,4.45163975e-07,4.20118969e-07,fit
T7,30,tr,1.65,5,5.29301792e-07,5.02638042e-07,fit
T7,30,tr,1.7,5,6.21275022e-07,6.23006649e-07,fit
T7,30,tr,1.75,5,7.21093627e-07,7.4172648e-07,fit
T7,30,tr,1.8,5,8.28766712e-07,8.54125952e-07,fit
T7,30,tr,1.85,5,9.44302776e-07,9.5174847e-07,fit
T7,30,tr,1.9,5,1.06770955e-06,1.07469171e-06,fit
T7,30,tr,1.95,5,1.19899374e-06,1.14753918e-06,fit
T7,30,tr,2,5,1.33816066e-06,1.2725327e-06,fit
T7,30,tr,2.05,5,1.48521405e-06,1.47441607e-06,fit
T7,30,tr,2.1,5,1.64015582e-06,1.77478808e-06,fit
T7,30,tr,2.15,5,1.80298592e-06,1.85262349e-06,fit
T7,30,tr,2.2,5,1.97370224e-06,1.94206784e-06,fit
T7,30,tr,2.25,5,2.1523006e-06,2.0973049e-06,fit
T7,30,tr,2.3,5,2.33877464e-06,2.29246574e-06,fit
T7,30,tr,2.35,5,2.5331159e-06,2.47065657e-06,fit
T7,30,tr,2.4,5,2.73531374e-06,2.83368498e-06,fit
T7,30,tr,2.45,5,2.94535539e-06,2.84163043e-06,fit
T7,30,tr,2.5,5,3.16322598e-06,3.19962899e-06,fit
T7,30,tr,2.55,5,3.38890848e-06,3.31778772e-06,fit
T7,30,tr,2.6,5,3.62238375e-06,3.64384488e-06,fit
T7,30,tr,2.65,5,3.86363056e-06,3.98024051e-06,fit
T7,30,tr,2.7,5,4.11262553e-06,4.1103784e-06,fit
T7,30,tr,2.75,5,4.36934315e-06,4.37400253e-06,fit
T7,30,tr,2.8,5,4.63375579e-06,4.51409748e-06,fit
T7,30,tr,2.85,5,4.90583367e-06,4.79702786e-06,fit
T7,30,tr,2.9,5,5.18554484e-06,5.43474661e-06,fit
T7,30,tr,2.95,5,5.47285515e-06,5.36817919e-06,fit
T7,30,tr,3,5,5.76772827e-06,5.73339016e-06,fit
T7,30,tr,3.05,5,6.07012564e-06,5.8545041e-06,fit
T7,30,tr,3.1,5,6.38000647e-06,6.45652199e-06,fit
T7,30,tr,3.15,5,6.6973277e-06,6.5094932e-06,fit
T7,30,tr,3.2,5,7.02204401e-06,7.06720668e-06,fit
T7,30,tr,3.25,5,7.3541078e-06,7.25840115e-06,fit
T7,30,tr,3.3,5,7.69346916e-06,7.52315889e-06,fit
T7,30,tr,3.35,5,8.0400759e-06,8.11900468e-06,fit
T7,30,tr,3.4,5,8.3938735e-06,8.58544921e-06,fit
T7,30,tr,3.45,5,8.75480516e-06,8.45627258e-06,fit
T7,30,tr,3.5,5,9.12281177e-06,9.38690312e-06,fit
T7,30,tr,3.55,5,9.49783192e-06,9.54101813e-06,fit
T7,30,tr,3.6,5,9.87980195e-06,1.01159562e-05,fit
T7,30,tr,3.65,5,1.02686559e-05,1.05960041e-05,fit
T7,30,tr,3.7,5,1.06643257e-05,1.04921448e-05,fit
T7,30,tr,3.75,5,1.10667409e-05,1.09672778e-05,fit
T7,30,tr,3.8,5,1.1475829e-05,1.15515918e-05,fit
T7,30,tr,3.85,5,1.18915155e-05,1.2272073e-05,fit
T7,30,tr,3.9,5,1.23137235e-05,1.14644307e-05,fit
T7,30,tr,3.95,5,1.27423744e-05,1.33682876e-05,fit
T7,30,tr,4,5,1.31773874e-05,1.30693957e-05,fit
T7,30,tr,4.05,5,1.361868e-05,1.29398815e-05,fit
T7,30,tr,4.1,5,1.40661677e-05,1.39723309e-05,fit
T7,30,tr,4.15,5,1.45197643e-05,1.40668355e-05,fit
T7,30,tr,4.2,5,1.4979382e-05,1.58267717e-05,fit
T7,30,tr,4.25,5,1.54449311e-05,1.52168837e-05,fit
T7,30,tr,4.3,5,1.59163208e-05,1.56041389e-05,fit
T7,30,tr,4.35,5,1.63934584e-05,1.61828808e-05,fit
T7,30,tr,4.4,5,1.68762502e-05,1.63850975e-05,fit
T7,30,tr,4.45,5,1.7364601e-05,1.74107743e-05,fit
T7,30,tr,4.5,5,1.78584145e-05,1.81322619e-05,fit
T7,30,tr,4.55,5,1.83575933e-05,1.83952339e-05,fit
T7,30,tr,4.6,5,1.88620392e-05,1.83237083e-05,fit
T7,30,tr,4.65,5,1.93716528e-05,1.98457661e-05,fit
T7,30,tr,4.7,5,1.9886334e-05,1.97702169e-05,fit
T7,30,tr,4.75,5,2.04059823e-05,2.0210857e-05,fit
T7,30,tr,4.8,5,2.09304961e-05,2.15581657e-05,fit
T7,30,tr,4.85,5,2.14597737e-05,2.15176128e-05,fit
T7,30,tr,4.9,5,2.19937127e-05,2.02147819e-05,fit
T7,30,tr,4.95,5,2.25322107e-05,2.28479854e-05,fit
T7,30,tr,5,5,2.30751649e-05,2.17683711e-05,fit
T7,30,tr,5.05,5,2.36224724e-05,2.27463412e-05,fit
T7,30,tr,5.1,5,2.41740301e-05,2.38505963e-05,fit
T7,30,tr,5.15,5,2.47297353e-05,2.47797356e-05,fit
T7,30,tr,5.2,5,2.52894853e-05,2.54808636e-05,fit
T7,30,tr,5.25,5,2.58531774e-05,2.54655035e-05,fit
T7,30,tr,5.3,5,2.64207095e-05,2.69726936e-05,fit
T7,30,tr,5.35,5,2.69919799e-05,2.72445275e-05,fit
T7,30,tr,5.4,5,2.75668871e-05,2.72312347e-05,fit
T7,30,tr,5.45,5,2.81453303e-05,2.67566313e-05,fit
T7,30,tr,5.5,5,2.87272095e-05,2.90616227e-05,fit
T7,30,tr,5.55,5,2.93124249e-05,2.82001756e-05,fit
T7,30,tr,5.6,5,2.9900878e-05,2.90775083e-05,fit
T7,30,tr,5.65,5,3.04924707e-05,2.98962174e-05,fit
T7,30,tr,5.7,5,3.10871059e-05,3.03623241e-05,fit
T7,30,tr,5.75,5,3.16846874e-05,2.95101695e-05,fit
T7,30,tr,5.8,5,3.228512e-05,3.20940841e-05,fit
T7,30,tr,5.85,5,3.28883096e-05,3.18507309e-05,fit
T7,30,tr,5.9,5,3.34941629e-05,3.26425742e-05,fit
T7,30,tr,5.95,5,3.41025879e-05,3.47062877e-05,fit
T7,30,tr,6,5,3.47134938e-05,3.64330228e-05,fit
T7,30,tr,6.05,5,3.53267908e-05,3.54579666e-05,fit
T7,30,tr,6.1,5,3.59423905e-05,3.50044034e-05,fit
T7,30,tr,6.15,5,3.65602055e-05,3.57601322e-05,fit
T7,30,tr,6.2,5,3.71801499e-05,3.83524702e-05,fit
T7,30,tr,6.25,5,3.78021391e-05,3.76829549e-05,fit
T7,30,tr,6.3,5,3.84260896e-05,3.70028522e-05,fit
T7,30,tr,6.35,5,3.90519194e-05,4.16268169e-05,fit
T7,30,tr,6.4,5,3.96795477e-05,4.05336831e-05,fit
T7,30,tr,6.45,5,4.03088954e-05,3.94426926e-05,fit
T7,30,tr,6.5,5,4.09398844e-05,4.00496411e-05,fit
T7,30,tr,6.55,5,4.15724382e-05,3.95419572e-05,fit
T7,30,tr,6.6,5,4.22064816e-05,3.95168541e-05,fit
T7,30,tr,6.65,5,4.28419409e-05,4.29097168e-05,fit
T7,30,tr,6.7,5,4.34787436e-05,4.22516005e-05,fit
T7,30,tr,6.75,5,4.41168188e-05,4.57699312e-05,fit
T7,30,tr,6.8,5,4.4756097e-05,4.37805243e-05,fit
T7,30,tr,6.85,5,4.53965099e-05,4.51062495e-05,fit
T7,30,tr,6.9,5,4.60379909e-05,4.70935898e-05,fit
T7,30,tr,6.95,5,4.66804746e-05,4.46276049e-05,fit
T7,30,tr,7,5,4.73238969e-05,4.78998958e-05,fit
T7,30,tr,7.05,5,4.79681953e-05,4.55476854e-05,fit
T7,30,tr,7.1,5,4.86133084e-05,5.21082693e-05,fit
T7,30,tr,7.15,5,4.92591765e-05,4.72024831e-05,fit
T7,30,tr,7.2,5,4.9905741e-05,4.84991525e-05,fit
T7,30,tr,7.25,5,5.05529446e-05,5.42920742e-05,fit
T7,30,tr,7.3,5,5.12007316e-05,5.03827439e-05,fit
T7,30,tr,7.35,5,5.18490472e-05,5.28671506e-05,fit
T7,30,tr,7.4,5,5.24978382e-05,5.22733058e-05,fit
T7,30,tr,7.45,5,5.31470527e-05,4.95836721e-05,fit
T7,30,tr,7.5,5,5.37966398e-05,5.38506108e-05,fit
T7,30,tr,7.55,5,5.444655e-05,5.27948382e-05,fit
T7,30,tr,7.6,5,5.5096735e-05,5.79720501e-05,fit
T7,30,tr,7.65,5,5.57471478e-05,5.38436427e-05,fit
T7,30,tr,7.7,5,5.63977425e-05,5.92791168e-05,fit
T7,30,tr,7.75,5,5.70484743e-05,5.63017045e-05,fit
T7,30,tr,7.8,5,5.76992997e-05,5.82972537e-05,fit
T7,30,tr,7.85,5,5.83501762e-05,6.29137958e-05,fit
T7,30,tr,7.9,5,5.90010626e-05,5.81630508e-05,fit
T7,30,tr,7.95,5,5.96519186e-05,5.88460359e-05,fit
T7,30,tr,8,5,6.0302705e-05,6.13447068e-05,fit
T8,30,tr,-2,0.1,2.02e-14,1.62802929e-14,fit
T8,30,tr,-1.95,0.1,2.02e-14,1.77297318e-14,fit
T8,30,tr,-1.9,0.1,2.02e-14,2.30687027e-14,fit
T8,30,tr,-1.85,0.1,2.02e-14,2.47671776e-14,fit
T8,30,tr,-1.8,0.1,2.02e-14,1.6424259e-14,fit
T8,30,tr,-1.75,0.1,2.02e-14,2.26897149e-14,fit
T8,30,tr,-1.7,0.1,2.02e-14,2.32208089e-14,fit
T8,30,tr,-1.65,0.1,2.02e-14,2.53752603e-14,fit
T8,30,tr,-1.6,0.1,2.02e-14,2.12825298e-14,fit
T8,30,tr,-1.55,0.1,2.02e-14,2.41207682e-14,fit
T8,30,tr,-1.5,0.1,2.02e-14,2.53250135e-14,fit
T8,30,tr,-1.45,0.1,2.02e-14,2.21736126e-14,fit
T8,30,tr,-1.4,0.1,2.02e-14,2.57575559e-14,fit
T8,30,tr,-1.35,0.1,2.02e-14,1.48387463e-14,fit
T8,30,tr,-1.3,0.1,2.02e-14,1.44448641e-14,fit
T8,30,tr,-1.25,0.1,2.02e-14,1.5360162e-14,fit
T8,30,tr,-1.2,0.1,2.02e-14,2.27039405e-14,fit
T8,30,tr,-1.15,0.1,2.02e-14,1.5490927e-14,fit
T8,30,tr,-1.1,0.1,2.02e-14,1.75428214e-14,fit
T8,30,tr,-1.05,0.1,2.02e-14,1.30481918e-14,fit
T8,30,tr,-1,0.1,2.02e-14,2.19333753e-14,fit
T8,30,tr,-0.95,0.1,2.02e-14,2.31409158e-14,fit
T8,30,tr,-0.9,0.1,2.02e-14,2.43621179e-14,fit
T8,30,tr,-0.85,0.1,2.02e-14,2.3087298e-14,fit
T8,30,tr,-0.8,0.1,2.02e-14,1.92406972e-14,fit
T8,30,tr,-0.75,0.1,2.02000001e-14,2.15536079e-14,fit
T8,30,tr,-0.7,0.1,2.02000001e-14,1.21674622e-14,fit
T8,30,tr,-0.65,0.1,2.02000003e-14,1.73929089e-14,fit
T8,30,tr,-0.6,0.1,2.02000008e-14,2.28170395e-14,fit
T8,30,tr,-0.55,0.1,2.02000018e-14,2.1036303e-14,fit
T8,30,tr,-0.5,0.1,2.02000041e-14,2.06506689e-14,fit
T8,30,tr,-0.45,0.1,2.02000093e-14,2.42530134e-14,fit
T8,30,tr,-0.4,0.1,2.02000215e-14,1.9407997e-14,fit
T8,30,tr,-0.35,0.1,2.02000494e-14,2.39887914e-14,fit
T8,30,tr,-0.3,0.1,2.02001137e-14,2.80697611e-14,fit
T8,30,tr,-0.25,0.1,2.02002614e-14,2.52629686e-14,fit
T8,30,tr,-0.2,0.1,2.02006013e-14,1.51752434e-14,fit
T8,30,tr,-0.15,0.1,2.0201383e-14,3.32629822e-14,fit
T8,30,tr,-0.1,0.1,2.0203181e-14,2.46287761e-14,fit
T8,30,tr,-0.05,0.1,2.02073165e-14,2.22328849e-14,fit
T8,30,tr,1.20736754e-15,0.1,2.02168285e-14,2.22681749e-14,fit
T8,30,tr,0.05,0.1,2.024857e-14,3.10049557e-14,fit
T8,30,tr,0.1,0.1,2.03117105e-14,2.04753034e-14,fit
T8,30,tr,0.15,0.1,2.0456926e-14,2.34907576e-14,fit
T8,30,tr,0.2,0.1,2.07908878e-14,2.57492792e-14,fit
T8,30,tr,0.25,0.1,2.15588669e-14,2.01622401e-14,fit
T8,30,tr,0.3,0.1,2.33247254e-14,2.29472552e-14,fit
T8,30,tr,0.35,0.1,2.73844314e-14,3.71792974e-14,fit
T8,30,tr,0.4,0.1,3.67155428e-14,2.93721143e-14,fit
T8,30,tr,0.45,0.1,5.81555608e-14,5.89146779e-14,fit
T8,30,tr,0.5,0.1,1.07393586e-13,1.02422394e-13,fit
T8,30,tr,0.55,0.1,2.20388293e-13,2.20303417e-13,fit
T8,30,tr,0.6,0.1,4.79417328e-13,4.65181227e-13,fit
T8,30,tr,0.65,0.1,1.07227925e-12,1.12691889e-12,fit
T8,30,tr,0.7,0.1,2.42608227e-12,2.51311665e-12,fit
T8,30,tr,0.75,0.1,5.50709169e-12,5.78632242e-12,fit
T8,30,tr,0.8,0.1,1.24846266e-11,1.25184023e-11,fit
T8,30,tr,0.85,0.1,2.81750958e-11,2.81430885e-11,fit
T8,30,tr,0.9,0.1,6.3102467e-11,6.3166765e-11,fit
T8,30,tr,0.95,0.1,1.39744054e-10,1.34454445e-10,fit
T8,30,tr,1,0.1,3.04591357e-10,3.17690994e-10,fit
T8,30,tr,1.05,0.1,6.49575531e-10,6.75033373e-10,fit
T8,30,tr,1.1,0.1,1.34508287e-09,1.37932435e-09,fit
T8,30,tr,1.15,0.1,2.67622036e-09,2.57162316e-09,fit
T8,30,tr,1.2,0.1,5.04046348e-09,5.02353753e-09,fit
T8,30,tr,1.25,0.1,8.8322184e-09,8.95033922e-09,fit
T8,30,tr,1.3,0.1,1.42457197e-08,1.45074081e-08,fit
T8,30,tr,1.35,0.1,2.12071923e-08,2.0771321e-08,fit
T8,30,tr,1.4,0.1,2.94915826e-08,3.01707325e-08,fit
T8,30,tr,1.45,0.1,3.88495468e-08,4.09672829e-08,fit
T8,30,tr,1.5,0.1,4.90605627e-08,4.7313807e-08,fit
T8,30,tr,1.55,0.1,5.99428056e-08,5.91928149e-08,fit
T8,30,tr,1.6,0.1,7.13507823e-08,6.84962978e-08,fit
T8,30,tr,1.65,0.1,8.31705147e-08,7.95331465e-08,fit
T8,30,tr,1.7,0.1,9.53141965e-08,9.34050223e-08,fit
T8,30,tr,1.75,0.1,1.07714939e-07,1.08638977e-07,fit
T8,30,tr,1.8,0.1,1.2032205e-07,1.22075341e-07,fit
T8,30,tr,1.85,0.1,1.33097083e-07,1.32447619e-07,fit
T8,30,tr,1.9,0.1,1.46010703e-07,1.50233799e-07,fit
T8,30,tr,1.95,0.1,1.59040301e-07,1.62089384e-07,fit
T8,30,tr,2,0.1,1.72168204e-07,1.69535146e-07,fit
T8,30,tr,2.05,0.1,1.85380375e-07,1.88453199e-07,fit
T8,30,tr,2.1,0.1,1.98665468e-07,1.98786705e-07,fit
T8,30,tr,2.15,0.1,2.12014137e-07,2.12077543e-07,fit
T8,30,tr,2.2,0.1,2.25418552e-07,2.1769968e-07,fit
T8,30,tr,2.25,0.1,2.38872035e-07,2.42819085e-07,fit
T8,30,tr,2.3,0.1,2.5236881e-07,2.46472567e-07,fit
T8,30,tr,2.35,0.1,2.65903805e-07,2.77093207e-07,fit
T8,30,tr,2.4,0.1,2.79472522e-07,2.77358601e-07,fit
T8,30,tr,2.45,0.1,2.93070925e-07,2.99370673e-07,fit
T8,30,tr,2.5,0.1,3.06695367e-07,3.02322715e-07,fit
T8,30,tr,2.55,0.1,3.20342527e-07,3.04113799e-07,fit
T8,30,tr,2.6,0.1,3.34009365e-07,3.34974361e-07,fit
T8,30,tr,2.65,0.1,3.47693082e-07,3.36602049e-07,fit
T8,30,tr,2.7,0.1,3.61391092e-07,3.60013845e-07,fit
T8,30,tr,2.75,0.1,3.75101e-07,3.69810806e-07,fit
T8,30,tr,2.8,0.1,3.88820577e-07,4.12844928e-07,fit
T8,30,tr,2.85,0.1,4.02547747e-07,3.98994238e-07,fit
T8,30,tr,2.9,0.1,4.16280568e-07,4.14706357e-07,fit
T8,30,tr,2.95,0.1,4.30017227e-07,4.27233149e-07,fit
T8,30,tr,3,0.1,4.43756021e-07,4.6591134e-07,fit
T8,30,tr,3.05,0.1,4.57495352e-07,4.59311124e-07,fit
T8,30,tr,3.1,0.1,4.7123372e-07,4.71062078e-07,fit
T8,30,tr,3.15,0.1,4.8496971e-07,5.09705944e-07,fit
T8,30,tr,3.2,0.1,4.98701991e-07,5.19337203e-07,fit
T8,30,tr,3.25,0.1,5.12429308e-07,5.0878991e-07,fit
T8,30,tr,3.3,0.1,5.26150474e-07,5.01277533e-07,fit
T8,30,tr,3.35,0.1,5.3986437e-07,5.51190112e-07,fit
T8,30,tr,3.4,0.1,5.53569937e-07,5.52999373e-07,fit
T8,30,tr,3.45,0.1,5.67266173e-07,5.5361999e-07,fit
T8,30,tr,3.5,0.1,5.80952129e-07,5.89169458e-07,fit
T8,30,tr,3.55,0.1,5.94626906e-07,5.98888679e-07,fit
T8,30,tr,3.6,0.1,6.08289653e-07,5.87741997e-07,fit
T8,30,tr,3.65,0.1,6.2193956e-07,6.36242731e-07,fit
T8,30,tr,3.7,0.1,6.35575862e-07,6.42961896e-07,fit
T8,30,tr,3.75,0.1,6.49197831e-07,6.77306796e-07,fit
T8,30,tr,3.8,0.1,6.62804775e-07,6.59818216e-07,fit
T8,30,tr,3.85,0.1,6.76396038e-07,7.07140071e-07,fit
T8,30,tr,3.9,0.1,6.89970995e-07,6.90784607e-07,fit
T8,30,tr,3.95,0.1,7.03529055e-07,7.01485863e-07,fit
T8,30,tr,4,0.1,7.17069651e-07,7.21613455e-07,fit
T8,30,tr,4.05,0.1,7.30592249e-07,7.45270404e-07,fit
T8,30,tr,4.1,0.1,7.44096337e-07,7.2515065e-07,fit
T8,30,tr,4.15,0.1,7.57581431e-07,7.89251718e-07,fit
T8,30,tr,4.2,0.1,7.71047069e-07,7.80663906e-07,fit
T8,30,tr,4.25,0.1,7.8449281e-07,8.09728783e-07,fit
T8,30,tr,4.3,0.1,7.97918237e-07,8.0523658e-07,fit
T8,30,tr,4.35,0.1,8.11322952e-07,8.25743424e-07,fit
T8,30,tr,4.4,0.1,8.24706576e-07,8.33785868e-07,fit
T8,30,tr,4.45,0.1,8.38068748e-07,8.06676444e-07,fit
T8,30,tr,4.5,0.1,8.51409125e-07,8.14800377e-07,fit
T8,30,tr,4.55,0.1,8.6472738e-07,8.56884488e-07,fit
T8,30,tr,4.6,0.1,8.78023204e-07,9.35101192e-07,fit
T8,30,tr,4.65,0.1,8.91296301e-07,8.64318383e-07,fit
T8,30,tr,4.7,0.1,9.04546389e-07,9.19249632e-07,fit
T8,30,tr,4.75,0.1,9.17773202e-07,9.51140077e-07,fit
T8,30,tr,4.8,0.1,9.30976485e-07,9.21494643e-07,fit
T8,30,tr,4.85,0.1,9.44155998e-07,9.63502144e-07,fit
T8,30,tr,4.9,0.1,9.57311511e-07,9.64262289e-07,fit
T8,30,tr,4.95,0.1,9.70442806e-07,1.04440282e-06,fit
T8,30,tr,5,0.1,9.83549676e-07,1.01771527e-06,fit
T8,30,tr,5.05,0.1,9.96631926e-07,9.58853511e-07,fit
T8,30,tr,5.1,0.1,1.00968937e-06,1.00595635e-06,fit
T8,30,tr,5.15,0.1,1.02272183e-06,9.85284799e-07,fit
T8,30,tr,5.2,0.1,1.03572914e-06,1.02900861e-06,fit
T8,30,tr,5.25,0.1,1.04871115e-06,1.02405235e-06,fit
T8,30,tr,5.3,0.1,1.0616677e-06,1.0321061e-06,fit
T8,30,tr,5.35,0.1,1.07459865e-06,1.12475192e-06,fit
T8,30,tr,5.4,0.1,1.08750387e-06,1.10274716e-06,fit
T8,30,tr,5.45,0.1,1.10038324e-06,1.11885845e-06,fit
T8,30,tr,5.5,0.1,1.11323663e-06,1.15394246e-06,fit
T8,30,tr,5.55,0.1,1.12606393e-06,1.17463453e-06,fit
T8,30,tr,5.6,0.1,1.13886505e-06,1.15218822e-06,fit
T8,30,tr,5.65,0.1,1.15163988e-06,1.09006691e-06,fit
T8,30,tr,5.7,0.1,1.16438833e-06,1.20510556e-06,fit
T8,30,tr,5.75,0.1,1.17711031e-06,1.19457399e-06,fit
T8,30,tr,5.8,0.1,1.18980575e-06,1.1231839e-06,fit
T8,30,tr,5.85,0.1,1.20247457e-06,1.18819155e-06,fit
T8,30,tr,5.9,0.1,1.21511671e-06,1.17577119e-06,fit
T8,30,tr,5.95,0.1,1.22773209e-06,1.18357039e-06,fit
T8,30,tr,6,0.1,1.24032066e-06,1.27344189e-06,fit
T8,30,tr,6.05,0.1,1.25288237e-06,1.22497971e-06,fit
T8,30,tr,6.1,0.1,1.26541716e-06,1.25617508e-06,fit
T8,30,tr,6.15,0.1,1.27792499e-06,1.24772219e-06,fit
T8,30,tr,6.2,0.1,1.29040582e-06,1.33296611e-06,fit
T8,30,tr,6.25,0.1,1.30285962e-06,1.24372589e-06,fit
T8,30,tr,6.3,0.1,1.31528635e-06,1.30592676e-06,fit
T8,30,tr,6.35,0.1,1.32768598e-06,1.35974712e-06,fit
T8,30,tr,6.4,0.1,1.34005848e-06,1.33365902e-06,fit
T8,30,tr,6.45,0.1,1.35240384e-06,1.31427514e-06,fit
T8,30,tr,6.5,0.1,1.36472204e-06,1.29665137e-06,fit
T8,30,tr,6.55,0.1,1.37701306e-06,1.42226561e-06,fit
T8,30,tr,6.6,0.1,1.38927689e-06,1.41075405e-06,fit
T8,30,tr,6.65,0.1,1.40151352e-06,1.41260058e-06,fit
T8,30,tr,6.7,0.1,1.41372295e-06,1.40850633e-06,fit
T8,30,tr,6.75,0.1,1.42590517e-06,1.45655929e-06,fit
T8,30,tr,6.8,0.1,1.43806018e-06,1.45911392e-06,fit
T8,30,tr,6.85,0.1,1.45018799e-06,1.38212521e-06,fit
T8,30,tr,6.9,0.1,1.4622886e-06,1.45554563e-06,fit
T8,30,tr,6.95,0.1,1.47436202e-06,1.51490642e-06,fit
T8,30,tr,7,0.1,1.48640826e-06,1.54651943e-06,fit
T8,30,tr,7.05,0.1,1.49842733e-06,1.39076071e-06,fit
T8,30,tr,7.1,0.1,1.51041924e-06,1.5375302e-06,fit
T8,30,tr,7.15,0.1,1.52238402e-06,1.59344601e-06,fit
T8,30,tr,7.2,0.1,1.53432167e-06,1.55234057e-06,fit
T8,30,tr,7.25,0.1,1.54623223e-06,1.61430173e-06,fit
T8,30,tr,7.3,0.1,1.55811572e-06,1.54271738e-06,fit
T8,30,tr,7.35,0.1,1.56997215e-06,1.5763965e-06,fit
T8,30,tr,7.4,0.1,1.58180156e-06,1.56564209e-06,fit
T8,30,tr,7.45,0.1,1.59360397e-06,1.56928088e-06,fit
T8,30,tr,7.5,0.1,1.60537942e-06,1.63709637e-06,fit
T8,30,tr,7.55,0.1,1.61712793e-06,1.6070886e-06,fit
T8,30,tr,7.6,0.1,1.62884954e-06,1.67398442e-06,fit
T8,30,tr,7.65,0.1,1.64054428e-06,1.66531009e-06,fit
T8,30,tr,7.7,0.1,1.65221219e-06,1.59599922e-06,fit
T8,30,tr,7.75,0.1,1.66385331e-06,1.70768002e-06,fit
T8,30,tr,7.8,0.1,1.67546767e-06,1.55660113e-06,fit
T8,30,tr,7.85,0.1,1.68705531e-06,1.66301402e-06,fit
T8,30,tr,7.9,0.1,1.69861628e-06,1.66026425e-06,fit
T8,30,tr,7.95,0.1,1.71015062e-06,1.64974389e-06,fit
T8,30,tr,8,0.1,1.72165837e-06,1.72776385e-06,fit
T8,30,tr,-2,5,1.5e-12,1.56401441e-12,fit
T8,30,tr,-1.95,5,1.5e-12,1.53067799e-12,fit
T8,30,tr,-1.9,5,1.5e-12,1.49856847e-12,fit
T8,30,tr,-1.85,5,1.5e-12,1.44408437e-12,fit
T8,30,tr,-1.8,5,1.5e-12,1.51201734e-12,fit
T8,30,tr,-1.75,5,1.5e-12,1.46845462e-12,fit
T8,30,tr,-1.7,5,1.5e-12,1.47696414e-12,fit
T8,30,tr,-1.65,5,1.5e-12,1.50715527e-12,fit
T8,30,tr,-1.6,5,1.5e-12,1.46243361e-12,fit
T8,30,tr,-1.55,5,1.5e-12,1.47118143e-12,fit
T8,30,tr,-1.5,5,1.5e-12,1.50096445e-12,fit
T8,30,tr,-1.45,5,1.5e-12,1.46378681e-12,fit
T8,30,tr,-1.4,5,1.5e-12,1.53623424e-12,fit
T8,30,tr,-1.35,5,1.5e-12,1.44455669e-12,fit
T8,30,tr,-1.3,5,1.5e-12,1.53549893e-12,fit
T8,30,tr,-1.25,5,1.5e-12,1.53583002e-12,fit
T8,30,tr,-1.2,5,1.5e-12,1.49445874e-12,fit
T8,30,tr,-1.15,5,1.5e-12,1.4507346e-12,fit
T8,30,tr,-1.1,5,1.5e-12,1.53433425e-12,fit
T8,30,tr,-1.05,5,1.5e-12,1.4613438e-12,fit
T8,30,tr,-1,5,1.5e-12,1.55154944e-12,fit
T8,30,tr,-0.95,5,1.5e-12,1.51800266e-12,fit
T8,30,tr,-0.9,5,1.5e-12,1.45400653e-12,fit
T8,30,tr,-0.85,5,1.5e-12,1.51513935e-12,fit
T8,30,tr,-0.8,5,1.5e-12,1.52542992e-12,fit
T8,30,tr,-0.75,5,1.5e-12,1.52770139e-12,fit
T8,30,tr,-0.7,5,1.5e-12,1.50356537e-12,fit
T8,30,tr,-0.65,5,1.5e-12,1.50877936e-12,fit
T8,30,tr,-0.6,5,1.5e-12,1.58498214e-12,fit
T8,30,tr,-0.55,5,1.50000001e-12,1.51949788e-12,fit
T8,30,tr,-0.5,5,1.50000002e-12,1.53718758e-12,fit
T8,30,tr,-0.45,5,1.50000005e-12,1.50982747e-12,fit
T8,30,tr,-0.4,5,1.50000012e-12,1.44540132e-12,fit
T8,30,tr,-0.35,5,1.50000028e-12,1.52963248e-12,fit
T8,30,tr,-0.3,5,1.50000064e-12,1.49699413e-12,fit
T8,30,tr,-0.25,5,1.50000147e-12,1.50406514e-12,fit
T8,30,tr,-0.2,5,1.50000338e-12,1.49187193e-12,fit
T8,30,tr,-0.15,5,1.50000777e-12,1.47392962e-12,fit
T8,30,tr,-0.1,5,1.50001787e-12,1.47078146e-12,fit
T8,30,tr,-0.05,5,1.5000411e-12,1.46917145e-12,fit
T8,30,tr,1.20736754e-15,5,1.50009453e-12,1.52785705e-12,fit
T8,30,tr,0.05,5,1.50027281e-12,1.4760028e-12,fit
T8,30,tr,0.1,5,1.50062743e-12,1.47947228e-12,fit
T8,30,tr,0.15,5,1.5014429e-12,1.44579523e-12,fit
T8,30,tr,0.2,5,1.50331797e-12,1.5550285e-12,fit
T8,30,tr,0.25,5,1.50762879e-12,1.48705254e-12,fit
T8,30,tr,0.3,5,1.51753718e-12,1.5243464e-12,fit
T8,30,tr,0.35,5,1.54030398e-12,1.55942311e-12,fit
T8,30,tr,0.4,5,1.59259028e-12,1.55815705e-12,fit
T8,30,tr,0.45,5,1.71258456e-12,1.71701184e-12,fit
T8,30,tr,0.5,5,1.98767356e-12,2.01971879e-12,fit
T8,30,tr,0.55,5,2.61734074e-12,2.79352431e-12,fit
T8,30,tr,0.6,5,4.05534722e-12,4.0766478e-12,fit
T8,30,tr,0.65,5,7.32851402e-12,7.27497688e-12,fit
T8,30,tr,0.7,5,1.47429529e-11,1.4866369e-11,fit
T8,30,tr,0.75,5,3.14214894e-11,3.11279726e-11,fit
T8,30,tr,0.8,5,6.85661427e-11,6.56020932e-11,fit
T8,30,tr,0.85,5,1.50128948e-10,1.4884639e-10,fit
T8,30,tr,0.9,5,3.25737706e-10,3.21562671e-10,fit
T8,30,tr,0.95,5,6.93867206e-10,6.9828691e-10,fit
T8,30,tr,1,5,1.43893124e-09,1.316549e-09,fit
T8,30,tr,1.05,5,2.88139897e-09,2.88583939e-09,fit
T8,30,tr,1.1,5,5.52894292e-09,5.50119092e-09,fit
T8,30,tr,1.15,5,1.01028262e-08,1.01415928e-08,fit
T8,30,tr,1.2,5,1.75109555e-08,1.72599176e-08,fit
T8,30,tr,1.25,5,2.87601683e-08,2.87242876e-08,fit
T8,30,tr,1.3,5,4.48358234e-08,4.25809735e-08,fit
T8,30,tr,1.35,5,6.6596042e-08,6.50965318e-08,fit
T8,30,tr,1.4,5,9.47142932e-08,9.1660144e-08,fit
T8,30,tr,1.45,5,1.29673754e-07,1.33797575e-07,fit
T8,30,tr,1.5,5,1.71795661e-07,1.7399444e-07,fit
T8,30,tr,1.55,5,2.21280245e-07,2.16662687e-07,fit
T8,30,tr,1.6,5,2.78245679e-07,2.62741563e-07,fit
T8,30,tr,1.65,5,3.42758664e-07,3.4227483e-07,fit
T8,30,tr,1.7,5,4.14855776e-07,4.19671175e-07,fit
T8,30,tr,1.75,5,4.94557106e-07,4.76701032e-07,fit
T8,30,tr,1.8,5,5.81874369e-07,5.80927219e-07,fit
T8,30,tr,1.85,5,6.7681536e-07,6.69555192e-07,fit
T8,30,tr,1.9,5,7.79386173e-07,7.88394551e-07,fit
T8,30,tr,1.95,5,8.89592126e-07,8.90676716e-07,fit
T8,30,tr,2,5,1.007438e-06,9.89854434e-07,fit
T8,30,tr,2.05,5,1.13292793e-06,1.120682e-06,fit
T8,30,tr,2.1,5,1.26606518e-06,1.31840133e-06,fit
T8,30,tr,2.15,5,1.4068519e-06,1.43772594e-06,fit
T8,30,tr,2.2,5,1.55528883e-06,1.61418343e-06,fit
T8,30,tr,2.25,5,1.71137517e-06,1.7219696e-06,fit
T8,30,tr,2.3,5,1.8751084e-06,1.89110151e-06,fit
T8,30,tr,2.35,5,2.0464842e-06,2.13644606e-06,fit
T8,30,tr,2.4,5,2.22549631e-06,2.1943949e-06,fit
T8,30,tr,2.45,5,2.41213656e-06,2.42026033e-06,fit
T8,30,tr,2.5,5,2.60639481e-06,2.62469913e-06,fit
T8,30,tr,2.55,5,2.8082589e-06,2.69716807e-06,fit
T8,30,tr,2.6,5,3.01771468e-06,3.21174339e-06,fit
T8,30,tr,2.65,5,3.234746e-06,3.06925886e-06,fit
T8,30,tr,2.7,5,3.45933467e-06,3.30595537e-06,fit
T8,30,tr,2.75,5,3.69146048e-06,3.58545121e-06,fit
T8,30,tr,2.8,5,3.9311012e-06,3.94779462e-06,fit
T8,30,tr,2.85,5,4.17823254e-06,4.27894513e-06,fit
T8,30,tr,2.9,5,4.43282814e-06,4.65863759e-06,fit
T8,30,tr,2.95,5,4.69485959e-06,4.78395236e-06,fit
T8,30,tr,3,5,4.96429638e-06,4.84925609e-06,fit
T8,30,tr,3.05,5,5.24110589e-06,5.31212296e-06,fit
T8,30,tr,3.1,5,5.52525337e-06,5.25464564e-06,fit
T8,30,tr,3.15,5,5.81670194e-06,6.08092195e-06,fit
T8,30,tr,3.2,5,6.11541254e-06,6.08134556e-06,fit
T8,30,tr,3.25,5,6.42134393e-06,5.96193111e-06,fit
T8,30,tr,3.3,5,6.73445268e-06,6.70417671e-06,fit
T8,30,tr,3.35,5,7.05469315e-06,7.13234642e-06,fit
T8,30,tr,3.4,5,7.38201748e-06,7.09045684e-06,fit
T8,30,tr,3.45,5,7.71637556e-06,7.56031483e-06,fit
T8,30,tr,3.5,5,8.05771508e-06,7.94083384e-06,fit
T8,30,tr,3.55,5,8.40598147e-06,8.37754269e-06,fit
T8,30,tr,3.6,5,8.76111795e-06,8.40064612e-06,fit
T8,30,tr,3.65,5,9.1230655e-06,9.26879138e-06,fit
T8,30,tr,3.7,5,9.4917629e-06,9.36432366e-06,fit
T8,30,tr,3.75,5,9.86714676e-06,9.17273431e-06,fit
T8,30,tr,3.8,5,1.02491515e-05,9.86548571e-06,fit
T8,30,tr,3.85,5,1.06377094e-05,1.10166003e-05,fit
T8,30,tr,3.9,5,1.10327506e-05,1.15728441e-05,fit
T8,30,tr,3.95,5,1.14342033e-05,1.16260291e-05,fit
T8,30,tr,4,5,1.18419936e-05,1.18160151e-05,fit
T8,30,tr,4.05,5,1.22560456e-05,1.20246952e-05,fit
T8,30,tr,4.1,5,1.26762816e-05,1.206045e-05,fit
T8,30,tr,4.15,5,1.31026218e-05,1.24916755e-05,fit
T8,30,tr,4.2,5,1.35349848e-05,1.4107431e-05,fit
T8,30,tr,4.25,5,1.39732875e-05,1.2942277e-05,fit
T8,30,tr,4.3,5,1.4417445e-05,1.44609134e-05,fit
T8,30,tr,4.35,5,1.48673709e-05,1.56635888e-05,fit
T8,30,tr,4.4,5,1.53229774e-05,1.55513201e-05,fit
T8,30,tr,4.45,5,1.57841751e-05,1.51074776e-05,fit
T8,30,tr,4.5,5,1.62508732e-05,1.6077093e-05,fit
T8,30,tr,4.55,5,1.672298e-05,1.70072019e-05,fit
T8,30,tr,4.6,5,1.72004023e-05,1.66640952e-05,fit
T8,30,tr,4.65,5,1.76830459e-05,1.74911664e-05,fit
T8,30,tr,4.7,5,1.81708158e-05,1.86685271e-05,fit
T8,30,tr,4.75,5,1.86636159e-05,1.80628008e-05,fit
T8,30,tr,4.8,5,1.91613495e-05,1.91152073e-05,fit
T8,30,tr,4.85,5,1.9663919e-05,1.99020441e-05,fit
T8,30,tr,4.9,5,2.01712263e-05,2.02399597e-05,fit
T8,30,tr,4.95,5,2.06831729e-05,2.07247466e-05,fit
T8,30,tr,5,5,2.11996596e-05,2.16976502e-05,fit
T8,30,tr,5.05,5,2.17205873e-05,2.24238435e-05,fit
T8,30,tr,5.1,5,2.22458562e-05,2.31664103e-05,fit
T8,30,tr,5.15,5,2.27753666e-05,2.37681875e-05,fit
T8,30,tr,5.2,5,2.33090189e-05,2.37463368e-05,fit
T8,30,tr,5.25,5,2.38467133e-05,2.34911886e-05,fit
T8,30,tr,5.3,5,2.43883502e-05,2.3810232e-05,fit
T8,30,tr,5.35,5,2.49338301e-05,2.56551026e-05,fit
T8,30,tr,5.4,5,2.54830539e-05,2.50738825e-05,fit
T8,30,tr,5.45,5,2.6035923e-05,2.49804973e-05,fit
T8,30,tr,5.5,5,2.65923389e-05,2.65662626e-05,fit
T8,30,tr,5.55,5,2.71522038e-05,2.65390302e-05,fit
T8,30,tr,5.6,5,2.77154205e-05,2.75251324e-05,fit
T8,30,tr,5.65,5,2.82818924e-05,2.68585619e-05,fit
T8,30,tr,5.7,5,2.88515236e-05,2.83121319e-05,fit
T8,30,tr,5.75,5,2.94242189e-05,3.04009214e-05,fit
T8,30,tr,5.8,5,2.99998841e-05,3.00754057e-05,fit
T8,30,tr,5.85,5,3.05784258e-05,2.9484079e-05,fit
T8,30,tr,5.9,5,3.11597514e-05,3.04670222e-05,fit
T8,30,tr,5.95,5,3.17437693e-05,3.23757876e-05,fit
T8,30,tr,6,5,3.23303892e-05,3.22652295e-05,fit
T8,30,tr,6.05,5,3.29195215e-05,3.31534856e-05,fit
T8,30,tr,6.1,5,3.3511078e-05,3.18846621e-05,fit
T8,30,tr,6.15,5,3.41049713e-05,3.4008276e-05,fit
T8,30,tr,6.2,5,3.47011156e-05,3.42431743e-05,fit
T8,30,tr,6.25,5,3.52994258e-05,3.49180564e-05,fit
T8,30,tr,6.3,5,3.58998185e-05,3.78954324e-05,fit
T8,30,tr,6.35,5,3.65022112e-05,3.58283652e-05,fit
T8,30,tr,6.4,5,3.71065229e-05,3.62348397e-05,fit
T8,30,tr,6.45,5,3.77126737e-05,3.74009592e-05,fit
T8,30,tr,6.5,5,3.83205852e-05,3.65751133e-05,fit
T8,30,tr,6.55,5,3.89301802e-05,3.79004839e-05,fit
T8,30,tr,6.6,5,3.95413828e-05,3.78319169e-05,fit
T8,30,tr,6.65,5,4.01541185e-05,3.98634364e-05,fit
T8,30,tr,6.7,5,4.07683142e-05,3.98885784e-05,fit
T8,30,tr,6.75,5,4.13838981e-05,3.89479442e-05,fit
T8,30,tr,6.8,5,4.20007997e-05,4.10746162e-05,fit
T8,30,tr,6.85,5,4.26189499e-05,4.09997495e-05,fit
T8,30,tr,6.9,5,4.32382811e-05,4.03473438e-05,fit
T8,30,tr,6.95,5,4.38587268e-05,4.32836071e-05,fit
T8,30,tr,7,5,4.4480222e-05,4.63570558e-05,fit
T8,30,tr,7.05,5,4.51027031e-05,4.10880613e-05,fit
T8,30,tr,7.1,5,4.57261078e-05,4.53882034e-05,fit
T8,30,tr,7.15,5,4.63503751e-05,4.84760892e-05,fit
T8,30,tr,7.2,5,4.69754453e-05,4.85400392e-05,fit
T8,30,tr,7.25,5,4.76012601e-05,4.99055604e-05,fit
T8,30,tr,7.3,5,4.82277624e-05,5.13971791e-05,fit
T8,30,tr,7.35,5,4.88548966e-05,4.97617864e-05,fit
T8,30,tr,7.4,5,4.94826082e-05,5.23074521e-05,fit
T8,30,tr,7.45,5,5.01108439e-05,5.2642126e-05,fit
T8,30,tr,7.5,5,5.07395519e-05,5.05347487e-05,fit
T8,30,tr,7.55,5,5.13686815e-05,4.94805476e-05,fit
T8,30,tr,7.6,5,5.19981831e-05,5.63289038e-05,fit
T8,30,tr,7.65,5,5.26280086e-05,5.5294299e-05,fit
T8,30,tr,7.7,5,5.32581109e-05,5.37967763e-05,fit
T8,30,tr,7.75,5,5.38884441e-05,5.31085701e-05,fit
T8,30,tr,7.8,5,5.45189634e-05,5.25565682e-05,fit
T8,30,tr,7.85,5,5.51496253e-05,5.61346486e-05,fit
T8,30,tr,7.9,5,5.57803873e-05,5.58305262e-05,fit
T8,30,tr,7.95,5,5.6411208e-05,5.56051595e-05,fit
T8,30,tr,8,5,5.70420471e-05,5.68553074e-05,fit
T7,30,out,2,-0,0,4.29312389e-15,fit
T7,30,out,2,0.05,1.07037394e-07,1.08358283e-07,fit
T7,30,out,2,0.1,2.08052343e-07,2.12342837e-07,fit
T7,30,out,2,0.15,3.02644709e-07,2.93424362e-07,fit
T7,30,out,2,0.2,3.90425224e-07,4.1428759e-07,fit
T7,30,out,2,0.25,4.71092049e-07,4.83523827e-07,fit
T7,30,out,2,0.3,5.44478358e-07,5.52322002e-07,fit
T7,30,out,2,0.35,6.10577383e-07,6.230886e-07,fit
T7,30,out,2,0.4,6.69546831e-07,6.60177265e-07,fit
T7,30,out,2,0.45,7.21695519e-07,7.36832173e-07,fit
T7,30,out,2,0.5,7.67456745e-07,7.77572437e-07,fit
T7,30,out,2,0.55,8.0735396e-07,8.16413905e-07,fit
T7,30,out,2,0.6,8.41964289e-07,8.91918369e-07,fit
T7,30,out,2,0.65,8.71884515e-07,9.01996188e-07,fit
T7,30,out,2,0.7,8.97702623e-07,8.91043915e-07,fit
T7,30,out,2,0.75,9.19976367e-07,8.94974844e-07,fit
T7,30,out,2,0.8,9.3921901e-07,9.61938052e-07,fit
T7,30,out,2,0.85,9.55891426e-07,9.44827645e-07,fit
T7,30,out,2,0.9,9.70399312e-07,9.74128274e-07,fit
T7,30,out,2,0.95,9.83094117e-07,9.83086419e-07,fit
T7,30,out,2,1,9.94276406e-07,9.54121112e-07,fit
T7,30,out,2,1.05,1.00420063e-06,1.03107797e-06,fit
T7,30,out,2,1.1,1.01308048e-06,1.01121008e-06,fit
T7,30,out,2,1.15,1.02109437e-06,1.00558212e-06,fit
T7,30,out,2,1.2,1.02839054e-06,1.04114561e-06,fit
T7,30,out,2,1.25,1.03509181e-06,1.03244462e-06,fit
T7,30,out,2,1.3,1.04129973e-06,1.02522866e-06,fit
T7,30,out,2,1.35,1.04709815e-06,9.70261196e-07,fit
T7,30,out,2,1.4,1.05255628e-06,1.06178921e-06,fit
T7,30,out,2,1.45,1.05773128e-06,1.10728228e-06,fit
T7,30,out,2,1.5,1.06267037e-06,1.07283059e-06,fit
T7,30,out,2,1.55,1.06741264e-06,1.07814355e-06,fit
T7,30,out,2,1.6,1.07199045e-06,1.07696039e-06,fit
T7,30,out,2,1.65,1.07643069e-06,1.07033805e-06,fit
T7,30,out,2,1.7,1.08075571e-06,1.04349949e-06,fit
T7,30,out,2,1.75,1.08498414e-06,1.18744531e-06,fit
T7,30,out,2,1.8,1.08913158e-06,1.10032572e-06,fit
T7,30,out,2,1.85,1.09321104e-06,1.09920633e-06,fit
T7,30,out,2,1.9,1.09723351e-06,1.12379913e-06,fit
T7,30,out,2,1.95,1.10120819e-06,1.18904418e-06,fit
T7,30,out,2,2,1.10514287e-06,1.05158487e-06,fit
T7,30,out,2,2.05,1.10904414e-06,1.13593786e-06,fit
T7,30,out,2,2.1,1.1129176e-06,1.07584336e-06,fit
T7,30,out,2,2.15,1.116768e-06,1.10285068e-06,fit
T7,30,out,2,2.2,1.1205994e-06,1.1264923e-06,fit
T7,30,out,2,2.25,1.12441526e-06,1.11439885e-06,fit
T7,30,out,2,2.3,1.12821857e-06,1.13658716e-06,fit
T7,30,out,2,2.35,1.13201188e-06,1.11412084e-06,fit
T7,30,out,2,2.4,1.13579739e-06,1.2381796e-06,fit
T7,30,out,2,2.45,1.13957702e-06,1.11911035e-06,fit
T7,30,out,2,2.5,1.1433524e-06,1.08862754e-06,fit
T7,30,out,2,2.55,1.14712496e-06,1.15930192e-06,fit
T7,30,out,2,2.6,1.15089596e-06,1.16470657e-06,fit
T7,30,out,2,2.65,1.15466647e-06,1.11033294e-06,fit
T7,30,out,2,2.7,1.15843745e-06,1.20195177e-06,fit
T7,30,out,2,2.75,1.16220973e-06,1.16056129e-06,fit
T7,30,out,2,2.8,1.16598403e-06,1.21012453e-06,fit
T7,30,out,2,2.85,1.169761e-06,1.19893981e-06,fit
T7,30,out,2,2.9,1.17354121e-06,1.23918886e-06,fit
T7,30,out,2,2.95,1.17732515e-06,1.19265356e-06,fit
T7,30,out,2,3,1.18111327e-06,1.15956726e-06,fit
T7,30,out,2,3.05,1.18490595e-06,1.1760854e-06,fit
T7,30,out,2,3.1,1.18870356e-06,1.19912559e-06,fit
T7,30,out,2,3.15,1.1925064e-06,1.18638946e-06,fit
T7,30,out,2,3.2,1.19631475e-06,1.19032197e-06,fit
T7,30,out,2,3.25,1.20012886e-06,1.22650505e-06,fit
T7,30,out,2,3.3,1.20394895e-06,1.21911576e-06,fit
T7,30,out,2,3.35,1.20777522e-06,1.20805471e-06,fit
T7,30,out,2,3.4,1.21160786e-06,1.17690536e-06,fit
T7,30,out,2,3.45,1.21544702e-06,1.17812232e-06,fit
T7,30,out,2,3.5,1.21929284e-06,1.23655075e-06,fit
T7,30,out,2,3.55,1.22314548e-06,1.27071996e-06,fit
T7,30,out,2,3.6,1.22700504e-06,1.26306198e-06,fit
T7,30,out,2,3.65,1.23087163e-06,1.18033621e-06,fit
T7,30,out,2,3.7,1.23474535e-06,1.23888723e-06,fit
T7,30,out,2,3.75,1.23862631e-06,1.25222738e-06,fit
T7,30,out,2,3.8,1.24251457e-06,1.28074629e-06,fit
T7,30,out,2,3.85,1.24641021e-06,1.26797898e-06,fit
T7,30,out,2,3.9,1.25031331e-06,1.23261735e-06,fit
T7,30,out,2,3.95,1.25422394e-06,1.21940389e-06,fit
T7,30,out,2,4,1.25814214e-06,1.23922986e-06,fit
T7,30,out,2,4.05,1.26206797e-06,1.2593143e-06,fit
T7,30,out,2,4.1,1.26600149e-06,1.24685193e-06,fit
T7,30,out,2,4.15,1.26994274e-06,1.3387203e-06,fit
T7,30,out,2,4.2,1.27389177e-06,1.35797227e-06,fit
T7,30,out,2,4.25,1.27784862e-06,1.26975247e-06,fit
T7,30,out,2,4.3,1.28181332e-06,1.27483693e-06,fit
T7,30,out,2,4.35,1.28578591e-06,1.22502145e-06,fit
T7,30,out,2,4.4,1.28976643e-06,1.34979885e-06,fit
T7,30,out,2,4.45,1.2937549e-06,1.3268303e-06,fit
T7,30,out,2,4.5,1.29775136e-06,1.3384299e-06,fit
T7,30,out,2,4.55,1.30175583e-06,1.29199273e-06,fit
T7,30,out,2,4.6,1.30576834e-06,1.29752092e-06,fit
T7,30,out,2,4.65,1.30978892e-06,1.29991509e-06,fit
T7,30,out,2,4.7,1.31381759e-06,1.31566738e-06,fit
T7,30,out,2,4.75,1.31785437e-06,1.35140757e-06,fit
T7,30,out,2,4.8,1.32189928e-06,1.37066041e-06,fit
T7,30,out,2,4.85,1.32595235e-06,1.31478512e-06,fit
T7,30,out,2,4.9,1.33001359e-06,1.29002649e-06,fit
T7,30,out,2,4.95,1.33408302e-06,1.39032112e-06,fit
T7,30,out,2,5,1.33816066e-06,1.24959342e-06,fit
T7,30,out,2,5.05,1.34224653e-06,1.35908478e-06,fit
T7,30,out,2,5.1,1.34634065e-06,1.31567551e-06,fit
T7,30,out,2,5.15,1.35044303e-06,1.34972279e-06,fit
T7,30,out,2,5.2,1.35455368e-06,1.30389452e-06,fit
T7,30,out,2,5.25,1.35867263e-06,1.32987811e-06,fit
T7,30,out,2,5.3,1.36279988e-06,1.37293011e-06,fit
T7,30,out,2,5.35,1.36693546e-06,1.34645513e-06,fit
T7,30,out,2,5.4,1.37107937e-06,1.40089246e-06,fit
T7,30,out,2,5.45,1.37523163e-06,1.31479937e-06,fit
T7,30,out,2,5.5,1.37939225e-06,1.37028374e-06,fit
T7,30,out,2,5.55,1.38356125e-06,1.39293885e-06,fit
T7,30,out,2,5.6,1.38773864e-06,1.41078266e-06,fit
T7,30,out,2,5.65,1.39192443e-06,1.43706301e-06,fit
T7,30,out,2,5.7,1.39611863e-06,1.4460024e-06,fit
T7,30,out,2,5.75,1.40032125e-06,1.53917155e-06,fit
T7,30,out,2,5.8,1.40453231e-06,1.46139136e-06,fit
T7,30,out,2,5.85,1.40875182e-06,1.40049356e-06,fit
T7,30,out,2,5.9,1.41297979e-06,1.49500661e-06,fit
T7,30,out,2,5.95,1.41721623e-06,1.51582375e-06,fit
T7,30,out,2,6,1.42146115e-06,1.41174614e-06,fit
T7,30,out,3,-0,0,6.02524193e-15,fit
T7,30,out,3,0.05,2.47692594e-07,2.54451315e-07,fit
T7,30,out,3,0.1,4.89392978e-07,4.79072861e-07,fit
T7,30,out,3,0.15,7.24922318e-07,7.3482789e-07,fit
T7,30,out,3,0.2,9.5407239e-07,9.22479484e-07,fit
T7,30,out,3,0.25,1.1766237e-06,1.12548169e-06,fit
T7,30,out,3,0.3,1.39235776e-06,1.44717427e-06,fit
T7,30,out,3,0.35,1.60106658e-06,1.65536416e-06,fit
T7,30,out,3,0.4,1.80256058e-06,1.91441173e-06,fit
T7,30,out,3,0.45,1.99667494e-06,1.94248367e-06,fit
T7,30,out,3,0.5,2.18327489e-06,2.16223592e-06,fit
T7,30,out,3,0.55,2.3622598e-06,2.31120699e-06,fit
T7,30,out,3,0.6,2.53356607e-06,2.51649847e-06,fit
T7,30,out,3,0.65,2.69716902e-06,2.58691878e-06,fit
T7,30,out,3,0.7,2.85308365e-06,2.67887341e-06,fit
T7,30,out,3,0.75,3.00136441e-06,3.15640804e-06,fit
T7,30,out,3,0.8,3.14210402e-06,3.15946232e-06,fit
T7,30,out,3,0.85,3.27543152e-06,3.18075035e-06,fit
T7,30,out,3,0.9,3.40150954e-06,3.38277797e-06,fit
T7,30,out,3,0.95,3.5205311e-06,3.62280331e-06,fit
T7,30,out,3,1,3.63271587e-06,3.57642588e-06,fit
T7,30,out,3,1.05,3.73830631e-06,3.78701497e-06,fit
T7,30,out,3,1.1,3.83756352e-06,3.88420973e-06,fit
T7,30,out,3,1.15,3.93076315e-06,4.01178991e-06,fit
T7,30,out,3,1.2,4.01819142e-06,4.11090596e-06,fit
T7,30,out,3,1.25,4.10014131e-06,3.9786426e-06,fit
T7,30,out,3,1.3,4.17690902e-06,4.16574267e-06,fit
T7,30,out,3,1.35,4.24879076e-06,4.28408404e-06,fit
T7,30,out,3,1.4,4.31607993e-06,4.34999597e-06,fit
T7,30,out,3,1.45,4.37906459e-06,4.32325324e-06,fit
T7,30,out,3,1.5,4.43802543e-06,4.20339931e-06,fit
T7,30,out,3,1.55,4.49323405e-06,4.51169142e-06,fit
T7,30,out,3,1.6,4.5449516e-06,4.48682798e-06,fit
T7,30,out,3,1.65,4.59342775e-06,4.60450047e-06,fit
T7,30,out,3,1.7,4.6389e-06,4.63809727e-06,fit
T7,30,out,3,1.75,4.68159319e-06,4.65849337e-06,fit
T7,30,out,3,1.8,4.72171931e-06,4.59746888e-06,fit
T7,30,out,3,1.85,4.75947749e-06,4.64687871e-06,fit
T7,30,out,3,1.9,4.79505408e-06,4.67634133e-06,fit
T7,30,out,3,1.95,4.82862299e-06,4.90507398e-06,fit
T7,30,out,3,2,4.86034606e-06,4.78653239e-06,fit
T7,30,out,3,2.05,4.8903735e-06,4.82949837e-06,fit
T7,30,out,3,2.1,4.91884444e-06,4.94584787e-06,fit
T7,30,out,3,2.15,4.94588747e-06,4.9458677e-06,fit
T7,30,out,3,2.2,4.97162125e-06,4.8511206e-06,fit
T7,30,out,3,2.25,4.99615511e-06,5.080953e-06,fit
T7,30,out,3,2.3,5.0195896e-06,4.98596521e-06,fit
T7,30,out,3,2.35,5.04201715e-06,5.10433207e-06,fit
T7,30,out,3,2.4,5.0635226e-06,4.86375965e-06,fit
T7,30,out,3,2.45,5.08418374e-06,4.9151328e-06,fit
T7,30,out,3,2.5,5.10407188e-06,5.44855703e-06,fit
T7,30,out,3,2.55,5.12325234e-06,5.27421072e-06,fit
T7,30,out,3,2.6,5.14178489e-06,5.13317827e-06,fit
T7,30,out,3,2.65,5.15972425e-06,5.10538123e-06,fit
T7,30,out,3,2.7,5.17712044e-06,5.50928292e-06,fit
T7,30,out,3,2.75,5.19401925e-06,5.09009677e-06,fit
T7,30,out,3,2.8,5.21046252e-06,5.30567764e-06,fit
T7,30,out,3,2.85,5.22648851e-06,5.22874981e-06,fit
T7,30,out,3,2.9,5.24213221e-06,5.058535e-06,fit
T7,30,out,3,2.95,5.25742562e-06,5.54797387e-06,fit
T7,30,out,3,3,5.27239799e-06,5.23027754e-06,fit
T7,30,out,3,3.05,5.28707608e-06,5.38122332e-06,fit
T7,30,out,3,3.1,5.30148438e-06,5.24347362e-06,fit
T7,30,out,3,3.15,5.31564529e-06,5.43694291e-06,fit
T7,30,out,3,3.2,5.32957932e-06,5.49533322e-06,fit
T7,30,out,3,3.25,5.34330525e-06,5.14791248e-06,fit
T7,30,out,3,3.3,5.35684028e-06,5.26842298e-06,fit
T7,30,out,3,3.35,5.37020016e-06,5.73376432e-06,fit
T7,30,out,3,3.4,5.38339935e-06,5.43805327e-06,fit
T7,30,out,3,3.45,5.3964511e-06,5.23819369e-06,fit
T7,30,out,3,3.5,5.40936757e-06,5.64515634e-06,fit
T7,30,out,3,3.55,5.42215992e-06,5.54613217e-06,fit
T7,30,out,3,3.6,5.4348384e-06,5.56207879e-06,fit
T7,30,out,3,3.65,5.44741243e-06,5.30643144e-06,fit
T7,30,out,3,3.7,5.45989066e-06,5.59715698e-06,fit
T7,30,out,3,3.75,5.47228108e-06,5.50703035e-06,fit
T7,30,out,3,3.8,5.48459099e-06,5.62179037e-06,fit
T7,30,out,3,3.85,5.49682717e-06,5.58845549e-06,fit
T7,30,out,3,3.9,5.50899582e-06,5.51330708e-06,fit
T7,30,out,3,3.95,5.52110269e-06,5.48324249e-06,fit
T7,30,out,3,4,5.53315305e-06,5.64881808e-06,fit
T7,30,out,3,4.05,5.5451518e-06,5.75383763e-06,fit
T7,30,out,3,4.1,5.55710343e-06,5.46077672e-06,fit
T7,30,out,3,4.15,5.56901212e-06,5.58408438e-06,fit
T7,30,out,3,4.2,5.58088171e-06,5.95271561e-06,fit
T7,30,out,3,4.25,5.59271577e-06,5.60359172e-06,fit
T7,30,out,3,4.3,5.6045176e-06,5.8174204e-06,fit
T7,30,out,3,4.35,5.61629024e-06,5.89943928e-06,fit
T7,30,out,3,4.4,5.62803653e-06,5.57003135e-06,fit
T7,30,out,3,4.45,5.63975909e-06,5.5064809e-06,fit
T7,30,out,3,4.5,5.65146036e-06,5.53445289e-06,fit
T7,30,out,3,4.55,5.66314259e-06,5.6782706e-06,fit
T7,30,out,3,4.6,5.67480788e-06,5.79024213e-06,fit
T7,30,out,3,4.65,5.68645818e-06,5.7882662e-06,fit
T7,30,out,3,4.7,5.69809532e-06,5.8097761e-06,fit
T7,30,out,3,4.75,5.70972096e-06,5.28464983e-06,fit
T7,30,out,3,4.8,5.72133669e-06,5.55224771e-06,fit
T7,30,out,3,4.85,5.73294397e-06,6.00534158e-06,fit
T7,30,out,3,4.9,5.74454416e-06,5.56895255e-06,fit
T7,30,out,3,4.95,5.75613853e-06,5.58405125e-06,fit
T7,30,out,3,5,5.76772827e-06,5.78912391e-06,fit
T7,30,out,3,5.05,5.77931449e-06,5.95664039e-06,fit
T7,30,out,3,5.1,5.79089822e-06,6.00464476e-06,fit
T7,30,out,3,5.15,5.80248042e-06,5.44273436e-06,fit
T7,30,out,3,5.2,5.81406201e-06,5.60617514e-06,fit
T7,30,out,3,5.25,5.82564383e-06,5.67834206e-06,fit
T7,30,out,3,5.3,5.83722667e-06,5.85149773e-06,fit
T7,30,out,3,5.35,5.84881127e-06,5.85156957e-06,fit
T7,30,out,3,5.4,5.86039833e-06,5.71431258e-06,fit
T7,30,out,3,5.45,5.8719885e-06,5.97344763e-06,fit
T7,30,out,3,5.5,5.88358239e-06,6.18898012e-06,fit
T7,30,out,3,5.55,5.89518057e-06,6.01635112e-06,fit
T7,30,out,3,5.6,5.90678358e-06,6.20424393e-06,fit
T7,30,out,3,5.65,5.91839193e-06,5.98175151e-06,fit
T7,30,out,3,5.7,5.9300061e-06,5.87300861e-06,fit
T7,30,out,3,5.75,5.94162653e-06,5.88251037e-06,fit
T7,30,out,3,5.8,5.95325364e-06,6.38084395e-06,fit
T7,30,out,3,5.85,5.96488783e-06,5.84814097e-06,fit
T7,30,out,3,5.9,5.97652948e-06,5.82921477e-06,fit
T7,30,out,3,5.95,5.98817893e-06,6.12410477e-06,fit
T7,30,out,3,6,5.99983652e-06,5.98534002e-06,fit
T7,30,out,4,-0,0,2.78912323e-15,fit
T7,30,out,4,0.05,3.88335378e-07,4.0008255e-07,fit
T7,30,out,4,0.1,7.7087073e-07,7.71194254e-07,fit
T7,30,out,4,0.15,1.14749622e-06,1.08884153e-06,fit
T7,30,out,4,0.2,1.51808102e-06,1.49944496e-06,fit
T7,30,out,4,0.25,1.88248157e-06,1.93867288e-06,fit
T7,30,out,4,0.3,2.24054694e-06,2.32275174e-06,fit
T7,30,out,4,0.35,2.59212287e-06,2.67861778e-06,fit
T7,30,out,4,0.4,2.93705506e-06,2.92126259e-06,fit
T7,30,out,4,0.45,3.27519206e-06,3.19124424e-06,fit
T7,30,out,4,0.5,3.60638773e-06,3.40328105e-06,fit
T7,30,out,4,0.55,3.93050344e-06,3.9149935e-06,fit
T7,30,out,4,0.6,4.24741008e-06,4.31322842e-06,fit
T7,30,out,4,0.65,4.55698969e-06,4.46732519e-06,fit
T7,30,out,4,0.7,4.85913707e-06,4.90677102e-06,fit
T7,30,out,4,0.75,5.15376099e-06,5.44901078e-06,fit
T7,30,out,4,0.8,5.44078533e-06,5.48848082e-06,fit
T7,30,out,4,0.85,5.72014992e-06,5.84195416e-06,fit
T7,30,out,4,0.9,5.99181125e-06,5.95932472e-06,fit
T7,30,out,4,0.95,6.25574287e-06,6.19695895e-06,fit
T7,30,out,4,1,6.51193572e-06,6.89849787e-06,fit
T7,30,out,4,1.05,6.7603982e-06,6.66052898e-06,fit
T7,30,out,4,1.1,7.00115602e-06,6.73342381e-06,fit
T7,30,out,4,1.15,7.23425196e-06,7.11444382e-06,fit
T7,30,out,4,1.2,7.45974542e-06,7.34426286e-06,fit
T7,30,out,4,1.25,7.67771181e-06,7.99862259e-06,fit
T7,30,out,4,1.3,7.88824188e-06,7.90456746e-06,fit
T7,30,out,4,1.35,8.0914408e-06,8.26376628e-06,fit
T7,30,out,4,1.4,8.28742733e-06,8.27199342e-06,fit
T7,30,out,4,1.45,8.4763327e-06,8.16763899e-06,fit
T7,30,out,4,1.5,8.65829961e-06,8.37410044e-06,fit
T7,30,out,4,1.55,8.83348105e-06,8.96993049e-06,fit
T7,30,out,4,1.6,9.00203917e-06,9.01829988e-06,fit
T7,30,out,4,1.65,9.16414411e-06,8.95730695e-06,fit
T7,30,out,4,1.7,9.31997283e-06,9.31373387e-06,fit
T7,30,out,4,1.75,9.46970794e-06,9.11713148e-06,fit
T7,30,out,4,1.8,9.6135366e-06,9.68339852e-06,fit
T7,30,out,4,1.85,9.75164941e-06,9.60725267e-06,fit
T7,30,out,4,1.9,9.88423939e-06,1.02165255e-05,fit
T7,30,out,4,1.95,1.0011501e-05,1.00695409e-05,fit
T7,30,out,4,2,1.01336291e-05,1.02257049e-05,fit
T7,30,out,4,2.05,1.02508184e-05,1.0094416e-05,fit
T7,30,out,4,2.1,1.03632622e-05,1.02382794e-05,fit
T7,30,out,4,2.15,1.04711521e-05,1.0431589e-05,fit
T7,30,out,4,2.2,1.05746772e-05,1.04765513e-05,fit
T7,30,out,4,2.25,1.06740235e-05,1.0393979e-05,fit
T7,30,out,4,2.3,1.07693732e-05,1.03776468e-05,fit
T7,30,out,4,2.35,1.08609046e-05,1.08736936e-05,fit
T7,30,out,4,2.4,1.09487918e-05,1.08419712e-05,fit
T7,30,out,4,2.45,1.10332038e-05,1.02809049e-05,fit
T7,30,out,4,2.5,1.11143048e-05,1.08965494e-05,fit
T7,30,out,4,2.55,1.11922539e-05,1.10129425e-05,fit
T7,30,out,4,2.6,1.12672046e-05,1.11899439e-05,fit
T7,30,out,4,2.65,1.13393053e-05,1.11968584e-05,fit
T7,30,out,4,2.7,1.14086985e-05,1.13548235e-05,fit
T7,30,out,4,2.75,1.14755216e-05,1.1652295e-05,fit
T7,30,out,4,2.8,1.15399062e-05,1.16561905e-05,fit
T7,30,out,4,2.85,1.16019785e-05,1.13190277e-05,fit
T7,30,out,4,2.9,1.16618591e-05,1.18478481e-05,fit
T7,30,out,4,2.95,1.17196636e-05,1.15537454e-05,fit
T7,30,out,4,3,1.17755022e-05,1.14675507e-05,fit
T7,30,out,4,3.05,1.18294799e-05,1.22978594e-05,fit
T7,30,out,4,3.1,1.18816968e-05,1.16575377e-05,fit
T7,30,out,4,3.15,1.19322483e-05,1.1953366e-05,fit
T7,30,out,4,3.2,1.19812248e-05,1.15156137e-05,fit
T7,30,out,4,3.25,1.20287125e-05,1.20667381e-05,fit
T7,30,out,4,3.3,1.20747931e-05,1.13374195e-05,fit
T7,30,out,4,3.35,1.2119544e-05,1.15003388e-05,fit
T7,30,out,4,3.4,1.21630389e-05,1.1864159e-05,fit
T7,30,out,4,3.45,1.22053473e-05,1.21566458e-05,fit
T7,30,out,4,3.5,1.22465352e-05,1.20431305e-05,fit
T7,30,out,4,3.55,1.2286665e-05,1.25701065e-05,fit
T7,30,out,4,3.6,1.23257958e-05,1.24909369e-05,fit
T7,30,out,4,3.65,1.23639833e-05,1.25312405e-05,fit
T7,30,out,4,3.7,1.24012805e-05,1.26073646e-05,fit
T7,30,out,4,3.75,1.24377372e-05,1.29743653e-05,fit
T7,30,out,4,3.8,1.24734005e-05,1.29736488e-05,fit
T7,30,out,4,3.85,1.2508315e-05,1.23189815e-05,fit
T7,30,out,4,3.9,1.25425228e-05,1.27764157e-05,fit
T7,30,out,4,3.95,1.25760634e-05,1.2571427e-05,fit
T7,30,out,4,4,1.26089745e-05,1.26425543e-05,fit
T7,30,out,4,4.05,1.26412913e-05,1.26689594e-05,fit
T7,30,out,4,4.1,1.26730472e-05,1.28467916e-05,fit
T7,30,out,4,4.15,1.27042738e-05,1.18603026e-05,fit
T7,30,out,4,4.2,1.27350007e-05,1.27270794e-05,fit
T7,30,out,4,4.25,1.27652559e-05,1.29795757e-05,fit
T7,30,out,4,4.3,1.2795066e-05,1.28172502e-05,fit
T7,30,out,4,4.35,1.28244558e-05,1.22844751e-05,fit
T7,30,out,4,4.4,1.2853449e-05,1.30636531e-05,fit
T7,30,out,4,4.45,1.28820677e-05,1.30599466e-05,fit
T7,30,out,4,4.5,1.29103329e-05,1.30563722e-05,fit
T7,30,out,4,4.55,1.29382643e-05,1.2431387e-05,fit
T7,30,out,4,4.6,1.29658807e-05,1.36381423e-05,fit
T7,30,out,4,4.65,1.29931995e-05,1.28724149e-05,fit
T7,30,out,4,4.7,1.30202376e-05,1.2690498e-05,fit
T7,30,out,4,4.75,1.30470104e-05,1.28899072e-05,fit
T7,30,out,4,4.8,1.30735329e-05,1.34577358e-05,fit
T7,30,out,4,4.85,1.3099819e-05,1.25289709e-05,fit
T7,30,out,4,4.9,1.31258819e-05,1.27323052e-05,fit
T7,30,out,4,4.95,1.31517341e-05,1.32190116e-05,fit
T7,30,out,4,5,1.31773874e-05,1.32303038e-05,fit
T7,30,out,4,5.05,1.32028528e-05,1.27733558e-05,fit
T7,30,out,4,5.1,1.3228141e-05,1.29766173e-05,fit
T7,30,out,4,5.15,1.32532618e-05,1.34043196e-05,fit
T7,30,out,4,5.2,1.32782246e-05,1.42951688e-05,fit
T7,30,out,4,5.25,1.33030382e-05,1.39571267e-05,fit
T7,30,out,4,5.3,1.33277112e-05,1.22841434e-05,fit
T7,30,out,4,5.35,1.33522514e-05,1.34511074e-05,fit
T7,30,out,4,5.4,1.33766663e-05,1.30214783e-05,fit
T7,30,out,4,5.45,1.3400963e-05,1.34949321e-05,fit
T7,30,out,4,5.5,1.34251483e-05,1.35932927e-05,fit
T7,30,out,4,5.55,1.34492285e-05,1.32161367e-05,fit
T7,30,out,4,5.6,1.34732097e-05,1.34492961e-05,fit
T7,30,out,4,5.65,1.34970974e-05,1.33778745e-05,fit
T7,30,out,4,5.7,1.35208973e-05,1.34775704e-05,fit
T7,30,out,4,5.75,1.35446142e-05,1.37005739e-05,fit
T7,30,out,4,5.8,1.35682532e-05,1.36122236e-05,fit
T7,30,out,4,5.85,1.35918188e-05,1.35331346e-05,fit
T7,30,out,4,5.9,1.36153154e-05,1.42007356e-05,fit
T7,30,out,4,5.95,1.3638747e-05,1.3834969e-05,fit
T7,30,out,4,6,1.36621177e-05,1.36177081e-05,fit
T7,30,out,6,-0,0,5.49736873e-15,fit
T7,30,out,6,0.05,6.56877506e-07,6.62079698e-07,fit
T7,30,out,6,0.1,1.30853381e-06,1.37316651e-06,fit
T7,30,out,6,0.15,1.95490735e-06,1.99184459e-06,fit
T7,30,out,6,0.2,2.59592531e-06,2.75099997e-06,fit
T7,30,out,6,0.25,3.23150692e-06,3.15217181e-06,fit
T7,30,out,6,0.3,3.86156542e-06,3.84388963e-06,fit
T7,30,out,6,0.35,4.48600953e-06,4.39224704e-06,fit
T7,30,out,6,0.4,5.10474457e-06,4.94035627e-06,fit
T7,30,out,6,0.45,5.71767344e-06,5.8763929e-06,fit
T7,30,out,6,0.5,6.32469738e-06,6.45927776e-06,fit
T7,30,out,6,0.55,6.92571682e-06,7.1028698e-06,fit
T7,30,out,6,0.6,7.52063192e-06,7.81648489e-06,fit
T7,30,out,6,0.65,8.10934327e-06,7.91090297e-06,fit
T7,30,out,6,0.7,8.69175241e-06,8.60234094e-06,fit
T7,30,out,6,0.75,9.26776235e-06,9.29240585e-06,fit
T7,30,out,6,0.8,9.83727808e-06,9.43459106e-06,fit
T7,30,out,6,0.85,1.0400207e-05,1.0220465e-05,fit
T7,30,out,6,0.9,1.09564594e-05,1.1056131e-05,fit
T7,30,out,6,0.95,1.15059487e-05,1.17919522e-05,fit
T7,30,out,6,1,1.2048592e-05,1.21485486e-05,fit
T7,30,out,6,1.05,1.25843105e-05,1.25485854e-05,fit
T7,30,out,6,1.1,1.31130293e-05,1.27132339e-05,fit
T7,30,out,6,1.15,1.36346786e-05,1.33776245e-05,fit
T7,30,out,6,1.2,1.41491929e-05,1.43848616e-05,fit
T7,30,out,6,1.25,1.46565122e-05,1.48563909e-05,fit
T7,30,out,6,1.3,1.51565815e-05,1.53162824e-05,fit
T7,30,out,6,1.35,1.56493515e-05,1.61947569e-05,fit
T7,30,out,6,1.4,1.61347785e-05,1.6937607e-05,fit
T7,30,out,6,1.45,1.66128245e-05,1.66295128e-05,fit
T7,30,out,6,1.5,1.70834575e-05,1.7393007e-05,fit
T7,30,out,6,1.55,1.75466515e-05,1.77549881e-05,fit
T7,30,out,6,1.6,1.80023867e-05,1.83956811e-05,fit
T7,30,out,6,1.65,1.84506493e-05,1.86837918e-05,fit
T7,30,out,6,1.7,1.88914316e-05,1.82996195e-05,fit
T7,30,out,6,1.75,1.93247322e-05,1.90176736e-05,fit
T7,30,out,6,1.8,1.97505558e-05,1.96658062e-05,fit
T7,30,out,6,1.85,2.01689132e-05,1.99611123e-05,fit
T7,30,out,6,1.9,2.05798212e-05,2.04136509e-05,fit
T7,30,out,6,1.95,2.09833024e-05,2.03017723e-05,fit
T7,30,out,6,2,2.13793855e-05,2.08650587e-05,fit
T7,30,out,6,2.05,2.17681049e-05,2.15686692e-05,fit
T7,30,out,6,2.1,2.21495003e-05,2.25025814e-05,fit
T7,30,out,6,2.15,2.25236172e-05,2.26273392e-05,fit
T7,30,out,6,2.2,2.28905062e-05,2.3185849e-05,fit
T7,30,out,6,2.25,2.32502229e-05,2.29650955e-05,fit
T7,30,out,6,2.3,2.36028281e-05,2.30004538e-05,fit
T7,30,out,6,2.35,2.39483869e-05,2.45456926e-05,fit
T7,30,out,6,2.4,2.42869693e-05,2.50176891e-05,fit
T7,30,out,6,2.45,2.46186493e-05,2.53898141e-05,fit
T7,30,out,6,2.5,2.49435051e-05,2.43200185e-05,fit
T7,30,out,6,2.55,2.52616187e-05,2.4335421e-05,fit
T7,30,out,6,2.6,2.55730755e-05,2.65747297e-05,fit
T7,30,out,6,2.65,2.58779645e-05,2.62846855e-05,fit
T7,30,out,6,2.7,2.61763778e-05,2.61535963e-05,fit
T7,30,out,6,2.75,2.64684101e-05,2.60825464e-05,fit
T7,30,out,6,2.8,2.67541591e-05,2.52690707e-05,fit
T7,30,out,6,2.85,2.70337246e-05,2.79411904e-05,fit
T7,30,out,6,2.9,2.73072086e-05,2.73204602e-05,fit
T7,30,out,6,2.95,2.75747153e-05,2.83131358e-05,fit
T7,30,out,6,3,2.78363502e-05,2.90146493e-05,fit
T7,30,out,6,3.05,2.80922205e-05,2.74263866e-05,fit
T7,30,out,6,3.1,2.83424346e-05,2.70401709e-05,fit
T7,30,out,6,3.15,2.85871019e-05,2.86202546e-05,fit
T7,30,out,6,3.2,2.88263325e-05,2.89604582e-05,fit
T7,30,out,6,3.25,2.90602375e-05,2.79892707e-05,fit
T7,30,out,6,3.3,2.9288928e-05,2.82014057e-05,fit
T7,30,out,6,3.35,2.95125155e-05,2.77210344e-05,fit
T7,30,out,6,3.4,2.97311117e-05,3.02382243e-05,fit
T7,30,out,6,3.45,2.9944828e-05,3.06903375e-05,fit
T7,30,out,6,3.5,3.01537756e-05,2.99549911e-05,fit
T7,30,out,6,3.55,3.03580653e-05,3.06894644e-05,fit
T7,30,out,6,3.6,3.05578073e-05,2.97444295e-05,fit
T7,30,out,6,3.65,3.0753111e-05,2.9769536e-05,fit
T7,30,out,6,3.7,3.09440852e-05,3.07714221e-05,fit
T7,30,out,6,3.75,3.11308374e-05,3.03027777e-05,fit
T7,30,out,6,3.8,3.13134745e-05,3.13535361e-05,fit
T7,30,out,6,3.85,3.14921018e-05,3.21284839e-05,fit
T7,30,out,6,3.9,3.16668236e-05,3.10763546e-05,fit
T7,30,out,6,3.95,3.18377427e-05,3.21476869e-05,fit
T7,30,out,6,4,3.20049605e-05,3.26865237e-05,fit
T7,30,out,6,4.05,3.2168577e-05,3.15028515e-05,fit
T7,30,out,6,4.1,3.23286906e-05,3.20705162e-05,fit
T7,30,out,6,4.15,3.24853981e-05,3.24048627e-05,fit
T7,30,out,6,4.2,3.26387945e-05,3.26399315e-05,fit
T7,30,out,6,4.25,3.27889731e-05,3.27066282e-05,fit
T7,30,out,6,4.3,3.29360257e-05,3.29807615e-05,fit
T7,30,out,6,4.35,3.30800421e-05,3.24775667e-05,fit
T7,30,out,6,4.4,3.32211102e-05,3.3508269e-05,fit
T7,30,out,6,4.45,3.33593164e-05,3.28520155e-05,fit
T7,30,out,6,4.5,3.3494745e-05,3.4465165e-05,fit
T7,30,out,6,4.55,3.36274784e-05,3.25613339e-05,fit
T7,30,out,6,4.6,3.37575974e-05,3.24267194e-05,fit
T7,30,out,6,4.65,3.38851807e-05,3.35887377e-05,fit
T7,30,out,6,4.7,3.40103053e-05,3.31903094e-05,fit
T7,30,out,6,4.75,3.41330462e-05,3.41948638e-05,fit
T7,30,out,6,4.8,3.42534766e-05,3.35516788e-05,fit
T7,30,out,6,4.85,3.43716679e-05,3.67862608e-05,fit
T7,30,out,6,4.9,3.44876897e-05,3.33831723e-05,fit
T7,30,out,6,4.95,3.46016097e-05,3.414739e-05,fit
T7,30,out,6,5,3.47134938e-05,3.46685079e-05,fit
T7,30,out,6,5.05,3.48234063e-05,3.28006438e-05,fit
T7,30,out,6,5.1,3.49314095e-05,3.58833786e-05,fit
T7,30,out,6,5.15,3.50375643e-05,3.70536738e-05,fit
T7,30,out,6,5.2,3.51419297e-05,3.37920639e-05,fit
T7,30,out,6,5.25,3.5244563e-05,3.40320158e-05,fit
T7,30,out,6,5.3,3.53455199e-05,3.56353407e-05,fit
T7,30,out,6,5.35,3.54448546e-05,3.57279156e-05,fit
T7,30,out,6,5.4,3.55426196e-05,3.56954769e-05,fit
T7,30,out,6,5.45,3.56388659e-05,3.47825483e-05,fit
T7,30,out,6,5.5,3.5733643e-05,3.47509032e-05,fit
T7,30,out,6,5.55,3.58269989e-05,3.52874892e-05,fit
T7,30,out,6,5.6,3.59189802e-05,3.5476748e-05,fit
T7,30,out,6,5.65,3.60096319e-05,3.61661385e-05,fit
T7,30,out,6,5.7,3.6098998e-05,3.58504767e-05,fit
T7,30,out,6,5.75,3.61871207e-05,3.73541158e-05,fit
T7,30,out,6,5.8,3.62740412e-05,3.64653731e-05,fit
T7,30,out,6,5.85,3.63597992e-05,3.61150232e-05,fit
T7,30,out,6,5.9,3.64444334e-05,3.70573295e-05,fit
T7,30,out,6,5.95,3.65279811e-05,3.70987303e-05,fit
T7,30,out,6,6,3.66104784e-05,3.67110373e-05,fit
T8,30,out,2,-0,0,3.52196869e-15,fit
T8,30,out,2,0.05,8.89981371e-08,8.89825622e-08,fit
T8,30,out,2,0.1,1.72168204e-07,1.72051014e-07,fit
T8,30,out,2,0.15,2.49073674e-07,2.53886162e-07,fit
T8,30,out,2,0.2,3.19321542e-07,3.22661507e-07,fit
T8,30,out,2,0.25,3.82655901e-07,3.92059336e-07,fit
T8,30,out,2,0.3,4.39009404e-07,4.42218422e-07,fit
T8,30,out,2,0.35,4.88519689e-07,5.00383667e-07,fit
T8,30,out,2,0.4,5.31515414e-07,5.34811086e-07,fit
T8,30,out,2,0.45,5.68479638e-07,5.67913049e-07,fit
T8,30,out,2,0.5,6.00000722e-07,5.9126461e-07,fit
T8,30,out,2,0.55,6.26720887e-07,6.34803409e-07,fit
T8,30,out,2,0.6,6.49290391e-07,6.47996929e-07,fit
T8,30,out,2,0.65,6.68331972e-07,6.63838649e-07,fit
T8,30,out,2,0.7,6.84417009e-07,6.88566765e-07,fit
T8,30,out,2,0.75,6.98052474e-07,7.09467208e-07,fit
T8,30,out,2,0.8,7.09676498e-07,6.93765029e-07,fit
T8,30,out,2,0.85,7.1965999e-07,6.78605925e-07,fit
T8,30,out,2,0.9,7.28311961e-07,7.01993151e-07,fit
T8,30,out,2,0.95,7.35886733e-07,7.34745052e-07,fit
T8,30,out,2,1,7.42591718e-07,7.3636011e-07,fit
T8,30,out,2,1.05,7.48594962e-07,7.44127619e-07,fit
T8,30,out,2,1.1,7.54032011e-07,7.34667332e-07,fit
T8,30,out,2,1.15,7.5901189e-07,7.15183841e-07,fit
T8,30,out,2,1.2,7.63622171e-07,7.96159226e-07,fit
T8,30,out,2,1.25,7.67933172e-07,7.45741339e-07,fit
T8,30,out,2,1.3,7.72001388e-07,7.55306781e-07,fit
T8,30,out,2,1.35,7.75872273e-07,8.03941282e-07,fit
T8,30,out,2,1.4,7.79582461e-07,7.81507224e-07,fit
T8,30,out,2,1.45,7.83161549e-07,8.02385268e-07,fit
T8,30,out,2,1.5,7.86633511e-07,7.78532363e-07,fit
T8,30,out,2,1.55,7.90017822e-07,7.95085432e-07,fit
T8,30,out,2,1.6,7.93330352e-07,8.03942871e-07,fit
T8,30,out,2,1.65,7.96584078e-07,7.66136799e-07,fit
T8,30,out,2,1.7,7.99789641e-07,8.27318959e-07,fit
T8,30,out,2,1.75,8.029558e-07,7.8621562e-07,fit
T8,30,out,2,1.8,8.06089791e-07,7.87176404e-07,fit
T8,30,out,2,1.85,8.09197606e-07,8.38365924e-07,fit
T8,30,out,2,1.9,8.12284232e-07,8.35467959e-07,fit
T8,30,out,2,1.95,8.15353828e-07,8.16079478e-07,fit
T8,30,out,2,2,8.18409875e-07,8.60722211e-07,fit
T8,30,out,2,2.05,8.21455298e-07,7.86775149e-07,fit
T8,30,out,2,2.1,8.24492562e-07,7.89987644e-07,fit
T8,30,out,2,2.15,8.27523749e-07,8.76527685e-07,fit
T8,30,out,2,2.2,8.30550627e-07,8.14325776e-07,fit
T8,30,out,2,2.25,8.335747e-07,8.2910501e-07,fit
T8,30,out,2,2.3,8.36597249e-07,8.58628006e-07,fit
T8,30,out,2,2.35,8.39619373e-07,8.57842767e-07,fit
T8,30,out,2,2.4,8.42642015e-07,8.61441597e-07,fit
T8,30,out,2,2.45,8.45665984e-07,8.7603771e-07,fit
T8,30,out,2,2.5,8.48691983e-07,8.36559429e-07,fit
T8,30,out,2,2.55,8.51720617e-07,8.378466e-07,fit
T8,30,out,2,2.6,8.54752413e-07,8.68188759e-07,fit
T8,30,out,2,2.65,8.57787828e-07,8.84842709e-07,fit
T8,30,out,2,2.7,8.60827264e-07,8.62114142e-07,fit
T8,30,out,2,2.75,8.6387107e-07,8.19800013e-07,fit
T8,30,out,2,2.8,8.66919553e-07,8.50792761e-07,fit
T8,30,out,2,2.85,8.69972984e-07,8.46163608e-07,fit
T8,30,out,2,2.9,8.730316e-07,9.08917032e-07,fit
T8,30,out,2,2.95,8.76095613e-07,8.78520448e-07,fit
T8,30,out,2,3,8.7916521e-07,8.76649593e-07,fit
T8,30,out,2,3.05,8.82240556e-07,8.71617233e-07,fit
T8,30,out,2,3.1,8.853218e-07,8.80331201e-07,fit
T8,30,out,2,3.15,8.88409073e-07,8.44870788e-07,fit
T8,30,out,2,3.2,8.91502494e-07,8.8750827e-07,fit
T8,30,out,2,3.25,8.9460217e-07,8.96856205e-07,fit
T8,30,out,2,3.3,8.97708195e-07,9.16416976e-07,fit
T8,30,out,2,3.35,9.00820657e-07,8.93380293e-07,fit
T8,30,out,2,3.4,9.03939633e-07,8.71361511e-07,fit
T8,30,out,2,3.45,9.07065194e-07,9.20865778e-07,fit
T8,30,out,2,3.5,9.10197405e-07,8.84671725e-07,fit
T8,30,out,2,3.55,9.13336324e-07,9.27277303e-07,fit
T8,30,out,2,3.6,9.16482005e-07,9.38242574e-07,fit
T8,30,out,2,3.65,9.19634498e-07,9.4675251e-07,fit
T8,30,out,2,3.7,9.22793847e-07,9.18055672e-07,fit
T8,30,out,2,3.75,9.25960095e-07,9.62159837e-07,fit
T8,30,out,2,3.8,9.2913328e-07,9.95191776e-07,fit
T8,30,out,2,3.85,9.32313437e-07,9.09857028e-07,fit
T8,30,out,2,3.9,9.355006e-07,9.42306942e-07,fit
T8,30,out,2,3.95,9.38694799e-07,9.39763693e-07,fit
T8,30,out,2,4,9.41896065e-07,9.68069307e-07,fit
T8,30,out,2,4.05,9.45104423e-07,9.60216625e-07,fit
T8,30,out,2,4.1,9.48319899e-07,9.4890588e-07,fit
T8,30,out,2,4.15,9.51542516e-07,1.01263889e-06,fit
T8,30,out,2,4.2,9.54772299e-07,9.70995002e-07,fit
T8,30,out,2,4.25,9.58009267e-07,9.79601026e-07,fit
T8,30,out,2,4.3,9.61253442e-07,9.46554222e-07,fit
T8,30,out,2,4.35,9.64504841e-07,9.51245079e-07,fit
T8,30,out,2,4.4,9.67763485e-07,9.43995601e-07,fit
T8,30,out,2,4.45,9.7102939e-07,9.21116148e-07,fit
T8,30,out,2,4.5,9.74302574e-07,1.02849095e-06,fit
T8,30,out,2,4.55,9.77583051e-07,1.01279725e-06,fit
T8,30,out,2,4.6,9.80870839e-07,1.02249299e-06,fit
T8,30,out,2,4.65,9.84165952e-07,1.04564586e-06,fit
T8,30,out,2,4.7,9.87468403e-07,1.00977075e-06,fit
T8,30,out,2,4.75,9.90778209e-07,1.01569932e-06,fit
T8,30,out,2,4.8,9.94095381e-07,9.90445623e-07,fit
T8,30,out,2,4.85,9.97419933e-07,1.02827791e-06,fit
T8,30,out,2,4.9,1.00075188e-06,9.8233e-07,fit
T8,30,out,2,4.95,1.00409123e-06,9.68693301e-07,fit
T8,30,out,2,5,1.007438e-06,9.65887433e-07,fit
T8,30,out,2,5.05,1.0107922e-06,9.91375107e-07,fit
T8,30,out,2,5.1,1.01415384e-06,1.03208869e-06,fit
T8,30,out,2,5.15,1.01752293e-06,1.03331898e-06,fit
T8,30,out,2,5.2,1.02089949e-06,1.03906712e-06,fit
T8,30,out,2,5.25,1.02428352e-06,1.06006338e-06,fit
T8,30,out,2,5.3,1.02767503e-06,1.0357553e-06,fit
T8,30,out,2,5.35,1.03107405e-06,1.01962531e-06,fit
T8,30,out,2,5.4,1.03448057e-06,1.03920274e-06,fit
T8,30,out,2,5.45,1.03789461e-06,1.09129559e-06,fit
T8,30,out,2,5.5,1.04131618e-06,1.02363167e-06,fit
T8,30,out,2,5.55,1.04474528e-06,1.04068966e-06,fit
T8,30,out,2,5.6,1.04818193e-06,1.10250805e-06,fit
T8,30,out,2,5.65,1.05162614e-06,1.0699501e-06,fit
T8,30,out,2,5.7,1.05507792e-06,1.03098395e-06,fit
T8,30,out,2,5.75,1.05853728e-06,1.05468335e-06,fit
T8,30,out,2,5.8,1.06200422e-06,1.08333226e-06,fit
T8,30,out,2,5.85,1.06547876e-06,1.10088673e-06,fit
T8,30,out,2,5.9,1.0689609e-06,1.08994951e-06,fit
T8,30,out,2,5.95,1.07245066e-06,1.07082529e-06,fit
T8,30,out,2,6,1.07594805e-06,1.09323609e-06,fit
T8,30,out,3,-0,0,1.01854456e-14,fit
T8,30,out,3,0.05,2.24788307e-07,2.30721818e-07,fit
T8,30,out,3,0.1,4.43756021e-07,4.32929864e-07,fit
T8,30,out,3,0.15,6.5671738e-07,6.38953434e-07,fit
T8,30,out,3,0.2,8.63457426e-07,8.48743683e-07,fit
T8,30,out,3,0.25,1.0637517e-06,1.0917697e-06,fit
T8,30,out,3,0.3,1.25737963e-06,1.27702658e-06,fit
T8,30,out,3,0.35,1.44413503e-06,1.44174537e-06,fit
T8,30,out,3,0.4,1.6238345e-06,1.6635093e-06,fit
T8,30,out,3,0.45,1.79632437e-06,1.77244897e-06,fit
T8,30,out,3,0.5,1.96148609e-06,1.93920387e-06,fit
T8,30,out,3,0.55,2.11924022e-06,2.12794643e-06,fit
T8,30,out,3,0.6,2.26954913e-06,2.31375926e-06,fit
T8,30,out,3,0.65,2.41241821e-06,2.22778892e-06,fit
T8,30,out,3,0.7,2.547896e-06,2.65426689e-06,fit
T8,30,out,3,0.75,2.67607299e-06,2.74546748e-06,fit
T8,30,out,3,0.8,2.79707945e-06,2.74617374e-06,fit
T8,30,out,3,0.85,2.91108244e-06,2.93007093e-06,fit
T8,30,out,3,0.9,3.01828199e-06,3.06131542e-06,fit
T8,30,out,3,0.95,3.11890688e-06,3.05114216e-06,fit
T8,30,out,3,1,3.21321001e-06,3.21791846e-06,fit
T8,30,out,3,1.05,3.30146368e-06,3.37351916e-06,fit
T8,30,out,3,1.1,3.38395485e-06,3.36329176e-06,fit
T8,30,out,3,1.15,3.46098057e-06,3.40586491e-06,fit
T8,30,out,3,1.2,3.53284367e-06,3.50559981e-06,fit
T8,30,out,3,1.25,3.59984884e-06,3.65205965e-06,fit
T8,30,out,3,1.3,3.66229908e-06,3.59748085e-06,fit
T8,30,out,3,1.35,3.72049268e-06,3.67473586e-06,fit
T8,30,out,3,1.4,3.77472059e-06,3.63778682e-06,fit
T8,30,out,3,1.45,3.82526434e-06,3.67234174e-06,fit
T8,30,out,3,1.5,3.87239435e-06,3.91980832e-06,fit
T8,30,out,3,1.55,3.91636868e-06,3.89190474e-06,fit
T8,30,out,3,1.6,3.95743213e-06,3.85411578e-06,fit
T8,30,out,3,1.65,3.99581572e-06,4.17450666e-06,fit
T8,30,out,3,1.7,4.03173645e-06,3.89559388e-06,fit
T8,30,out,3,1.75,4.06539723e-06,4.15106114e-06,fit
T8,30,out,3,1.8,4.09698711e-06,4.21800722e-06,fit
T8,30,out,3,1.85,4.12668162e-06,4.44507827e-06,fit
T8,30,out,3,1.9,4.15464324e-06,4.13221469e-06,fit
T8,30,out,3,1.95,4.18102194e-06,4.20276666e-06,fit
T8,30,out,3,2,4.20595582e-06,4.08977845e-06,fit
T8,30,out,3,2.05,4.22957182e-06,4.22040564e-06,fit
T8,30,out,3,2.1,4.25198634e-06,4.39947295e-06,fit
T8,30,out,3,2.15,4.27330596e-06,4.46329698e-06,fit
T8,30,out,3,2.2,4.29362816e-06,4.34612793e-06,fit
T8,30,out,3,2.25,4.31304195e-06,4.33465263e-06,fit
T8,30,out,3,2.3,4.33162855e-06,4.50214182e-06,fit
T8,30,out,3,2.35,4.34946197e-06,4.25555635e-06,fit
T8,30,out,3,2.4,4.36660966e-06,4.5821101e-06,fit
T8,30,out,3,2.45,4.38313298e-06,4.38033201e-06,fit
T8,30,out,3,2.5,4.3990878e-06,4.24741608e-06,fit
T8,30,out,3,2.55,4.4145249e-06,4.52027632e-06,fit
T8,30,out,3,2.6,4.4294905e-06,4.54894513e-06,fit
T8,30,out,3,2.65,4.44402658e-06,4.31247854e-06,fit
T8,30,out,3,2.7,4.45817135e-06,4.74170852e-06,fit
T8,30,out,3,2.75,4.47195952e-06,4.59675312e-06,fit
T8,30,out,3,2.8,4.48542267e-06,4.27635747e-06,fit
T8,30,out,3,2.85,4.4985895e-06,4.52803719e-06,fit
T8,30,out,3,2.9,4.51148614e-06,4.42159822e-06,fit
T8,30,out,3,2.95,4.52413634e-06,4.32723277e-06,fit
T8,30,out,3,3,4.53656173e-06,4.56392635e-06,fit
T8,30,out,3,3.05,4.54878201e-06,4.63079179e-06,fit
T8,30,out,3,3.1,4.5608151e-06,4.50271677e-06,fit
T8,30,out,3,3.15,4.57267736e-06,4.58201088e-06,fit
T8,30,out,3,3.2,4.58438368e-06,4.60099466e-06,fit
T8,30,out,3,3.25,4.59594765e-06,4.56179152e-06,fit
T8,30,out,3,3.3,4.60738167e-06,4.50473109e-06,fit
T8,30,out,3,3.35,4.61869707e-06,4.59155165e-06,fit
T8,30,out,3,3.4,4.62990418e-06,4.77482883e-06,fit
T8,30,out,3,3.45,4.64101246e-06,4.78579902e-06,fit
T8,30,out,3,3.5,4.65203057e-06,4.76448669e-06,fit
T8,30,out,3,3.55,4.66296641e-06,4.81750508e-06,fit
T8,30,out,3,3.6,4.67382723e-06,4.65073548e-06,fit
T8,30,out,3,3.65,4.68461967e-06,4.57492134e-06,fit
T8,30,out,3,3.7,4.69534983e-06,4.49984753e-06,fit
T8,30,out,3,3.75,4.70602329e-06,4.85448929e-06,fit
T8,30,out,3,3.8,4.71664517e-06,4.80736557e-06,fit
T8,30,out,3,3.85,4.72722018e-06,4.68194739e-06,fit
T8,30,out,3,3.9,4.73775267e-06,4.74268589e-06,fit
T8,30,out,3,3.95,4.74824661e-06,4.80802028e-06,fit
T8,30,out,3,4,4.75870566e-06,4.72171265e-06,fit
T8,30,out,3,4.05,4.76913321e-06,4.73190326e-06,fit
T8,30,out,3,4.1,4.77953237e-06,4.83262468e-06,fit
T8,30,out,3,4.15,4.78990601e-06,4.61365708e-06,fit
T8,30,out,3,4.2,4.80025677e-06,4.57829177e-06,fit
T8,30,out,3,4.25,4.81058711e-06,4.84313956e-06,fit
T8,30,out,3,4.3,4.82089927e-06,4.75668592e-06,fit
T8,30,out,3,4.35,4.83119537e-06,4.80732215e-06,fit
T8,30,out,3,4.4,4.84147732e-06,5.0009416e-06,fit
T8,30,out,3,4.45,4.85174692e-06,4.88426603e-06,fit
T8,30,out,3,4.5,4.86200582e-06,5.01090271e-06,fit
T8,30,out,3,4.55,4.87225557e-06,4.90096459e-06,fit
T8,30,out,3,4.6,4.88249759e-06,5.15286075e-06,fit
T8,30,out,3,4.65,4.89273321e-06,4.78558627e-06,fit
T8,30,out,3,4.7,4.90296365e-06,4.9656563e-06,fit
T8,30,out,3,4.75,4.91319006e-06,4.89462706e-06,fit
T8,30,out,3,4.8,4.92341351e-06,4.84929773e-06,fit
T8,30,out,3,4.85,4.93363497e-06,5.01336715e-06,fit
T8,30,out,3,4.9,4.94385537e-06,4.96928124e-06,fit
T8,30,out,3,4.95,4.95407558e-06,4.94111842e-06,fit
T8,30,out,3,5,4.96429638e-06,4.91067658e-06,fit
T8,30,out,3,5.05,4.97451853e-06,4.65279884e-06,fit
T8,30,out,3,5.1,4.98474272e-06,4.91872745e-06,fit
T8,30,out,3,5.15,4.9949696e-06,4.62053376e-06,fit
T8,30,out,3,5.2,5.00519979e-06,5.32815597e-06,fit
T8,30,out,3,5.25,5.01543384e-06,5.46040276e-06,fit
T8,30,out,3,5.3,5.02567229e-06,5.04046559e-06,fit
T8,30,out,3,5.35,5.03591564e-06,5.35981917e-06,fit
T8,30,out,3,5.4,5.04616436e-06,4.80411654e-06,fit
T8,30,out,3,5.45,5.05641888e-06,5.00759198e-06,fit
T8,30,out,3,5.5,5.06667961e-06,5.07468364e-06,fit
T8,30,out,3,5.55,5.07694694e-06,4.97616264e-06,fit
T8,30,out,3,5.6,5.08722122e-06,4.91545704e-06,fit
T8,30,out,3,5.65,5.0975028e-06,5.05617251e-06,fit
T8,30,out,3,5.7,5.10779199e-06,5.15399494e-06,fit
T8,30,out,3,5.75,5.1180891e-06,5.33907762e-06,fit
T8,30,out,3,5.8,5.12839441e-06,5.19063004e-06,fit
T8,30,out,3,5.85,5.13870818e-06,5.29054963e-06,fit
T8,30,out,3,5.9,5.14903066e-06,4.93498439e-06,fit
T8,30,out,3,5.95,5.15936209e-06,4.91496858e-06,fit
T8,30,out,3,6,5.1697027e-06,5.15373045e-06,fit
T8,30,out,4,-0,0,4.72555432e-15,fit
T8,30,out,4,0.05,3.61358279e-07,3.5372257e-07,fit
T8,30,out,4,0.1,7.17069651e-07,7.06952805e-07,fit
T8,30,out,4,0.15,1.06702279e-06,1.07819966e-06,fit
T8,30,out,4,0.2,1.41108519e-06,1.4726316e-06,fit
T8,30,out,4,0.25,1.74911181e-06,1.83542237e-06,fit
T8,30,out,4,0.3,2.08095059e-06,2.0121871e-06,fit
T8,30,out,4,0.35,2.40644679e-06,2.33648822e-06,fit
T8,30,out,4,0.4,2.72544638e-06,2.68796002e-06,fit
T8,30,out,4,0.45,3.03779909e-06,3.07235262e-06,fit
T8,30,out,4,0.5,3.34336099e-06,3.26812295e-06,fit
T8,30,out,4,0.55,3.64199684e-06,3.62031435e-06,fit
T8,30,out,4,0.6,3.93358207e-06,3.86007346e-06,fit
T8,30,out,4,0.65,4.21800458e-06,4.22056314e-06,fit
T8,30,out,4,0.7,4.49516627e-06,4.42699712e-06,fit
T8,30,out,4,0.75,4.76498433e-06,4.7908696e-06,fit
T8,30,out,4,0.8,5.02739229e-06,5.03497353e-06,fit
T8,30,out,4,0.85,5.28234084e-06,5.04437892e-06,fit
T8,30,out,4,0.9,5.52979843e-06,5.57001082e-06,fit
T8,30,out,4,0.95,5.76975162e-06,5.67560584e-06,fit
T8,30,out,4,1,6.0022052e-06,5.94019298e-06,fit
T8,30,out,4,1.05,6.22718218e-06,6.41343795e-06,fit
T8,30,out,4,1.1,6.44472344e-06,6.5496337e-06,fit
T8,30,out,4,1.15,6.65488737e-06,6.61226269e-06,fit
T8,30,out,4,1.2,6.85774916e-06,6.84780634e-06,fit
T8,30,out,4,1.25,7.05340007e-06,7.10825078e-06,fit
T8,30,out,4,1.3,7.24194655e-06,6.82699535e-06,fit
T8,30,out,4,1.35,7.42350914e-06,7.23662312e-06,fit
T8,30,out,4,1.4,7.59822145e-06,7.63125786e-06,fit
T8,30,out,4,1.45,7.76622892e-06,7.79580831e-06,fit
T8,30,out,4,1.5,7.92768759e-06,7.61812592e-06,fit
T8,30,out,4,1.55,8.08276288e-06,8.02496088e-06,fit
T8,30,out,4,1.6,8.23162827e-06,8.49815144e-06,fit
T8,30,out,4,1.65,8.37446406e-06,8.71499731e-06,fit
T8,30,out,4,1.7,8.51145609e-06,8.62345274e-06,fit
T8,30,out,4,1.75,8.64279455e-06,8.51668164e-06,fit
T8,30,out,4,1.8,8.76867283e-06,8.60381016e-06,fit
T8,30,out,4,1.85,8.88928636e-06,8.89180361e-06,fit
T8,30,out,4,1.9,9.00483159e-06,8.78843947e-06,fit
T8,30,out,4,1.95,9.11550505e-06,9.0697717e-06,fit
T8,30,out,4,2,9.22150238e-06,8.73782555e-06,fit
T8,30,out,4,2.05,9.3230176e-06,9.79467527e-06,fit
T8,30,out,4,2.1,9.42024229e-06,9.51811114e-06,fit
T8,30,out,4,2.15,9.51336499e-06,9.73391136e-06,fit
T8,30,out,4,2.2,9.60257061e-06,9.19806153e-06,fit
T8,30,out,4,2.25,9.68803991e-06,9.59619577e-06,fit
T8,30,out,4,2.3,9.76994911e-06,9.87017915e-06,fit
T8,30,out,4,2.35,9.84846951e-06,9.97775818e-06,fit
T8,30,out,4,2.4,9.92376721e-06,1.002914e-05,fit
T8,30,out,4,2.45,9.99600289e-06,9.81052827e-06,fit
T8,30,out,4,2.5,1.00653316e-05,1.02311705e-05,fit
T8,30,out,4,2.55,1.01319028e-05,9.94596318e-06,fit
T8,30,out,4,2.6,1.01958601e-05,1.06868412e-05,fit
T8,30,out,4,2.65,1.02573412e-05,1.01638836e-05,fit
T8,30,out,4,2.7,1.03164781e-05,1.05729021e-05,fit
T8,30,out,4,2.75,1.03733972e-05,1.05454945e-05,fit
T8,30,out,4,2.8,1.0428219e-05,1.02113564e-05,fit
T8,30,out,4,2.85,1.04810585e-05,1.06118766e-05,fit
T8,30,out,4,2.9,1.05320254e-05,1.08806179e-05,fit
T8,30,out,4,2.95,1.05812238e-05,1.06827475e-05,fit
T8,30,out,4,3,1.06287529e-05,1.05588742e-05,fit
T8,30,out,4,3.05,1.06747066e-05,1.07967812e-05,fit
T8,30,out,4,3.1,1.07191743e-05,1.0859126e-05,fit
T8,30,out,4,3.15,1.07622405e-05,1.03140358e-05,fit
T8,30,out,4,3.2,1.08039853e-05,1.00919837e-05,fit
T8,30,out,4,3.25,1.08444845e-05,1.06188247e-05,fit
T8,30,out,4,3.3,1.08838097e-05,1.06230332e-05,fit
T8,30,out,4,3.35,1.09220287e-05,1.11334514e-05,fit
T8,30,out,4,3.4,1.09592055e-05,1.11100673e-05,fit
T8,30,out,4,3.45,1.09954005e-05,1.08103373e-05,fit
T8,30,out,4,3.5,1.10306707e-05,1.12279647e-05,fit
T8,30,out,4,3.55,1.10650698e-05,1.11736637e-05,fit
T8,30,out,4,3.6,1.10986485e-05,1.16234814e-05,fit
T8,30,out,4,3.65,1.11314548e-05,1.14825089e-05,fit
T8,30,out,4,3.7,1.11635334e-05,1.07330652e-05,fit
T8,30,out,4,3.75,1.11949271e-05,1.12472741e-05,fit
T8,30,out,4,3.8,1.12256755e-05,1.13909285e-05,fit
T8,30,out,4,3.85,1.12558165e-05,1.13287076e-05,fit
T8,30,out,4,3.9,1.12853855e-05,1.14430276e-05,fit
T8,30,out,4,3.95,1.13144158e-05,1.08188244e-05,fit
T8,30,out,4,4,1.13429388e-05,1.13529499e-05,fit
T8,30,out,4,4.05,1.1370984e-05,1.1283283e-05,fit
T8,30,out,4,4.1,1.13985794e-05,1.12093902e-05,fit
T8,30,out,4,4.15,1.14257511e-05,1.15976396e-05,fit
T8,30,out,4,4.2,1.14525237e-05,1.12017001e-05,fit
T8,30,out,4,4.25,1.14789205e-05,1.12317509e-05,fit
T8,30,out,4,4.3,1.15049633e-05,1.18485063e-05,fit
T8,30,out,4,4.35,1.15306726e-05,1.20064215e-05,fit
T8,30,out,4,4.4,1.15560678e-05,1.18179971e-05,fit
T8,30,out,4,4.45,1.15811672e-05,1.17803525e-05,fit
T8,30,out,4,4.5,1.16059878e-05,1.19684575e-05,fit
T8,30,out,4,4.55,1.16305458e-05,1.19998419e-05,fit
T8,30,out,4,4.6,1.16548565e-05,1.15987447e-05,fit
T8,30,out,4,4.65,1.16789342e-05,1.14889207e-05,fit
T8,30,out,4,4.7,1.17027923e-05,1.13440219e-05,fit
T8,30,out,4,4.75,1.17264435e-05,1.20070217e-05,fit
T8,30,out,4,4.8,1.17499e-05,1.18584941e-05,fit
T8,30,out,4,4.85,1.17731729e-05,1.20992829e-05,fit
T8,30,out,4,4.9,1.17962728e-05,1.21394712e-05,fit
T8,30,out,4,4.95,1.18192099e-05,1.2148444e-05,fit
T8,30,out,4,5,1.18419936e-05,1.20488525e-05,fit
T8,30,out,4,5.05,1.18646329e-05,1.18855895e-05,fit
T8,30,out,4,5.1,1.1887136e-05,1.21450786e-05,fit
T8,30,out,4,5.15,1.19095111e-05,1.21705299e-05,fit
T8,30,out,4,5.2,1.19317655e-05,1.22163799e-05,fit
T8,30,out,4,5.25,1.19539064e-05,1.18864635e-05,fit
T8,30,out,4,5.3,1.19759405e-05,1.21460041e-05,fit
T8,30,out,4,5.35,1.1997874e-05,1.14702706e-05,fit
T8,30,out,4,5.4,1.2019713e-05,1.23998174e-05,fit
T8,30,out,4,5.45,1.2041463e-05,1.25270826e-05,fit
T8,30,out,4,5.5,1.20631294e-05,1.22063193e-05,fit
T8,30,out,4,5.55,1.20847173e-05,1.23011256e-05,fit
T8,30,out,4,5.6,1.21062313e-05,1.17939906e-05,fit
T8,30,out,4,5.65,1.21276761e-05,1.27789924e-05,fit
T8,30,out,4,5.7,1.21490558e-05,1.12181727e-05,fit
T8,30,out,4,5.75,1.21703745e-05,1.23593579e-05,fit
T8,30,out,4,5.8,1.2191636e-05,1.15474621e-05,fit
T8,30,out,4,5.85,1.2212844e-05,1.20282228e-05,fit
T8,30,out,4,5.9,1.22340018e-05,1.2356124e-05,fit
T8,30,out,4,5.95,1.22551127e-05,1.18588411e-05,fit
T8,30,out,4,6,1.22761798e-05,1.22011157e-05,fit
T8,30,out,6,-0,0,4.10421199e-15,fit
T8,30,out,6,0.05,6.22707643e-07,6.20004339e-07,fit
T8,30,out,6,0.1,1.24032066e-06,1.25108845e-06,fit
T8,30,out,6,0.15,1.85277792e-06,1.84443638e-06,fit
T8,30,out,6,0.2,2.46000706e-06,2.46770648e-06,fit
T8,30,out,6,0.25,3.06192779e-06,3.08139574e-06,fit
T8,30,out,6,0.3,3.65845392e-06,3.55626563e-06,fit
T8,30,out,6,0.35,4.24949478e-06,4.06053081e-06,fit
T8,30,out,6,0.4,4.83495643e-06,5.03258998e-06,fit
T8,30,out,6,0.45,5.41474258e-06,5.57122868e-06,fit
T8,30,out,6,0.5,5.98875548e-06,5.91671653e-06,fit
T8,30,out,6,0.55,6.55689661e-06,6.48283698e-06,fit
T8,30,out,6,0.6,7.11906743e-06,7.44969505e-06,fit
T8,30,out,6,0.65,7.67516993e-06,7.75227365e-06,fit
T8,30,out,6,0.7,8.22510723e-06,7.78736466e-06,fit
T8,30,out,6,0.75,8.76878414e-06,8.82557082e-06,fit
T8,30,out,6,0.8,9.3061076e-06,9.63330439e-06,fit
T8,30,out,6,0.85,9.83698718e-06,9.5301026e-06,fit
T8,30,out,6,0.9,1.03613355e-05,1.02925711e-05,fit
T8,30,out,6,0.95,1.08790686e-05,1.06291789e-05,fit
T8,30,out,6,1,1.13901064e-05,1.15978428e-05,fit
T8,30,out,6,1.05,1.1894373e-05,1.2206829e-05,fit
T8,30,out,6,1.1,1.23917968e-05,1.22192136e-05,fit
T8,30,out,6,1.15,1.28823113e-05,1.24911738e-05,fit
T8,30,out,6,1.2,1.33658549e-05,1.4055524e-05,fit
T8,30,out,6,1.25,1.3842371e-05,1.37693011e-05,fit
T8,30,out,6,1.3,1.43118091e-05,1.37812301e-05,fit
T8,30,out,6,1.35,1.47741238e-05,1.52064321e-05,fit
T8,30,out,6,1.4,1.52292758e-05,1.6402986e-05,fit
T8,30,out,6,1.45,1.56772318e-05,1.59561542e-05,fit
T8,30,out,6,1.5,1.61179645e-05,1.63489299e-05,fit
T8,30,out,6,1.55,1.65514528e-05,1.69100042e-05,fit
T8,30,out,6,1.6,1.69776817e-05,1.71861049e-05,fit
T8,30,out,6,1.65,1.73966427e-05,1.72703796e-05,fit
T8,30,out,6,1.7,1.78083333e-05,1.79693992e-05,fit
T8,30,out,6,1.75,1.82127573e-05,1.83316208e-05,fit
T8,30,out,6,1.8,1.86099247e-05,1.88208408e-05,fit
T8,30,out,6,1.85,1.89998517e-05,2.0481806e-05,fit
T8,30,out,6,1.9,1.93825605e-05,1.95808021e-05,fit
T8,30,out,6,1.95,1.97580792e-05,1.93269096e-05,fit
T8,30,out,6,2,2.01264417e-05,1.95457549e-05,fit
T8,30,out,6,2.05,2.04876877e-05,2.10131336e-05,fit
T8,30,out,6,2.1,2.08418624e-05,2.06765114e-05,fit
T8,30,out,6,2.15,2.11890162e-05,2.15350258e-05,fit
T8,30,out,6,2.2,2.15292049e-05,2.152461e-05,fit
T8,30,out,6,2.25,2.18624892e-05,2.1446912e-05,fit
T8,30,out,6,2.3,2.21889343e-05,2.32860855e-05,fit
T8,30,out,6,2.35,2.25086104e-05,2.43642304e-05,fit
T8,30,out,6,2.4,2.28215916e-05,2.33244691e-05,fit
T8,30,out,6,2.45,2.31279564e-05,2.23023522e-05,fit
T8,30,out,6,2.5,2.3427787e-05,2.41065357e-05,fit
T8,30,out,6,2.55,2.37211691e-05,2.29625775e-05,fit
T8,30,out,6,2.6,2.40081919e-05,2.60948823e-05,fit
T8,30,out,6,2.65,2.42889477e-05,2.36140003e-05,fit
T8,30,out,6,2.7,2.45635315e-05,2.59457284e-05,fit
T8,30,out,6,2.75,2.48320412e-05,2.48175101e-05,fit
T8,30,out,6,2.8,2.50945768e-05,2.40601818e-05,fit
T8,30,out,6,2.85,2.53512404e-05,2.57453492e-05,fit
T8,30,out,6,2.9,2.56021361e-05,2.55186466e-05,fit
T8,30,out,6,2.95,2.58473695e-05,2.55622698e-05,fit
T8,30,out,6,3,2.60870478e-05,2.71292732e-05,fit
T8,30,out,6,3.05,2.63212791e-05,2.63248098e-05,fit
T8,30,out,6,3.1,2.65501728e-05,2.6331118e-05,fit
T8,30,out,6,3.15,2.67738386e-05,2.69101617e-05,fit
T8,30,out,6,3.2,2.69923871e-05,2.63536234e-05,fit
T8,30,out,6,3.25,2.7205929e-05,2.71692517e-05,fit
T8,30,out,6,3.3,2.74145752e-05,2.82281047e-05,fit
T8,30,out,6,3.35,2.76184367e-05,2.90403964e-05,fit
T8,30,out,6,3.4,2.78176242e-05,2.83309144e-05,fit
T8,30,out,6,3.45,2.80122479e-05,2.66618435e-05,fit
T8,30,out,6,3.5,2.82024176e-05,2.79250048e-05,fit
T8,30,out,6,3.55,2.83882425e-05,2.80550655e-05,fit
T8,30,out,6,3.6,2.85698308e-05,2.81695081e-05,fit
T8,30,out,6,3.65,2.87472899e-05,2.8848465e-05,fit
T8,30,out,6,3.7,2.8920726e-05,2.97215546e-05,fit
T8,30,out,6,3.75,2.90902444e-05,2.92514089e-05,fit
T8,30,out,6,3.8,2.92559489e-05,2.83683129e-05,fit
T8,30,out,6,3.85,2.94179421e-05,2.94788244e-05,fit
T8,30,out,6,3.9,2.9576325e-05,2.96088368e-05,fit
T8,30,out,6,3.95,2.97311971e-05,2.97855089e-05,fit
T8,30,out,6,4,2.98826566e-05,2.97016535e-05,fit
T8,30,out,6,4.05,3.00307997e-05,2.93627856e-05,fit
T8,30,out,6,4.1,3.0175721e-05,2.92091632e-05,fit
T8,30,out,6,4.15,3.03175136e-05,3.18831814e-05,fit
T8,30,out,6,4.2,3.04562686e-05,3.22316374e-05,fit
T8,30,out,6,4.25,3.05920751e-05,3.11877593e-05,fit
T8,30,out,6,4.3,3.07250209e-05,3.06632983e-05,fit
T8,30,out,6,4.35,3.08551914e-05,3.21323666e-05,fit
T8,30,out,6,4.4,3.09826704e-05,3.13517397e-05,fit
T8,30,out,6,4.45,3.11075398e-05,3.2002336e-05,fit
T8,30,out,6,4.5,3.12298795e-05,3.08767385e-05,fit
T8,30,out,6,4.55,3.13497677e-05,3.11732182e-05,fit
T8,30,out,6,4.6,3.14672804e-05,3.13474705e-05,fit
T8,30,out,6,4.65,3.15824919e-05,3.16992205e-05,fit
T8,30,out,6,4.7,3.16954747e-05,3.10990168e-05,fit
T8,30,out,6,4.75,3.18062993e-05,3.11254766e-05,fit
T8,30,out,6,4.8,3.19150344e-05,3.22115669e-05,fit
T8,30,out,6,4.85,3.20217468e-05,3.12306938e-05,fit
T8,30,out,6,4.9,3.21265015e-05,3.18467707e-05,fit
T8,30,out,6,4.95,3.22293618e-05,3.1975265e-05,fit
T8,30,out,6,5,3.23303892e-05,3.25638797e-05,fit
T8,30,out,6,5.05,3.24296434e-05,3.07999076e-05,fit
T8,30,out,6,5.1,3.25271824e-05,3.21117013e-05,fit
T8,30,out,6,5.15,3.26230626e-05,3.31913149e-05,fit
T8,30,out,6,5.2,3.27173386e-05,3.30658182e-05,fit
T8,30,out,6,5.25,3.28100636e-05,3.4604281e-05,fit
T8,30,out,6,5.3,3.29012889e-05,3.19827507e-05,fit
T8,30,out,6,5.35,3.29910646e-05,3.4253211e-05,fit
T8,30,out,6,5.4,3.3079439e-05,3.39694337e-05,fit
T8,30,out,6,5.45,3.3166459e-05,3.25002339e-05,fit
T8,30,out,6,5.5,3.325217e-05,3.32570387e-05,fit
T8,30,out,6,5.55,3.33366162e-05,3.37624289e-05,fit
T8,30,out,6,5.6,3.341984e-05,3.25777473e-05,fit
T8,30,out,6,5.65,3.3501883e-05,3.29255191e-05,fit
T8,30,out,6,5.7,3.3582785e-05,3.31589084e-05,fit
T8,30,out,6,5.75,3.36625846e-05,3.33270892e-05,fit
T8,30,out,6,5.8,3.37413195e-05,3.29673322e-05,fit
T8,30,out,6,5.85,3.38190258e-05,3.34860182e-05,fit
T8,30,out,6,5.9,3.38957385e-05,3.5457565e-05,fit
T8,30,out,6,5.95,3.39714916e-05,3.39928069e-05,fit
T8,30,out,6,6,3.40463179e-05,3.48407485e-05,fit
T7,100,tr,-2,0.1,2.02e-14,1.46689138e-14,fit
T7,100,tr,-1.95,0.1,2.02e-14,2.39743804e-14,fit
T7,100,tr,-1.9,0.1,2.02e-14,2.0549307e-14,fit
T7,100,tr,-1.85,0.1,2.02e-14,2.1606369e-14,fit
T7,100,tr,-1.8,0.1,2.02e-14,2.2110458e-14,fit
T7,100,tr,-1.75,0.1,2.02e-14,2.31055436e-14,fit
T7,100,tr,-1.7,0.1,2.02e-14,1.97069713e-14,fit
T7,100,tr,-1.65,0.1,2.02e-14,2.07064335e-14,fit
T7,100,tr,-1.6,0.1,2.02e-14,2.58239614e-14,fit
T7,100,tr,-1.55,0.1,2.02e-14,2.05232912e-14,fit
T7,100,tr,-1.5,0.1,2.02e-14,1.73025587e-14,fit
T7,100,tr,-1.45,0.1,2.02e-14,7.62487099e-15,fit
T7,100,tr,-1.4,0.1,2.02e-14,2.63084067e-14,fit
T7,100,tr,-1.35,0.1,2.02e-14,1.98648837e-14,fit
T7,100,tr,-1.3,0.1,2.02e-14,2.13227079e-14,fit
T7,100,tr,-1.25,0.1,2.02e-14,2.33208339e-14,fit
T7,100,tr,-1.2,0.1,2.02e-14,2.77410348e-14,fit
T7,100,tr,-1.15,0.1,2.02e-14,1.54546574e-14,fit
T7,100,tr,-1.1,0.1,2.02e-14,2.87304098e-14,fit
T7,100,tr,-1.05,0.1,2.02e-14,2.35043532e-14,fit
T7,100,tr,-1,0.1,2.02e-14,1.32094818e-14,fit
T7,100,tr,-0.95,0.1,2.02e-14,1.94997434e-14,fit
T7,100,tr,-0.9,0.1,2.02e-14,2.20517358e-14,fit
T7,100,tr,-0.85,0.1,2.02e-14,1.73483176e-14,fit
T7,100,tr,-0.8,0.1,2.02e-14,2.11626997e-14,fit
T7,100,tr,-0.75,0.1,2.02e-14,3.09285753e-14,fit
T7,100,tr,-0.7,0.1,2.02000001e-14,1.8131428e-14,fit
T7,100,tr,-0.65,0.1,2.02000003e-14,1.57581397e-14,fit
T7,100,tr,-0.6,0.1,2.02000007e-14,2.0786895e-14,fit
T7,100,tr,-0.55,0.1,2.02000017e-14,1.1958376e-14,fit
T7,100,tr,-0.5,0.1,2.0200004e-14,1.95094926e-14,fit
T7,100,tr,-0.45,0.1,2.02000098e-14,2.88012395e-14,fit
T7,100,tr,-0.4,0.1,2.02000236e-14,2.70363999e-14,fit
T7,100,tr,-0.35,0.1,2.02000573e-14,2.75841503e-14,fit
T7,100,tr,-0.3,0.1,2.02001389e-14,2.03866017e-14,fit
T7,100,tr,-0.25,0.1,2.02003366e-14,2.41869614e-14,fit
T7,100,tr,-0.2,0.1,2.02008159e-14,1.32701537e-14,fit
T7,100,tr,-0.15,0.1,2.02019777e-14,7.78952082e-15,fit
T7,100,tr,-0.1,0.1,2.02047935e-14,2.12087781e-14,fit
T7,100,tr,-0.05,0.1,2.02116184e-14,1.97256172e-14,fit
T7,100,tr,1.20736754e-15,0.1,2.02281602e-14,1.97755438e-14,fit
T7,100,tr,0.05,0.1,2.0287743e-14,2.34245941e-14,fit
T7,100,tr,0.1,0.1,2.04126555e-14,2.13626094e-14,fit
T7,100,tr,0.15,0.1,2.0715374e-14,2.55088772e-14,fit
T7,100,tr,0.2,0.1,2.14489369e-14,1.97125992e-14,fit
T7,100,tr,0.25,0.1,2.32263308e-14,1.73973482e-14,fit
T7,100,tr,0.3,0.1,2.75321069e-14,2.53797265e-14,fit
T7,100,tr,0.35,0.1,3.79600985e-14,3.33011689e-14,fit
T7,100,tr,0.4,0.1,6.32048547e-14,6.47125483e-14,fit
T7,100,tr,0.45,0.1,1.24281099e-13,1.25793371e-13,fit
T7,100,tr,0.5,0.1,2.71908786e-13,2.74382599e-13,fit
T7,100,tr,0.55,0.1,6.28239397e-13,6.24138442e-13,fit
T7,100,tr,0.6,0.1,1.48650616e-12,1.45866119e-12,fit
T7,100,tr,0.65,0.1,3.54722893e-12,3.57765256e-12,fit
T7,100,tr,0.7,0.1,8.47182652e-12,8.0091386e-12,fit
T7,100,tr,0.75,0.1,2.01584328e-11,2.04277125e-11,fit
T7,100,tr,0.8,0.1,4.76087756e-11,5.00196693e-11,fit
T7,100,tr,0.85,0.1,1.11132589e-10,1.09101409e-10,fit
T7,100,tr,0.9,0.1,2.5504352e-10,2.49993313e-10,fit
T7,100,tr,0.95,0.1,5.71522625e-10,6.13163085e-10,fit
T7,100,tr,1,0.1,1.23958122e-09,1.27409208e-09,fit
T7,100,tr,1.05,0.1,2.57161393e-09,2.6056989e-09,fit
T7,100,tr,1.1,0.1,5.01876457e-09,5.0367987e-09,fit
T7,100,tr,1.15,0.1,9.03623625e-09,9.52875112e-09,fit
T7,100,tr,1.2,0.1,1.48364104e-08,1.46229496e-08,fit
T7,100,tr,1.25,0.1,2.23071388e-08,2.24929723e-08,fit
T7,100,tr,1.3,0.1,3.11671219e-08,3.11858049e-08,fit
T7,100,tr,1.35,0.1,4.1122776e-08,3.94982196e-08,fit
T7,100,tr,1.4,0.1,5.1926358e-08,5.34288009e-08,fit
T7,100,tr,1.45,0.1,6.33820887e-08,6.32680519e-08,fit
T7,100,tr,1.5,0.1,7.53393517e-08,7.45538965e-08,fit
T7,100,tr,1.55,0.1,8.76842698e-08,8.64164688e-08,fit
T7,100,tr,1.6,0.1,1.00331765e-07,1.03253661e-07,fit
T7,100,tr,1.65,0.1,1.13218645e-07,1.15430105e-07,fit
T7,100,tr,1.7,0.1,1.26297949e-07,1.28980478e-07,fit
T7,100,tr,1.75,0.1,1.3953455e-07,1.44103104e-07,fit
T7,100,tr,1.8,0.1,1.52901867e-07,1.62756314e-07,fit
T7,100,tr,1.85,0.1,1.66379469e-07,1.62746744e-07,fit
T7,100,tr,1.9,0.1,1.79951353e-07,1.8411477e-07,fit
T7,100,tr,1.95,0.1,1.93604731e-07,1.95911506e-07,fit
T7,100,tr,2,0.1,2.07329169e-07,2.13364818e-07,fit
T7,100,tr,2.05,0.1,2.21115978e-07,2.13348922e-07,fit
T7,100,tr,2.1,0.1,2.34957786e-07,2.34407238e-07,fit
T7,100,tr,2.15,0.1,2.48848234e-07,2.58669003e-07,fit
T7,100,tr,2.2,0.1,2.62781754e-07,2.52988514e-07,fit
T7,100,tr,2.25,0.1,2.76753409e-07,2.74245071e-07,fit
T7,100,tr,2.3,0.1,2.9075878e-07,2.74750332e-07,fit
T7,100,tr,2.35,0.1,3.04793873e-07,2.97617484e-07,fit
T7,100,tr,2.4,0.1,3.18855053e-07,3.14407953e-07,fit
T7,100,tr,2.45,0.1,3.32938996e-07,3.39755925e-07,fit
T7,100,tr,2.5,0.1,3.47042644e-07,3.50241044e-07,fit
T7,100,tr,2.55,0.1,3.61163174e-07,3.48362183e-07,fit
T7,100,tr,2.6,0.1,3.75297971e-07,3.81365533e-07,fit
T7,100,tr,2.65,0.1,3.89444605e-07,3.83608644e-07,fit
T7,100,tr,2.7,0.1,4.03600815e-07,4.0340994e-07,fit
T7,100,tr,2.75,0.1,4.17764488e-07,4.10539791e-07,fit
T7,100,tr,2.8,0.1,4.31933651e-07,4.29417471e-07,fit
T7,100,tr,2.85,0.1,4.46106454e-07,4.55991752e-07,fit
T7,100,tr,2.9,0.1,4.60281163e-07,4.71390712e-07,fit
T7,100,tr,2.95,0.1,4.74456149e-07,4.69058961e-07,fit
T7,100,tr,3,0.1,4.88629879e-07,4.89284919e-07,fit
T7,100,tr,3.05,0.1,5.02800912e-07,5.10849839e-07,fit
T7,100,tr,3.1,0.1,5.16967888e-07,5.10104972e-07,fit
T7,100,tr,3.15,0.1,5.31129524e-07,5.47439449e-07,fit
T7,100,tr,3.2,0.1,5.45284609e-07,5.55530325e-07,fit
T7,100,tr,3.25,0.1,5.59432001e-07,5.56956814e-07,fit
T7,100,tr,3.3,0.1,5.73570615e-07,5.45259067e-07,fit
T7,100,tr,3.35,0.1,5.8769943e-07,5.62884567e-07,fit
T7,100,tr,3.4,0.1,6.01817474e-07,5.9162288e-07,fit
T7,100,tr,3.45,0.1,6.15923829e-07,6.10307478e-07,fit
T7,100,tr,3.5,0.1,6.30017625e-07,6.44014521e-07,fit
T7,100,tr,3.55,0.1,6.44098035e-07,6.40975375e-07,fit
T7,100,tr,3.6,0.1,6.58164275e-07,6.45177066e-07,fit
T7,100,tr,3.65,0.1,6.72215601e-07,6.34471842e-07,fit
T7,100,tr,3.7,0.1,6.86251307e-07,7.00227522e-07,fit
T7,100,tr,3.75,0.1,7.0027072e-07,7.01657939e-07,fit
T7,100,tr,3.8,0.1,7.14273202e-07,7.31900568e-07,fit
T7,100,tr,3.85,0.1,7.28258148e-07,7.50203254e-07,fit
T7,100,tr,3.9,0.1,7.42224979e-07,7.61724342e-07,fit
T7,100,tr,3.95,0.1,7.56173148e-07,7.59544753e-07,fit
T7,100,tr,4,0.1,7.70102132e-07,8.13411491e-07,fit
T7,100,tr,4.05,0.1,7.84011435e-07,8.04202567e-07,fit
T7,100,tr,4.1,0.1,7.97900585e-07,7.66597521e-07,fit
T7,100,tr,4.15,0.1,8.11769131e-07,8.27290496e-07,fit
T7,100,tr,4.2,0.1,8.25616647e-07,8.01125793e-07,fit
T7,100,tr,4.25,0.1,8.39442724e-07,8.62202991e-07,fit
T7,100,tr,4.3,0.1,8.53246975e-07,8.51068693e-07,fit
T7,100,tr,4.35,0.1,8.67029032e-07,8.72844679e-07,fit
T7,100,tr,4.4,0.1,8.80788543e-07,9.1314376e-07,fit
T7,100,tr,4.45,0.1,8.94525175e-07,9.07528385e-07,fit
T7,100,tr,4.5,0.1,9.0823861e-07,9.24721284e-07,fit
T7,100,tr,4.55,0.1,9.21928546e-07,9.11238467e-07,fit
T7,100,tr,4.6,0.1,9.35594695e-07,9.13328359e-07,fit
T7,100,tr,4.65,0.1,9.49236784e-07,9.36307604e-07,fit
T7,100,tr,4.7,0.1,9.62854553e-07,9.88499742e-07,fit
T7,100,tr,4.75,0.1,9.76447756e-07,1.03587984e-06,fit
T7,100,tr,4.8,0.1,9.90016159e-07,1.01156578e-06,fit
T7,100,tr,4.85,0.1,1.00355954e-06,1.11470948e-06,fit
T7,100,tr,4.9,0.1,1.01707768e-06,1.0006152e-06,fit
T7,100,tr,4.95,0.1,1.03057039e-06,1.01425732e-06,fit
T7,100,tr,5,0.1,1.04403747e-06,1.07972102e-06,fit
T7,100,tr,5.05,0.1,1.05747875e-06,1.07048316e-06,fit
T7,100,tr,5.1,0.1,1.07089406e-06,1.05712892e-06,fit
T7,100,tr,5.15,0.1,1.08428322e-06,1.07429718e-06,fit
T7,100,tr,5.2,0.1,1.0976461e-06,1.1175478e-06,fit
T7,100,tr,5.25,0.1,1.11098254e-06,1.12055328e-06,fit
T7,100,tr,5.3,0.1,1.12429242e-06,1.129047e-06,fit
T7,100,tr,5.35,0.1,1.13757559e-06,1.12941362e-06,fit
T7,100,tr,5.4,0.1,1.15083195e-06,1.17154314e-06,fit
T7,100,tr,5.45,0.1,1.16406138e-06,1.14817139e-06,fit
T7,100,tr,5.5,0.1,1.17726377e-06,1.13840881e-06,fit
T7,100,tr,5.55,0.1,1.19043902e-06,1.21817623e-06,fit
T7,100,tr,5.6,0.1,1.20358704e-06,1.18537646e-06,fit
T7,100,tr,5.65,0.1,1.21670774e-06,1.18658548e-06,fit
T7,100,tr,5.7,0.1,1.22980104e-06,1.24332075e-06,fit
T7,100,tr,5.75,0.1,1.24286687e-06,1.26364112e-06,fit
T7,100,tr,5.8,0.1,1.25590515e-06,1.2108745e-06,fit
T7,100,tr,5.85,0.1,1.26891581e-06,1.21802598e-06,fit
T7,100,tr,5.9,0.1,1.28189881e-06,1.36848192e-06,fit
T7,100,tr,5.95,0.1,1.29485408e-06,1.31066388e-06,fit
T7,100,tr,6,0.1,1.30778158e-06,1.31353325e-06,fit
T7,100,tr,6.05,0.1,1.32068125e-06,1.34533037e-06,fit
T7,100,tr,6.1,0.1,1.33355306e-06,1.32567262e-06,fit
T7,100,tr,6.15,0.1,1.34639697e-06,1.34970625e-06,fit
T7,100,tr,6.2,0.1,1.35921295e-06,1.36296097e-06,fit
T7,100,tr,6.25,0.1,1.37200096e-06,1.3623821e-06,fit
T7,100,tr,6.3,0.1,1.38476099e-06,1.38817358e-06,fit
T7,100,tr,6.35,0.1,1.39749301e-06,1.39753535e-06,fit
T7,100,tr,6.4,0.1,1.410197e-06,1.41407084e-06,fit
T7,100,tr,6.45,0.1,1.42287295e-06,1.4533121e-06,fit
T7,100,tr,6.5,0.1,1.43552084e-06,1.47197577e-06,fit
T7,100,tr,6.55,0.1,1.44814067e-06,1.42295719e-06,fit
T7,100,tr,6.6,0.1,1.46073244e-06,1.38959174e-06,fit
T7,100,tr,6.65,0.1,1.47329613e-06,1.50934948e-06,fit
T7,100,tr,6.7,0.1,1.48583176e-06,1.4961104e-06,fit
T7,100,tr,6.75,0.1,1.49833932e-06,1.52205051e-06,fit
T7,100,tr,6.8,0.1,1.51081882e-06,1.49120413e-06,fit
T7,100,tr,6.85,0.1,1.52327026e-06,1.54633287e-06,fit
T7,100,tr,6.9,0.1,1.53569367e-06,1.56885746e-06,fit
T7,100,tr,6.95,0.1,1.54808905e-06,1.62258869e-06,fit
T7,100,tr,7,0.1,1.56045641e-06,1.4926892e-06,fit
T7,100,tr,7.05,0.1,1.57279578e-06,1.55996333e-06,fit
T7,100,tr,7.1,0.1,1.58510717e-06,1.58275459e-06,fit
T7,100,tr,7.15,0.1,1.59739061e-06,1.63391489e-06,fit
T7,100,tr,7.2,0.1,1.60964612e-06,1.57022503e-06,fit
T7,100,tr,7.25,0.1,1.62187373e-06,1.59431917e-06,fit
T7,100,tr,7.3,0.1,1.63407346e-06,1.61663428e-06,fit
T7,100,tr,7.35,0.1,1.64624534e-06,1.64979185e-06,fit
T7,100,tr,7.4,0.1,1.65838941e-06,1.56742686e-06,fit
T7,100,tr,7.45,0.1,1.6705057e-06,1.7179711e-06,fit
T7,100,tr,7.5,0.1,1.68259423e-06,1.60529999e-06,fit
T7,100,tr,7.55,0.1,1.69465505e-06,1.72279587e-06,fit
T7,100,tr,7.6,0.1,1.7066882e-06,1.68994402e-06,fit
T7,100,tr,7.65,0.1,1.71869371e-06,1.70089064e-06,fit
T7,100,tr,7.7,0.1,1.73067162e-06,1.63990886e-06,fit
T7,100,tr,7.75,0.1,1.74262197e-06,1.76662024e-06,fit
T7,100,tr,7.8,0.1,1.75454482e-06,1.62122461e-06,fit
T7,100,tr,7.85,0.1,1.76644019e-06,1.71392217e-06,fit
T7,100,tr,7.9,0.1,1.77830814e-06,1.77922307e-06,fit
T7,100,tr,7.95,0.1,1.79014872e-06,1.78446806e-06,fit
T7,100,tr,8,0.1,1.80196196e-06,1.81329634e-06,fit
T7,100,tr,-2,5,1.5e-12,1.4535848e-12,fit
T7,100,tr,-1.95,5,1.5e-12,1.57853165e-12,fit
T7,100,tr,-1.9,5,1.5e-12,1.58590579e-12,fit
T7,100,tr,-1.85,5,1.5e-12,1.50208043e-12,fit
T7,100,tr,-1.8,5,1.5e-12,1.47415031e-12,fit
T7,100,tr,-1.75,5,1.5e-12,1.45459952e-12,fit
T7,100,tr,-1.7,5,1.5e-12,1.5331861e-12,fit
T7,100,tr,-1.65,5,1.5e-12,1.48249842e-12,fit
T7,100,tr,-1.6,5,1.5e-12,1.45163323e-12,fit
T7,100,tr,-1.55,5,1.5e-12,1.50256306e-12,fit
T7,100,tr,-1.5,5,1.5e-12,1.51236696e-12,fit
T7,100,tr,-1.45,5,1.5e-12,1.54068212e-12,fit
T7,100,tr,-1.4,5,1.5e-12,1.45937808e-12,fit
T7,100,tr,-1.35,5,1.5e-12,1.53291184e-12,fit
T7,100,tr,-1.3,5,1.5e-12,1.58440119e-12,fit
T7,100,tr,-1.25,5,1.5e-12,1.54681762e-12,fit
T7,100,tr,-1.2,5,1.5e-12,1.56072296e-12,fit
T7,100,tr,-1.15,5,1.5e-12,1.54542021e-12,fit
T7,100,tr,-1.1,5,1.5e-12,1.62110784e-12,fit
T7,100,tr,-1.05,5,1.5e-12,1.48716757e-12,fit
T7,100,tr,-1,5,1.5e-12,1.48185997e-12,fit
T7,100,tr,-0.95,5,1.5e-12,1.61418807e-12,fit
T7,100,tr,-0.9,5,1.5e-12,1.46600306e-12,fit
T7,100,tr,-0.85,5,1.5e-12,1.50953e-12,fit
T7,100,tr,-0.8,5,1.5e-12,1.50195524e-12,fit
T7,100,tr,-0.75,5,1.5e-12,1.50816008e-12,fit
T7,100,tr,-0.7,5,1.5e-12,1.54338135e-12,fit
T7,100,tr,-0.65,5,1.5e-12,1.44431469e-12,fit
T7,100,tr,-0.6,5,1.5e-12,1.5522225e-12,fit
T7,100,tr,-0.55,5,1.50000001e-12,1.49233684e-12,fit
T7,100,tr,-0.5,5,1.50000003e-12,1.56090299e-12,fit
T7,100,tr,-0.45,5,1.50000006e-12,1.54634084e-12,fit
T7,100,tr,-0.4,5,1.50000015e-12,1.50710116e-12,fit
T7,100,tr,-0.35,5,1.50000036e-12,1.5669344e-12,fit
T7,100,tr,-0.3,5,1.50000086e-12,1.53290096e-12,fit
T7,100,tr,-0.25,5,1.5000021e-12,1.52090827e-12,fit
T7,100,tr,-0.2,5,1.50000508e-12,1.55340535e-12,fit
T7,100,tr,-0.15,5,1.50001231e-12,1.57073652e-12,fit
T7,100,tr,-0.1,5,1.50002984e-12,1.50034696e-12,fit
T7,100,tr,-0.05,5,1.50007232e-12,1.59457749e-12,fit
T7,100,tr,1.20736754e-15,5,1.50017528e-12,1.4794145e-12,fit
T7,100,tr,0.05,5,1.5005461e-12,1.4607562e-12,fit
T7,100,tr,0.1,5,1.50132339e-12,1.5231281e-12,fit
T7,100,tr,0.15,5,1.50320677e-12,1.48143453e-12,fit
T7,100,tr,0.2,5,1.50776932e-12,1.48989344e-12,fit
T7,100,tr,0.25,5,1.51881933e-12,1.50047173e-12,fit
T7,100,tr,0.3,5,1.54557043e-12,1.58471895e-12,fit
T7,100,tr,0.35,5,1.61029303e-12,1.56742806e-12,fit
T7,100,tr,0.4,5,1.7667414e-12,1.84555069e-12,fit
T7,100,tr,0.45,5,2.14438821e-12,2.26536968e-12,fit
T7,100,tr,0.5,5,3.0540903e-12,3.04824461e-12,fit
T7,100,tr,0.55,5,5.23864319e-12,5.35740549e-12,fit
T7,100,tr,0.6,5,1.04603454e-11,9.6144981e-12,fit
T7,100,tr,0.65,5,2.28561622e-11,2.21126974e-11,fit
T7,100,tr,0.7,5,5.19866298e-11,5.14525101e-11,fit
T7,100,tr,0.75,5,1.19446509e-10,1.21300905e-10,fit
T7,100,tr,0.8,5,2.72434142e-10,2.71151965e-10,fit
T7,100,tr,0.85,5,6.09440014e-10,6.03565546e-10,fit
T7,100,tr,0.9,5,1.32338291e-09,1.30977616e-09,fit
T7,100,tr,0.95,5,2.76196388e-09,2.74922721e-09,fit
T7,100,tr,1,5,5.48977566e-09,5.39849884e-09,fit
T7,100,tr,1.05,5,1.03171092e-08,1.00043677e-08,fit
T7,100,tr,1.1,5,1.82578567e-08,1.7824972e-08,fit
T7,100,tr,1.15,5,3.04122366e-08,3.09770873e-08,fit
T7,100,tr,1.2,5,4.78196729e-08,4.69745196e-08,fit
T7,100,tr,1.25,5,7.1345084e-08,7.12676922e-08,fit
T7,100,tr,1.3,5,1.01632727e-07,1.01161073e-07,fit
T7,100,tr,1.35,5,1.39119714e-07,1.36281045e-07,fit
T7,100,tr,1.4,5,1.84080597e-07,1.92010831e-07,fit
T7,100,tr,1.45,5,2.36677379e-07,2.45837475e-07,fit
T7,100,tr,1.5,5,2.97001259e-07,2.96722976e-07,fit
T7,100,tr,1.55,5,3.65102345e-07,3.58895001e-07,fit
T7,100,tr,1.6,5,4.41008648e-07,4.29276502e-07,fit
T7,100,tr,1.65,5,5.24737214e-07,5.40650199e-07,fit
T7,100,tr,1.7,5,6.16300124e-07,6.35954941e-07,fit
T7,100,tr,1.75,5,7.15707403e-07,6.67869112e-07,fit
T7,100,tr,1.8,5,8.22968189e-07,8.17919692e-07,fit
T7,100,tr,1.85,5,9.38091012e-07,9.23664324e-07,fit
T7,100,tr,1.9,5,1.06108366e-06,1.05216411e-06,fit
T7,100,tr,1.95,5,1.19195287e-06,1.21408358e-06,fit
T7,100,tr,2,5,1.33070406e-06,1.36973401e-06,fit
T7,100,tr,2.05,5,1.47734106e-06,1.52446714e-06,fit
T7,100,tr,2.1,5,1.63186585e-06,1.63004243e-06,fit
T7,100,tr,2.15,5,1.79427851e-06,1.82285115e-06,fit
T7,100,tr,2.2,5,1.96457703e-06,1.83992381e-06,fit
T7,100,tr,2.25,5,2.14275733e-06,2.28434158e-06,fit
T7,100,tr,2.3,5,2.32881319e-06,2.35310922e-06,fit
T7,100,tr,2.35,5,2.52273622e-06,2.45298855e-06,fit
T7,100,tr,2.4,5,2.72451591e-06,2.72159951e-06,fit
T7,100,tr,2.45,5,2.93413962e-06,2.93881006e-06,fit
T7,100,tr,2.5,5,3.15159256e-06,3.14153944e-06,fit
T7,100,tr,2.55,5,3.37685782e-06,3.23298376e-06,fit
T7,100,tr,2.6,5,3.60991639e-06,3.71655596e-06,fit
T7,100,tr,2.65,5,3.85074712e-06,3.91218599e-06,fit
T7,100,tr,2.7,5,4.09932675e-06,4.14740346e-06,fit
T7,100,tr,2.75,5,4.3556299e-06,4.36915122e-06,fit
T7,100,tr,2.8,5,4.61962904e-06,4.42393386e-06,fit
T7,100,tr,2.85,5,4.8912945e-06,5.05413763e-06,fit
T7,100,tr,2.9,5,5.17059444e-06,4.98411217e-06,fit
T7,100,tr,2.95,5,5.45749484e-06,5.35277672e-06,fit
T7,100,tr,3,5,5.75195947e-06,5.63132408e-06,fit
T7,100,tr,3.05,5,6.0539499e-06,5.99602334e-06,fit
T7,100,tr,3.1,5,6.36342546e-06,6.33004904e-06,fit
T7,100,tr,3.15,5,6.6803432e-06,6.62824131e-06,fit
T7,100,tr,3.2,5,7.00465792e-06,7.25292636e-06,fit
T7,100,tr,3.25,5,7.33632215e-06,7.64671802e-06,fit
T7,100,tr,3.3,5,7.6752861e-06,7.44821187e-06,fit
T7,100,tr,3.35,5,8.02149769e-06,7.96252293e-06,fit
T7,100,tr,3.4,5,8.37490254e-06,8.46398134e-06,fit
T7,100,tr,3.45,5,8.73544396e-06,8.5754496e-06,fit
T7,100,tr,3.5,5,9.10306296e-06,9.24926482e-06,fit
T7,100,tr,3.55,5,9.47769827e-06,9.36128281e-06,fit
T7,100,tr,3.6,5,9.85928634e-06,9.56796582e-06,fit
T7,100,tr,3.65,5,1.02477613e-05,1.07896898e-05,fit
T7,100,tr,3.7,5,1.06430553e-05,1.08828138e-05,fit
T7,100,tr,3.75,5,1.10450979e-05,1.13405171e-05,fit
T7,100,tr,3.8,5,1.14538167e-05,1.18169733e-05,fit
T7,100,tr,3.85,5,1.18691374e-05,1.2170797e-05,fit
T7,100,tr,3.9,5,1.22909832e-05,1.26274917e-05,fit
T7,100,tr,3.95,5,1.27192755e-05,1.29392074e-05,fit
T7,100,tr,4,5,1.31539338e-05,1.34938197e-05,fit
T7,100,tr,4.05,5,1.35948755e-05,1.37344367e-05,fit
T7,100,tr,4.1,5,1.40420163e-05,1.39751282e-05,fit
T7,100,tr,4.15,5,1.44952702e-05,1.49343247e-05,fit
T7,100,tr,4.2,5,1.49545492e-05,1.53049312e-05,fit
T7,100,tr,4.25,5,1.5419764e-05,1.50868518e-05,fit
T7,100,tr,4.3,5,1.58908236e-05,1.52873871e-05,fit
T7,100,tr,4.35,5,1.63676357e-05,1.66461098e-05,fit
T7,100,tr,4.4,5,1.68501064e-05,1.64787837e-05,fit
T7,100,tr,4.45,5,1.73381406e-05,1.77099523e-05,fit
T7,100,tr,4.5,5,1.78316422e-05,1.8842088e-05,fit
T7,100,tr,4.55,5,1.83305139e-05,1.85850591e-05,fit
T7,100,tr,4.6,5,1.88346573e-05,1.83142712e-05,fit
T7,100,tr,4.65,5,1.93439732e-05,1.93324587e-05,fit
T7,100,tr,4.7,5,1.98583617e-05,1.88848848e-05,fit
T7,100,tr,4.75,5,2.0377722e-05,2.10757522e-05,fit
T7,100,tr,4.8,5,2.09019528e-05,2.1555043e-05,fit
T7,100,tr,4.85,5,2.14309523e-05,2.27060628e-05,fit
T7,100,tr,4.9,5,2.19646182e-05,2.33402563e-05,fit
T7,100,tr,4.95,5,2.25028482e-05,2.24985211e-05,fit
T7,100,tr,5,5,2.30455392e-05,2.1642244e-05,fit
T7,100,tr,5.05,5,2.35925886e-05,2.36510167e-05,fit
T7,100,tr,5.1,5,2.41438933e-05,2.42833913e-05,fit
T7,100,tr,5.15,5,2.46993505e-05,2.41274012e-05,fit
T7,100,tr,5.2,5,2.52588574e-05,2.56806713e-05,fit
T7,100,tr,5.25,5,2.58223116e-05,2.66468575e-05,fit
T7,100,tr,5.3,5,2.63896107e-05,2.72186345e-05,fit
T7,100,tr,5.35,5,2.69606531e-05,2.70225457e-05,fit
T7,100,tr,5.4,5,2.75353373e-05,2.72222647e-05,fit
T7,100,tr,5.45,5,2.81135625e-05,2.81892666e-05,fit
T7,100,tr,5.5,5,2.86952285e-05,2.90354029e-05,fit
T7,100,tr,5.55,5,2.92802357e-05,2.86951109e-05,fit
T7,100,tr,5.6,5,2.98684854e-05,3.06111651e-05,fit
T7,100,tr,5.65,5,3.04598795e-05,3.05512662e-05,fit
T7,100,tr,5.7,5,3.10543209e-05,3.08654938e-05,fit
T7,100,tr,5.75,5,3.16517134e-05,3.13385094e-05,fit
T7,100,tr,5.8,5,3.22519617e-05,3.16618994e-05,fit
T7,100,tr,5.85,5,3.28549716e-05,3.18594148e-05,fit
T7,100,tr,5.9,5,3.34606498e-05,3.36551704e-05,fit
T7,100,tr,5.95,5,3.40689043e-05,3.52219798e-05,fit
T7,100,tr,6,5,3.46796441e-05,3.50595922e-05,fit
T7,100,tr,6.05,5,3.52927795e-05,3.5013564e-05,fit
T7,100,tr,6.1,5,3.59082219e-05,3.4232788e-05,fit
T7,100,tr,6.15,5,3.65258841e-05,3.75972029e-05,fit
T7,100,tr,6.2,5,3.71456799e-05,3.49646551e-05,fit
T7,100,tr,6.25,5,3.77675246e-05,3.78583799e-05,fit
T7,100,tr,6.3,5,3.83913347e-05,3.76897411e-05,fit
T7,100,tr,6.35,5,3.90170283e-05,3.86274806e-05,fit
T7,100,tr,6.4,5,3.96445244e-05,4.0363768e-05,fit
T7,100,tr,6.45,5,4.02737438e-05,4.06218657e-05,fit
T7,100,tr,6.5,5,4.09046084e-05,4.01217641e-05,fit
T7,100,tr,6.55,5,4.15370416e-05,4.02821593e-05,fit
T7,100,tr,6.6,5,4.21709682e-05,4.26800883e-05,fit
T7,100,tr,6.65,5,4.28063142e-05,4.28186234e-05,fit
T7,100,tr,6.7,5,4.34430074e-05,4.45512819e-05,fit
T7,100,tr,6.75,5,4.40809766e-05,4.4110432e-05,fit
T7,100,tr,6.8,5,4.47201522e-05,4.40814699e-05,fit
T7,100,tr,6.85,5,4.5360466e-05,4.6100001e-05,fit
T7,100,tr,6.9,5,4.60018512e-05,4.5349396e-05,fit
T7,100,tr,6.95,5,4.66442423e-05,4.7195871e-05,fit
T7,100,tr,7,5,4.72875752e-05,4.76437247e-05,fit
T7,100,tr,7.05,5,4.79317874e-05,4.65632815e-05,fit
T7,100,tr,7.1,5,4.85768174e-05,4.56138673e-05,fit
T7,100,tr,7.15,5,4.92226054e-05,4.94107595e-05,fit
T7,100,tr,7.2,5,4.98690927e-05,5.01107108e-05,fit
T7,100,tr,7.25,5,5.0516222e-05,4.99762172e-05,fit
T7,100,tr,7.3,5,5.11639374e-05,5.27127296e-05,fit
T7,100,tr,7.35,5,5.18121843e-05,5.35836006e-05,fit
T7,100,tr,7.4,5,5.24609093e-05,5.37957603e-05,fit
T7,100,tr,7.45,5,5.31100603e-05,5.27331383e-05,fit
T7,100,tr,7.5,5,5.37595865e-05,5.41298954e-05,fit
T7,100,tr,7.55,5,5.44094383e-05,5.27886751e-05,fit
T7,100,tr,7.6,5,5.50595674e-05,5.59333121e-05,fit
T7,100,tr,7.65,5,5.57099267e-05,5.49671152e-05,fit
T7,100,tr,7.7,5,5.63604701e-05,5.62221805e-05,fit
T7,100,tr,7.75,5,5.70111529e-05,5.65246526e-05,fit
T7,100,tr,7.8,5,5.76619316e-05,5.72219224e-05,fit
T7,100,tr,7.85,5,5.83127635e-05,6.17425646e-05,fit
T7,100,tr,7.9,5,5.89636074e-05,6.19827691e-05,fit
T7,100,tr,7.95,5,5.96144229e-05,5.83629377e-05,fit
T7,100,tr,8,5,6.02651708e-05,6.1771914e-05,fit
T8,100,tr,-2,0.1,2.02e-14,2.59659758e-14,fit
T8,100,tr,-1.95,0.1,2.02e-14,2.44953214e-14,fit
T8,100,tr,-1.9,0.1,2.02e-14,2.0282133e-14,fit
T8,100,tr,-1.85,0.1,2.02e-14,1.86108159e-14,fit
T8,100,tr,-1.8,0.1,2.02e-14,1.65325451e-14,fit
T8,100,tr,-1.75,0.1,2.02e-14,2.11464373e-14,fit
T8,100,tr,-1.7,0.1,2.02e-14,1.75270441e-14,fit
T8,100,tr,-1.65,0.1,2.02e-14,2.46620444e-14,fit
T8,100,tr,-1.6,0.1,2.02e-14,1.53542119e-14,fit
T8,100,tr,-1.55,0.1,2.02e-14,2.4606328e-14,fit
T8,100,tr,-1.5,0.1,2.02e-14,2.14164659e-14,fit
T8,100,tr,-1.45,0.1,2.02e-14,1.62428774e-14,fit
T8,100,tr,-1.4,0.1,2.02e-14,2.74274474e-14,fit
T8,100,tr,-1.35,0.1,2.02e-14,1.77933955e-14,fit
T8,100,tr,-1.3,0.1,2.02e-14,2.206772e-14,fit
T8,100,tr,-1.25,0.1,2.02e-14,3.05240527e-14,fit
T8,100,tr,-1.2,0.1,2.02e-14,1.91530525e-14,fit
T8,100,tr,-1.15,0.1,2.02e-14,2.29377106e-14,fit
T8,100,tr,-1.1,0.1,2.02e-14,9.64119059e-15,fit
T8,100,tr,-1.05,0.1,2.02e-14,2.14062902e-14,fit
T8,100,tr,-1,0.1,2.02e-14,2.46463685e-14,fit
T8,100,tr,-0.95,0.1,2.02e-14,2.14188389e-14,fit
T8,100,tr,-0.9,0.1,2.02e-14,2.45831928e-14,fit
T8,100,tr,-0.85,0.1,2.02e-14,2.18065977e-14,fit
T8,100,tr,-0.8,0.1,2.02e-14,2.10115922e-14,fit
T8,100,tr,-0.75,0.1,2.02e-14,1.7669096e-14,fit
T8,100,tr,-0.7,0.1,2.02000001e-14,1.20284339e-14,fit
T8,100,tr,-0.65,0.1,2.02000002e-14,2.25416449e-14,fit
T8,100,tr,-0.6,0.1,2.02000005e-14,1.45042532e-14,fit
T8,100,tr,-0.55,0.1,2.02000011e-14,2.57078638e-14,fit
T8,100,tr,-0.5,0.1,2.02000025e-14,2.2481794e-14,fit
T8,100,tr,-0.45,0.1,2.02000057e-14,1.51147015e-14,fit
T8,100,tr,-0.4,0.1,2.02000132e-14,9.80984079e-15,fit
T8,100,tr,-0.35,0.1,2.02000304e-14,3.07866385e-14,fit
T8,100,tr,-0.3,0.1,2.02000699e-14,1.23463597e-14,fit
T8,100,tr,-0.25,0.1,2.02001608e-14,2.43636184e-14,fit
T8,100,tr,-0.2,0.1,2.02003698e-14,1.22585135e-14,fit
T8,100,tr,-0.15,0.1,2.02008507e-14,2.01446384e-14,fit
T8,100,tr,-0.1,0.1,2.02019566e-14,9.45816648e-15,fit
T8,100,tr,-0.05,0.1,2.02045004e-14,1.70349369e-14,fit
T8,100,tr,1.20736754e-15,0.1,2.02103512e-14,1.72744866e-14,fit
T8,100,tr,0.05,0.1,2.02298758e-14,2.60002591e-14,fit
T8,100,tr,0.1,0.1,2.02687147e-14,1.71707005e-14,fit
T8,100,tr,0.15,0.1,2.03580415e-14,2.00256202e-14,fit
T8,100,tr,0.2,0.1,2.05634785e-14,2.21785884e-14,fit
T8,100,tr,0.25,0.1,2.10359233e-14,2.41132575e-14,fit
T8,100,tr,0.3,0.1,2.21223153e-14,2.47567773e-14,fit
T8,100,tr,0.35,0.1,2.46201741e-14,2.94507871e-14,fit
T8,100,tr,0.4,0.1,3.03622575e-14,3.19081402e-14,fit
T8,100,tr,0.45,0.1,4.35586045e-14,4.94224057e-14,fit
T8,100,tr,0.5,0.1,7.38741382e-14,7.47273821e-14,fit
T8,100,tr,0.55,0.1,1.43476285e-13,1.43518452e-13,fit
T8,100,tr,0.6,0.1,3.03140143e-13,3.15092866e-13,fit
T8,100,tr,0.65,0.1,6.68939e-13,6.19143285e-13,fit
T8,100,tr,0.7,0.1,1.5054553e-12,1.41299486e-12,fit
T8,100,tr,0.75,0.1,3.41324808e-12,3.51623262e-12,fit
T8,100,tr,0.8,0.1,7.74711046e-12,7.56273738e-12,fit
T8,100,tr,0.85,0.1,1.75360347e-11,1.73005742e-11,fit
T8,100,tr,0.9,0.1,3.9464987e-11,4.0772437e-11,fit
T8,100,tr,0.95,0.1,8.80163736e-11,8.41496914e-11,fit
T8,100,tr,1,0.1,1.93750281e-10,1.84816171e-10,fit
T8,100,tr,1.05,0.1,4.18814622e-10,4.32239403e-10,fit
T8,100,tr,1.1,0.1,8.83185964e-10,8.5381329e-10,fit
T8,100,tr,1.15,0.1,1.80128369e-09,1.78895321e-09,fit
T8,100,tr,1.2,0.1,3.51004961e-09,3.51380074e-09,fit
T8,100,tr,1.25,0.1,6.42739563e-09,6.28246011e-09,fit
T8,100,tr,1.3,0.1,1.08856977e-08,1.06150582e-08,fit
T8,100,tr,1.35,0.1,1.69621673e-08,1.66774693e-08,fit
T8,100,tr,1.4,0.1,2.45010772e-08,2.38909103e-08,fit
T8,100,tr,1.45,0.1,3.32562798e-08,3.40494255e-08,fit
T8,100,tr,1.5,0.1,4.29876855e-08,4.33349202e-08,fit
T8,100,tr,1.55,0.1,5.34909892e-08,5.04422201e-08,fit
T8,100,tr,1.6,0.1,6.46001679e-08,6.65721016e-08,fit
T8,100,tr,1.65,0.1,7.61836163e-08,7.8253233e-08,fit
T8,100,tr,1.7,0.1,8.81390145e-08,8.64389901e-08,fit
T8,100,tr,1.75,0.1,1.00387964e-07,1.02065304e-07,fit
T8,100,tr,1.8,0.1,1.12870913e-07,1.17541657e-07,fit
T8,100,tr,1.85,0.1,1.2554275e-07,1.29448641e-07,fit
T8,100,tr,1.9,0.1,1.38369191e-07,1.4124434e-07,fit
T8,100,tr,1.95,0.1,1.51323983e-07,1.51082701e-07,fit
T8,100,tr,2,0.1,1.64386778e-07,1.70004845e-07,fit
T8,100,tr,2.05,0.1,1.7754157e-07,1.81519842e-07,fit
T8,100,tr,2.1,0.1,1.90775551e-07,1.92451751e-07,fit
T8,100,tr,2.15,0.1,2.0407829e-07,2.05382954e-07,fit
T8,100,tr,2.2,0.1,2.1744113e-07,2.10302301e-07,fit
T8,100,tr,2.25,0.1,2.30856765e-07,2.33276817e-07,fit
T8,100,tr,2.3,0.1,2.44318925e-07,2.57937361e-07,fit
T8,100,tr,2.35,0.1,2.57822152e-07,2.36945709e-07,fit
T8,100,tr,2.4,0.1,2.71361631e-07,2.65521588e-07,fit
T8,100,tr,2.45,0.1,2.84933072e-07,2.9023318e-07,fit
T8,100,tr,2.5,0.1,2.98532613e-07,3.02357509e-07,fit
T8,100,tr,2.55,0.1,3.12156751e-07,3.24757046e-07,fit
T8,100,tr,2.6,0.1,3.2580229e-07,3.31610205e-07,fit
T8,100,tr,2.65,0.1,3.39466297e-07,3.60092906e-07,fit
T8,100,tr,2.7,0.1,3.53146068e-07,3.51837711e-07,fit
T8,100,tr,2.75,0.1,3.66839101e-07,3.53548425e-07,fit
T8,100,tr,2.8,0.1,3.80543073e-07,3.83204006e-07,fit
T8,100,tr,2.85,0.1,3.94255823e-07,3.91825609e-07,fit
T8,100,tr,2.9,0.1,4.07975335e-07,4.04761826e-07,fit
T8,100,tr,2.95,0.1,4.21699723e-07,4.1339083e-07,fit
T8,100,tr,3,0.1,4.35427222e-07,4.43672714e-07,fit
T8,100,tr,3.05,0.1,4.49156176e-07,4.47660185e-07,fit
T8,100,tr,3.1,0.1,4.62885029e-07,4.55022041e-07,fit
T8,100,tr,3.15,0.1,4.7661232e-07,4.85360848e-07,fit
T8,100,tr,3.2,0.1,4.9033667e-07,4.83483849e-07,fit
T8,100,tr,3.25,0.1,5.04056781e-07,4.85523057e-07,fit
T8,100,tr,3.3,0.1,5.17771428e-07,5.26966455e-07,fit
T8,100,tr,3.35,0.1,5.31479455e-07,5.08423219e-07,fit
T8,100,tr,3.4,0.1,5.45179768e-07,5.42636807e-07,fit
T8,100,tr,3.45,0.1,5.58871334e-07,5.16446571e-07,fit
T8,100,tr,3.5,0.1,5.72553173e-07,5.74759069e-07,fit
T8,100,tr,3.55,0.1,5.86224359e-07,5.9156031e-07,fit
T8,100,tr,3.6,0.1,5.99884014e-07,6.20259089e-07,fit
T8,100,tr,3.65,0.1,6.13531305e-07,5.99027652e-07,fit
T8,100,tr,3.7,0.1,6.27165442e-07,6.4713275e-07,fit
T8,100,tr,3.75,0.1,6.40785675e-07,6.15500247e-07,fit
T8,100,tr,3.8,0.1,6.54391293e-07,6.61989315e-07,fit
T8,100,tr,3.85,0.1,6.67981619e-07,6.5392124e-07,fit
T8,100,tr,3.9,0.1,6.81556012e-07,6.39520023e-07,fit
T8,100,tr,3.95,0.1,6.95113861e-07,6.80142808e-07,fit
T8,100,tr,4,0.1,7.08654585e-07,7.23498853e-07,fit
T8,100,tr,4.05,0.1,7.22177632e-07,7.39693479e-07,fit
T8,100,tr,4.1,0.1,7.35682478e-07,7.322344e-07,fit
T8,100,tr,4.15,0.1,7.49168624e-07,7.33209701e-07,fit
T8,100,tr,4.2,0.1,7.62635593e-07,7.55740796e-07,fit
T8,100,tr,4.25,0.1,7.76082934e-07,7.54813637e-07,fit
T8,100,tr,4.3,0.1,7.89510218e-07,7.74698012e-07,fit
T8,100,tr,4.35,0.1,8.02917034e-07,7.99735307e-07,fit
T8,100,tr,4.4,0.1,8.16302992e-07,8.30134415e-07,fit
T8,100,tr,4.45,0.1,8.29667722e-07,8.24688625e-07,fit
T8,100,tr,4.5,0.1,8.43010872e-07,8.20427893e-07,fit
T8,100,tr,4.55,0.1,8.56332105e-07,8.24764009e-07,fit
T8,100,tr,4.6,0.1,8.69631101e-07,8.37237235e-07,fit
T8,100,tr,4.65,0.1,8.82907558e-07,8.8970022e-07,fit
T8,100,tr,4.7,0.1,8.96161185e-07,8.8851359e-07,fit
T8,100,tr,4.75,0.1,9.09391708e-07,8.86757748e-07,fit
T8,100,tr,4.8,0.1,9.22598865e-07,9.14191085e-07,fit
T8,100,tr,4.85,0.1,9.35782409e-07,9.5946672e-07,fit
T8,100,tr,4.9,0.1,9.48942102e-07,9.55931612e-07,fit
T8,100,tr,4.95,0.1,9.62077721e-07,9.61641316e-07,fit
T8,100,tr,5,0.1,9.75189053e-07,9.65541742e-07,fit
T8,100,tr,5.05,0.1,9.88275895e-07,9.47798869e-07,fit
T8,100,tr,5.1,0.1,1.00133806e-06,1.03826381e-06,fit
T8,100,tr,5.15,0.1,1.01437536e-06,1.00187122e-06,fit
T8,100,tr,5.2,0.1,1.02738762e-06,1.01118401e-06,fit
T8,100,tr,5.25,0.1,1.04037469e-06,1.01546269e-06,fit
T8,100,tr,5.3,0.1,1.0533364e-06,1.01132777e-06,fit
T8,100,tr,5.35,0.1,1.06627262e-06,1.04253876e-06,fit
T8,100,tr,5.4,0.1,1.07918321e-06,1.07971126e-06,fit
T8,100,tr,5.45,0.1,1.09206803e-06,1.1125788e-06,fit
T8,100,tr,5.5,0.1,1.10492696e-06,1.12219665e-06,fit
T8,100,tr,5.55,0.1,1.11775989e-06,1.13605143e-06,fit
T8,100,tr,5.6,0.1,1.13056671e-06,1.07981341e-06,fit
T8,100,tr,5.65,0.1,1.14334732e-06,1.17297955e-06,fit
T8,100,tr,5.7,0.1,1.15610163e-06,1.16140565e-06,fit
T8,100,tr,5.75,0.1,1.16882953e-06,1.16277885e-06,fit
T8,100,tr,5.8,0.1,1.18153096e-06,1.14622095e-06,fit
T8,100,tr,5.85,0.1,1.19420583e-06,1.20512993e-06,fit
T8,100,tr,5.9,0.1,1.20685407e-06,1.19853762e-06,fit
T8,100,tr,5.95,0.1,1.21947562e-06,1.25168361e-06,fit
T8,100,tr,6,0.1,1.23207041e-06,1.2602548e-06,fit
T8,100,tr,6.05,0.1,1.24463839e-06,1.33331129e-06,fit
T8,100,tr,6.1,0.1,1.2571795e-06,1.26462147e-06,fit
T8,100,tr,6.15,0.1,1.2696937e-06,1.24964496e-06,fit
T8,100,tr,6.2,0.1,1.28218094e-06,1.31203473e-06,fit
T8,100,tr,6.25,0.1,1.29464118e-06,1.3188595e-06,fit
T8,100,tr,6.3,0.1,1.3070744e-06,1.30689941e-06,fit
T8,100,tr,6.35,0.1,1.31948055e-06,1.29330439e-06,fit
T8,100,tr,6.4,0.1,1.33185962e-06,1.31085869e-06,fit
T8,100,tr,6.45,0.1,1.34421157e-06,1.31508795e-06,fit
T8,100,tr,6.5,0.1,1.35653639e-06,1.3712594e-06,fit
T8,100,tr,6.55,0.1,1.36883406e-06,1.40220455e-06,fit
T8,100,tr,6.6,0.1,1.38110456e-06,1.44476479e-06,fit
T8,100,tr,6.65,0.1,1.3933479e-06,1.37575556e-06,fit
T8,100,tr,6.7,0.1,1.40556405e-06,1.35844859e-06,fit
T8,100,tr,6.75,0.1,1.41775302e-06,1.36159227e-06,fit
T8,100,tr,6.8,0.1,1.4299148e-06,1.42761709e-06,fit
T8,100,tr,6.85,0.1,1.44204939e-06,1.43204362e-06,fit
T8,100,tr,6.9,0.1,1.4541568e-06,1.4527423e-06,fit
T8,100,tr,6.95,0.1,1.46623704e-06,1.38463605e-06,fit
T8,100,tr,7,0.1,1.47829011e-06,1.44195642e-06,fit
T8,100,tr,7.05,0.1,1.49031602e-06,1.40958692e-06,fit
T8,100,tr,7.1,0.1,1.50231479e-06,1.52438962e-06,fit
T8,100,tr,7.15,0.1,1.51428643e-06,1.528678e-06,fit
T8,100,tr,7.2,0.1,1.52623096e-06,1.53788545e-06,fit
T8,100,tr,7.25,0.1,1.53814841e-06,1.52595657e-06,fit
T8,100,tr,7.3,0.1,1.55003878e-06,1.60596157e-06,fit
T8,100,tr,7.35,0.1,1.56190211e-06,1.54996114e-06,fit
T8,100,tr,7.4,0.1,1.57373842e-06,1.57606066e-06,fit
T8,100,tr,7.45,0.1,1.58554773e-06,1.5448936e-06,fit
T8,100,tr,7.5,0.1,1.59733009e-06,1.58757399e-06,fit
T8,100,tr,7.55,0.1,1.60908551e-06,1.61796451e-06,fit
T8,100,tr,7.6,0.1,1.62081402e-06,1.60826204e-06,fit
T8,100,tr,7.65,0.1,1.63251567e-06,1.60926426e-06,fit
T8,100,tr,7.7,0.1,1.64419049e-06,1.60889428e-06,fit
T8,100,tr,7.75,0.1,1.65583851e-06,1.65935742e-06,fit
T8,100,tr,7.8,0.1,1.66745978e-06,1.64996341e-06,fit
T8,100,tr,7.85,0.1,1.67905432e-06,1.62966352e-06,fit
T8,100,tr,7.9,0.1,1.69062219e-06,1.71322014e-06,fit
T8,100,tr,7.95,0.1,1.70216342e-06,1.67379826e-06,fit
T8,100,tr,8,0.1,1.71367805e-06,1.67355833e-06,fit
T8,100,tr,-2,5,1.5e-12,1.49361134e-12,fit
T8,100,tr,-1.95,5,1.5e-12,1.47286161e-12,fit
T8,100,tr,-1.9,5,1.5e-12,1.54200008e-12,fit
T8,100,tr,-1.85,5,1.5e-12,1.44799617e-12,fit
T8,100,tr,-1.8,5,1.5e-12,1.4727956e-12,fit
T8,100,tr,-1.75,5,1.5e-12,1.56672269e-12,fit
T8,100,tr,-1.7,5,1.5e-12,1.52946995e-12,fit
T8,100,tr,-1.65,5,1.5e-12,1.56435513e-12,fit
T8,100,tr,-1.6,5,1.5e-12,1.55751298e-12,fit
T8,100,tr,-1.55,5,1.5e-12,1.51170211e-12,fit
T8,100,tr,-1.5,5,1.5e-12,1.48384597e-12,fit
T8,100,tr,-1.45,5,1.5e-12,1.48426316e-12,fit
T8,100,tr,-1.4,5,1.5e-12,1.59549623e-12,fit
T8,100,tr,-1.35,5,1.5e-12,1.50244143e-12,fit
T8,100,tr,-1.3,5,1.5e-12,1.54179154e-12,fit
T8,100,tr,-1.25,5,1.5e-12,1.51135099e-12,fit
T8,100,tr,-1.2,5,1.5e-12,1.53602406e-12,fit
T8,100,tr,-1.15,5,1.5e-12,1.48690117e-12,fit
T8,100,tr,-1.1,5,1.5e-12,1.57302708e-12,fit
T8,100,tr,-1.05,5,1.5e-12,1.47708121e-12,fit
T8,100,tr,-1,5,1.5e-12,1.47066713e-12,fit
T8,100,tr,-0.95,5,1.5e-12,1.50407451e-12,fit
T8,100,tr,-0.9,5,1.5e-12,1.52068614e-12,fit
T8,100,tr,-0.85,5,1.5e-12,1.59191353e-12,fit
T8,100,tr,-0.8,5,1.5e-12,1.44174323e-12,fit
T8,100,tr,-0.75,5,1.5e-12,1.57756878e-12,fit
T8,100,tr,-0.7,5,1.5e-12,1.52290968e-12,fit
T8,100,tr,-0.65,5,1.5e-12,1.51479117e-12,fit
T8,100,tr,-0.6,5,1.5e-12,1.51824152e-12,fit
T8,100,tr,-0.55,5,1.50000001e-12,1.50922124e-12,fit
T8,100,tr,-0.5,5,1.50000001e-12,1.48284878e-12,fit
T8,100,tr,-0.45,5,1.50000003e-12,1.51247222e-12,fit
T8,100,tr,-0.4,5,1.50000007e-12,1.53967792e-12,fit
T8,100,tr,-0.35,5,1.50000017e-12,1.4429444e-12,fit
T8,100,tr,-0.3,5,1.50000039e-12,1.460882e-12,fit
T8,100,tr,-0.25,5,1.5000009e-12,1.45929195e-12,fit
T8,100,tr,-0.2,5,1.50000208e-12,1.50174071e-12,fit
T8,100,tr,-0.15,5,1.50000478e-12,1.48048031e-12,fit
T8,100,tr,-0.1,5,1.50001099e-12,1.50729423e-12,fit
T8,100,tr,-0.05,5,1.50002528e-12,1.53043196e-12,fit
T8,100,tr,1.20736754e-15,5,1.50005815e-12,1.57259165e-12,fit
T8,100,tr,0.05,5,1.50016781e-12,1.59272579e-12,fit
T8,100,tr,0.1,5,1.50038595e-12,1.50211905e-12,fit
T8,100,tr,0.15,5,1.50088761e-12,1.51747413e-12,fit
T8,100,tr,0.2,5,1.50204119e-12,1.52212613e-12,fit
T8,100,tr,0.25,5,1.50469354e-12,1.59923382e-12,fit
T8,100,tr,0.3,5,1.51079083e-12,1.60403281e-12,fit
T8,100,tr,0.35,5,1.52480367e-12,1.48908841e-12,fit
T8,100,tr,0.4,5,1.55699552e-12,1.57607426e-12,fit
T8,100,tr,0.45,5,1.63090762e-12,1.57944762e-12,fit
T8,100,tr,0.5,5,1.80046526e-12,1.83012066e-12,fit
T8,100,tr,0.55,5,2.18895476e-12,2.09362952e-12,fit
T8,100,tr,0.6,5,3.07743897e-12,3.04092114e-12,fit
T8,100,tr,0.65,5,5.10401333e-12,4.85064656e-12,fit
T8,100,tr,0.7,5,9.70857161e-12,9.6639515e-12,fit
T8,100,tr,0.75,5,2.01117428e-11,1.95506433e-11,fit
T8,100,tr,0.8,5,4.34258087e-11,4.40395267e-11,fit
T8,100,tr,0.85,5,9.50726005e-11,8.83380703e-11,fit
T8,100,tr,0.9,5,2.07637358e-10,2.13430081e-10,fit
T8,100,tr,0.95,5,4.47533721e-10,4.5042319e-10,fit
T8,100,tr,1,5,9.43647248e-10,9.73070718e-10,fit
T8,100,tr,1.05,5,1.93042715e-09,1.92081362e-09,fit
T8,100,tr,1.1,5,3.80069085e-09,3.6144293e-09,fit
T8,100,tr,1.15,5,7.15014531e-09,7.12796379e-09,fit
T8,100,tr,1.2,5,1.27843506e-08,1.32451749e-08,fit
T8,100,tr,1.25,5,2.16653382e-08,2.20390301e-08,fit
T8,100,tr,1.3,5,3.48050971e-08,3.67502245e-08,fit
T8,100,tr,1.35,5,5.31456913e-08,5.25794469e-08,fit
T8,100,tr,1.4,5,7.74713378e-08,7.4074874e-08,fit
T8,100,tr,1.45,5,1.08373839e-07,1.02949863e-07,fit
T8,100,tr,1.5,5,1.46263856e-07,1.43619962e-07,fit
T8,100,tr,1.55,5,1.91406817e-07,1.8895941e-07,fit
T8,100,tr,1.6,5,2.43964252e-07,2.4622479e-07,fit
T8,100,tr,1.65,5,3.04029608e-07,3.08264844e-07,fit
T8,100,tr,1.7,5,3.71654866e-07,3.61591363e-07,fit
T8,100,tr,1.75,5,4.46868407e-07,4.51372196e-07,fit
T8,100,tr,1.8,5,5.29686075e-07,5.41621715e-07,fit
T8,100,tr,1.85,5,6.20117555e-07,6.27222903e-07,fit
T8,100,tr,1.9,5,7.18169748e-07,7.32884743e-07,fit
T8,100,tr,1.95,5,8.23848358e-07,8.08715081e-07,fit
T8,100,tr,2,5,9.3715847e-07,9.47120488e-07,fit
T8,100,tr,2.05,5,1.05810462e-06,1.0432631e-06,fit
T8,100,tr,2.1,5,1.1866906e-06,1.19410343e-06,fit
T8,100,tr,2.15,5,1.32291924e-06,1.33968457e-06,fit
T8,100,tr,2.2,5,1.46679213e-06,1.41927665e-06,fit
T8,100,tr,2.25,5,1.61830939e-06,1.54785971e-06,fit
T8,100,tr,2.3,5,1.77746952e-06,1.82620192e-06,fit
T8,100,tr,2.35,5,1.94426925e-06,2.01455598e-06,fit
T8,100,tr,2.4,5,2.11870347e-06,2.19676245e-06,fit
T8,100,tr,2.45,5,2.30076514e-06,2.26200424e-06,fit
T8,100,tr,2.5,5,2.49044526e-06,2.51825786e-06,fit
T8,100,tr,2.55,5,2.68773287e-06,2.62577253e-06,fit
T8,100,tr,2.6,5,2.89261498e-06,2.96564296e-06,fit
T8,100,tr,2.65,5,3.10507663e-06,3.10485899e-06,fit
T8,100,tr,2.7,5,3.32510082e-06,3.45381723e-06,fit
T8,100,tr,2.75,5,3.55266854e-06,3.61858084e-06,fit
T8,100,tr,2.8,5,3.78775875e-06,3.80538578e-06,fit
T8,100,tr,2.85,5,4.03034838e-06,4.07197728e-06,fit
T8,100,tr,2.9,5,4.28041229e-06,4.24379664e-06,fit
T8,100,tr,2.95,5,4.53792329e-06,4.43255836e-06,fit
T8,100,tr,3,5,4.80285213e-06,4.78485092e-06,fit
T8,100,tr,3.05,5,5.07516742e-06,5.05014744e-06,fit
T8,100,tr,3.1,5,5.3548357e-06,5.57753883e-06,fit
T8,100,tr,3.15,5,5.64182135e-06,5.54121071e-06,fit
T8,100,tr,3.2,5,5.93608661e-06,5.79818762e-06,fit
T8,100,tr,3.25,5,6.23759155e-06,6.16445598e-06,fit
T8,100,tr,3.3,5,6.54629404e-06,6.77552054e-06,fit
T8,100,tr,3.35,5,6.86214977e-06,6.58406365e-06,fit
T8,100,tr,3.4,5,7.18511219e-06,7.06090636e-06,fit
T8,100,tr,3.45,5,7.51513256e-06,7.20735527e-06,fit
T8,100,tr,3.5,5,7.85215988e-06,7.86838245e-06,fit
T8,100,tr,3.55,5,8.19614094e-06,8.69543175e-06,fit
T8,100,tr,3.6,5,8.54702028e-06,8.16350633e-06,fit
T8,100,tr,3.65,5,8.90474024e-06,8.97016351e-06,fit
T8,100,tr,3.7,5,9.26924091e-06,9.57068538e-06,fit
T8,100,tr,3.75,5,9.64046022e-06,9.9633824e-06,fit
T8,100,tr,3.8,5,1.00183339e-05,9.79769406e-06,fit
T8,100,tr,3.85,5,1.04027955e-05,1.01912601e-05,fit
T8,100,tr,3.9,5,1.07937765e-05,1.10879412e-05,fit
T8,100,tr,3.95,5,1.11912064e-05,1.1239562e-05,fit
T8,100,tr,4,5,1.15950123e-05,1.14256578e-05,fit
T8,100,tr,4.05,5,1.20051196e-05,1.22152698e-05,fit
T8,100,tr,4.1,5,1.24214518e-05,1.27743921e-05,fit
T8,100,tr,4.15,5,1.28439303e-05,1.24096032e-05,fit
T8,100,tr,4.2,5,1.32724747e-05,1.30911579e-05,fit
T8,100,tr,4.25,5,1.3707003e-05,1.4078826e-05,fit
T8,100,tr,4.3,5,1.41474313e-05,1.38654305e-05,fit
T8,100,tr,4.35,5,1.45936742e-05,1.4937062e-05,fit
T8,100,tr,4.4,5,1.50456447e-05,1.43935498e-05,fit
T8,100,tr,4.45,5,1.55032545e-05,1.52842002e-05,fit
T8,100,tr,4.5,5,1.59664136e-05,1.59226221e-05,fit
T8,100,tr,4.55,5,1.64350309e-05,1.68138882e-05,fit
T8,100,tr,4.6,5,1.6909014e-05,1.68662967e-05,fit
T8,100,tr,4.65,5,1.73882696e-05,1.79616936e-05,fit
T8,100,tr,4.7,5,1.78727031e-05,1.76488081e-05,fit
T8,100,tr,4.75,5,1.8362219e-05,1.93416411e-05,fit
T8,100,tr,4.8,5,1.88567212e-05,2.01249412e-05,fit
T8,100,tr,4.85,5,1.93561125e-05,1.95509639e-05,fit
T8,100,tr,4.9,5,1.98602952e-05,1.91378964e-05,fit
T8,100,tr,4.95,5,2.03691712e-05,2.0271625e-05,fit
T8,100,tr,5,5,2.08826417e-05,2.06910338e-05,fit
T8,100,tr,5.05,5,2.14006076e-05,2.13148793e-05,fit
T8,100,tr,5.1,5,2.19229695e-05,2.18844178e-05,fit
T8,100,tr,5.15,5,2.24496279e-05,2.37184834e-05,fit
T8,100,tr,5.2,5,2.29804831e-05,2.47072808e-05,fit
T8,100,tr,5.25,5,2.35154354e-05,2.37471518e-05,fit
T8,100,tr,5.3,5,2.40543852e-05,2.45702565e-05,fit
T8,100,tr,5.35,5,2.4597233e-05,2.52127033e-05,fit
T8,100,tr,5.4,5,2.51438797e-05,2.49713818e-05,fit
T8,100,tr,5.45,5,2.56942262e-05,2.52638355e-05,fit
T8,100,tr,5.5,5,2.62481742e-05,2.52867696e-05,fit
T8,100,tr,5.55,5,2.68056254e-05,2.55979063e-05,fit
T8,100,tr,5.6,5,2.73664825e-05,2.68142936e-05,fit
T8,100,tr,5.65,5,2.79306485e-05,2.81118465e-05,fit
T8,100,tr,5.7,5,2.84980272e-05,2.78691889e-05,fit
T8,100,tr,5.75,5,2.9068523e-05,2.88485885e-05,fit
T8,100,tr,5.8,5,2.96420412e-05,2.92690986e-05,fit
T8,100,tr,5.85,5,3.0218488e-05,2.96585264e-05,fit
T8,100,tr,5.9,5,3.07977704e-05,2.99296163e-05,fit
T8,100,tr,5.95,5,3.13797964e-05,3.17591037e-05,fit
T8,100,tr,6,5,3.19644748e-05,3.08966421e-05,fit
T8,100,tr,6.05,5,3.25517158e-05,3.39672167e-05,fit
T8,100,tr,6.1,5,3.31414304e-05,3.2192018e-05,fit
T8,100,tr,6.15,5,3.37335307e-05,3.37348429e-05,fit
T8,100,tr,6.2,5,3.43279302e-05,3.33315217e-05,fit
T8,100,tr,6.25,5,3.49245434e-05,3.41299661e-05,fit
T8,100,tr,6.3,5,3.55232859e-05,3.50638417e-05,fit
T8,100,tr,6.35,5,3.61240748e-05,3.6387375e-05,fit
T8,100,tr,6.4,5,3.67268282e-05,3.70780451e-05,fit
T8,100,tr,6.45,5,3.73314658e-05,3.60668333e-05,fit
T8,100,tr,6.5,5,3.79379082e-05,3.56447518e-05,fit
T8,100,tr,6.55,5,3.85460776e-05,3.91490898e-05,fit
T8,100,tr,6.6,5,3.91558974e-05,3.82984486e-05,fit
T8,100,tr,6.65,5,3.97672924e-05,3.87082617e-05,fit
T8,100,tr,6.7,5,4.03801887e-05,4.0105709e-05,fit
T8,100,tr,6.75,5,4.09945138e-05,4.08392312e-05,fit
T8,100,tr,6.8,5,4.16101964e-05,4.28891909e-05,fit
T8,100,tr,6.85,5,4.22271668e-05,4.20474065e-05,fit
T8,100,tr,6.9,5,4.28453565e-05,4.35387946e-05,fit
T8,100,tr,6.95,5,4.34646984e-05,4.4350123e-05,fit
T8,100,tr,7,5,4.40851268e-05,4.50937838e-05,fit
T8,100,tr,7.05,5,4.47065771e-05,4.40206079e-05,fit
T8,100,tr,7.1,5,4.53289865e-05,4.69742174e-05,fit
T8,100,tr,7.15,5,4.59522931e-05,4.64187312e-05,fit
T8,100,tr,7.2,5,4.65764367e-05,4.69521331e-05,fit
T8,100,tr,7.25,5,4.7201358e-05,4.84420227e-05,fit
T8,100,tr,7.3,5,4.78269995e-05,4.70837263e-05,fit
T8,100,tr,7.35,5,4.84533046e-05,4.54993515e-05,fit
T8,100,tr,7.4,5,4.90802181e-05,4.75796497e-05,fit
T8,100,tr,7.45,5,4.97076863e-05,5.12741658e-05,fit
T8,100,tr,7.5,5,5.03356564e-05,5.07935722e-05,fit
T8,100,tr,7.55,5,5.09640772e-05,5.33908143e-05,fit
T8,100,tr,7.6,5,5.15928984e-05,5.09612339e-05,fit
T8,100,tr,7.65,5,5.22220712e-05,5.22968235e-05,fit
T8,100,tr,7.7,5,5.28515479e-05,5.11606441e-05,fit
T8,100,tr,7.75,5,5.34812818e-05,5.27563013e-05,fit
T8,100,tr,7.8,5,5.41112276e-05,5.70489758e-05,fit
T8,100,tr,7.85,5,5.47413411e-05,5.51637006e-05,fit
T8,100,tr,7.9,5,5.53715792e-05,5.32570376e-05,fit
T8,100,tr,7.95,5,5.60018999e-05,5.69529897e-05,fit
T8,100,tr,8,5,5.66322624e-05,5.79213604e-05,fit
T7,100,out,2,-0,0,1.14319635e-14,fit
T7,100,out,2,0.05,1.06675508e-07,1.052604e-07,fit
T7,100,out,2,0.1,2.07329169e-07,2.09599225e-07,fit
T7,100,out,2,0.15,3.01559789e-07,3.08207397e-07,fit
T7,100,out,2,0.2,3.88977632e-07,3.96179892e-07,fit
T7,100,out,2,0.25,4.69281371e-07,4.63320367e-07,fit
T7,100,out,2,0.3,5.42305836e-07,5.29992425e-07,fit
T7,100,out,2,0.35,6.08046978e-07,5.91360082e-07,fit
T7,100,out,2,0.4,6.66666009e-07,6.87473886e-07,fit
T7,100,out,2,0.45,7.18475628e-07,7.16219241e-07,fit
T7,100,out,2,0.5,7.63912943e-07,7.5565975e-07,fit
T7,100,out,2,0.55,8.03504733e-07,8.20209327e-07,fit
T7,100,out,2,0.6,8.37830687e-07,8.76565121e-07,fit
T7,100,out,2,0.65,8.67489241e-07,9.02819349e-07,fit
T7,100,out,2,0.7,8.93069099e-07,8.957539e-07,fit
T7,100,out,2,0.75,9.15127902e-07,8.95645674e-07,fit
T7,100,out,2,0.8,9.34178108e-07,9.07212397e-07,fit
T7,100,out,2,0.85,9.50679286e-07,9.78967865e-07,fit
T7,100,out,2,0.9,9.65035494e-07,9.41620793e-07,fit
T7,100,out,2,0.95,9.77596367e-07,9.89183942e-07,fit
T7,100,out,2,1,9.88660603e-07,1.01038294e-06,fit
T7,100,out,2,1.05,9.98480822e-07,1.0403511e-06,fit
T7,100,out,2,1.1,1.00726899e-06,1.00610608e-06,fit
T7,100,out,2,1.15,1.01520192e-06,1.03704007e-06,fit
T7,100,out,2,1.2,1.02242641e-06,9.95441332e-07,fit
T7,100,out,2,1.25,1.02906401e-06,1.00593404e-06,fit
T7,100,out,2,1.3,1.03521514e-06,1.09722221e-06,fit
T7,100,out,2,1.35,1.04096265e-06,1.02866636e-06,fit
T7,100,out,2,1.4,1.04637493e-06,1.07425832e-06,fit
T7,100,out,2,1.45,1.05150839e-06,1.07242933e-06,fit
T7,100,out,2,1.5,1.05640965e-06,1.0644958e-06,fit
T7,100,out,2,1.55,1.06111723e-06,1.02545498e-06,fit
T7,100,out,2,1.6,1.06566306e-06,1.0903608e-06,fit
T7,100,out,2,1.65,1.07007364e-06,1.05101372e-06,fit
T7,100,out,2,1.7,1.07437097e-06,1.080736e-06,fit
T7,100,out,2,1.75,1.07857344e-06,1.07965247e-06,fit
T7,100,out,2,1.8,1.08269636e-06,1.06726082e-06,fit
T7,100,out,2,1.85,1.08675258e-06,1.14993853e-06,fit
T7,100,out,2,1.9,1.09075288e-06,1.07211271e-06,fit
T7,100,out,2,1.95,1.09470634e-06,1.1240672e-06,fit
T7,100,out,2,2,1.09862061e-06,1.10472853e-06,fit
T7,100,out,2,2.05,1.10250218e-06,1.06271825e-06,fit
T7,100,out,2,2.1,1.10635655e-06,1.13687627e-06,fit
T7,100,out,2,2.15,1.11018838e-06,1.18194242e-06,fit
T7,100,out,2,2.2,1.11400168e-06,1.1185785e-06,fit
T7,100,out,2,2.25,1.11779985e-06,1.13168851e-06,fit
T7,100,out,2,2.3,1.12158581e-06,1.16998328e-06,fit
T7,100,out,2,2.35,1.12536208e-06,1.16321716e-06,fit
T7,100,out,2,2.4,1.12913083e-06,1.0725595e-06,fit
T7,100,out,2,2.45,1.13289391e-06,1.12983772e-06,fit
T7,100,out,2,2.5,1.13665296e-06,1.19542752e-06,fit
T7,100,out,2,2.55,1.14040938e-06,1.10360911e-06,fit
T7,100,out,2,2.6,1.14416439e-06,1.17268871e-06,fit
T7,100,out,2,2.65,1.14791906e-06,1.11442926e-06,fit
T7,100,out,2,2.7,1.15167431e-06,1.13580212e-06,fit
T7,100,out,2,2.75,1.15543097e-06,1.13326438e-06,fit
T7,100,out,2,2.8,1.15918975e-06,1.17641295e-06,fit
T7,100,out,2,2.85,1.16295128e-06,1.18473564e-06,fit
T7,100,out,2,2.9,1.16671612e-06,1.14006065e-06,fit
T7,100,out,2,2.95,1.17048476e-06,1.1941516e-06,fit
T7,100,out,2,3,1.17425764e-06,1.17497491e-06,fit
T7,100,out,2,3.05,1.17803513e-06,1.20767684e-06,fit
T7,100,out,2,3.1,1.18181758e-06,1.12007107e-06,fit
T7,100,out,2,3.15,1.18560531e-06,1.13404504e-06,fit
T7,100,out,2,3.2,1.18939857e-06,1.14844372e-06,fit
T7,100,out,2,3.25,1.19319763e-06,1.1768619e-06,fit
T7,100,out,2,3.3,1.19700268e-06,1.18389205e-06,fit
T7,100,out,2,3.35,1.20081394e-06,1.13829297e-06,fit
T7,100,out,2,3.4,1.20463158e-06,1.21376675e-06,fit
T7,100,out,2,3.45,1.20845575e-06,1.20443299e-06,fit
T7,100,out,2,3.5,1.21228661e-06,1.26202735e-06,fit
T7,100,out,2,3.55,1.21612428e-06,1.21855756e-06,fit
T7,100,out,2,3.6,1.21996889e-06,1.27569984e-06,fit
T7,100,out,2,3.65,1.22382053e-06,1.20621684e-06,fit
T7,100,out,2,3.7,1.22767931e-06,1.18881426e-06,fit
T7,100,out,2,3.75,1.23154532e-06,1.21398732e-06,fit
T7,100,out,2,3.8,1.23541863e-06,1.26995438e-06,fit
T7,100,out,2,3.85,1.23929933e-06,1.20122281e-06,fit
T7,100,out,2,3.9,1.24318749e-06,1.23779341e-06,fit
T7,100,out,2,3.95,1.24708316e-06,1.21534681e-06,fit
T7,100,out,2,4,1.25098641e-06,1.32161651e-06,fit
T7,100,out,2,4.05,1.25489728e-06,1.28014936e-06,fit
T7,100,out,2,4.1,1.25881584e-06,1.30440157e-06,fit
T7,100,out,2,4.15,1.26274212e-06,1.19435726e-06,fit
T7,100,out,2,4.2,1.26667617e-06,1.3041889e-06,fit
T7,100,out,2,4.25,1.27061803e-06,1.29808188e-06,fit
T7,100,out,2,4.3,1.27456773e-06,1.22644062e-06,fit
T7,100,out,2,4.35,1.27852532e-06,1.30663993e-06,fit
T7,100,out,2,4.4,1.28249083e-06,1.27922535e-06,fit
T7,100,out,2,4.45,1.28646428e-06,1.24847507e-06,fit
T7,100,out,2,4.5,1.29044571e-06,1.26872973e-06,fit
T7,100,out,2,4.55,1.29443514e-06,1.29779318e-06,fit
T7,100,out,2,4.6,1.2984326e-06,1.31261781e-06,fit
T7,100,out,2,4.65,1.30243811e-06,1.26155787e-06,fit
T7,100,out,2,4.7,1.3064517e-06,1.39342702e-06,fit
T7,100,out,2,4.75,1.31047339e-06,1.29434045e-06,fit
T7,100,out,2,4.8,1.3145032e-06,1.26679614e-06,fit
T7,100,out,2,4.85,1.31854116e-06,1.33585187e-06,fit
T7,100,out,2,4.9,1.32258727e-06,1.36886653e-06,fit
T7,100,out,2,4.95,1.32664157e-06,1.32459509e-06,fit
T7,100,out,2,5,1.33070406e-06,1.34488256e-06,fit
T7,100,out,2,5.05,1.33477477e-06,1.36190913e-06,fit
T7,100,out,2,5.1,1.33885371e-06,1.30406715e-06,fit
T7,100,out,2,5.15,1.3429409e-06,1.32251396e-06,fit
T7,100,out,2,5.2,1.34703636e-06,1.31907326e-06,fit
T7,100,out,2,5.25,1.35114009e-06,1.30978313e-06,fit
T7,100,out,2,5.3,1.35525211e-06,1.25545162e-06,fit
T7,100,out,2,5.35,1.35937245e-06,1.29125458e-06,fit
T7,100,out,2,5.4,1.3635011e-06,1.38020184e-06,fit
T7,100,out,2,5.45,1.36763809e-06,1.30389084e-06,fit
T7,100,out,2,5.5,1.37178343e-06,1.41493658e-06,fit
T7,100,out,2,5.55,1.37593713e-06,1.35408527e-06,fit
T7,100,out,2,5.6,1.3800992e-06,1.41740867e-06,fit
T7,100,out,2,5.65,1.38426966e-06,1.39204564e-06,fit
T7,100,out,2,5.7,1.38844852e-06,1.37007393e-06,fit
T7,100,out,2,5.75,1.39263579e-06,1.48806861e-06,fit
T7,100,out,2,5.8,1.39683148e-06,1.43957971e-06,fit
T7,100,out,2,5.85,1.40103561e-06,1.38467926e-06,fit
T7,100,out,2,5.9,1.40524818e-06,1.48652294e-06,fit
T7,100,out,2,5.95,1.40946921e-06,1.42437679e-06,fit
T7,100,out,2,6,1.4136987e-06,1.38791088e-06,fit
T7,100,out,3,-0,0,4.66969351e-15,fit
T7,100,out,3,0.05,2.47311013e-07,2.46293641e-07,fit
T7,100,out,3,0.1,4.88629879e-07,4.94588767e-07,fit
T7,100,out,3,0.15,7.23777496e-07,7.43721954e-07,fit
T7,100,out,3,0.2,9.52545356e-07,9.22770373e-07,fit
T7,100,out,3,0.25,1.17471371e-06,1.18142455e-06,fit
T7,100,out,3,0.3,1.39006386e-06,1.39775553e-06,fit
T7,100,out,3,0.35,1.59838774e-06,1.59546573e-06,fit
T7,100,out,3,0.4,1.79949573e-06,1.79272106e-06,fit
T7,100,out,3,0.45,1.99322314e-06,2.08022232e-06,fit
T7,100,out,3,0.5,2.17943547e-06,2.21705458e-06,fit
T7,100,out,3,0.55,2.35803243e-06,2.26423413e-06,fit
T7,100,out,3,0.6,2.52895094e-06,2.53450272e-06,fit
T7,100,out,3,0.65,2.69216695e-06,2.67425178e-06,fit
T7,100,out,3,0.7,2.84769619e-06,2.84018193e-06,fit
T7,100,out,3,0.75,2.99559393e-06,2.94571339e-06,fit
T7,100,out,3,0.8,3.13595377e-06,3.07060498e-06,fit
T7,100,out,3,0.85,3.26890567e-06,3.203546e-06,fit
T7,100,out,3,0.9,3.39461323e-06,3.510891e-06,fit
T7,100,out,3,0.95,3.51327038e-06,3.69331027e-06,fit
T7,100,out,3,1,3.62509774e-06,3.58716861e-06,fit
T7,100,out,3,1.05,3.73033862e-06,3.53719318e-06,fit
T7,100,out,3,1.1,3.82925492e-06,3.80312885e-06,fit
T7,100,out,3,1.15,3.92212301e-06,3.93303605e-06,fit
T7,100,out,3,1.2,4.00922974e-06,3.99309996e-06,fit
T7,100,out,3,1.25,4.09086862e-06,4.11978638e-06,fit
T7,100,out,3,1.3,4.16733626e-06,4.11092867e-06,fit
T7,100,out,3,1.35,4.2389292e-06,4.38548426e-06,fit
T7,100,out,3,1.4,4.30594103e-06,4.11291469e-06,fit
T7,100,out,3,1.45,4.36865993e-06,4.55831668e-06,fit
T7,100,out,3,1.5,4.42736663e-06,4.41641915e-06,fit
T7,100,out,3,1.55,4.48233266e-06,4.45270297e-06,fit
T7,100,out,3,1.6,4.53381901e-06,4.54723866e-06,fit
T7,100,out,3,1.65,4.58207515e-06,4.56048891e-06,fit
T7,100,out,3,1.7,4.62733833e-06,4.58659237e-06,fit
T7,100,out,3,1.75,4.66983306e-06,4.67199796e-06,fit
T7,100,out,3,1.8,4.70977099e-06,4.76464605e-06,fit
T7,100,out,3,1.85,4.74735085e-06,4.56727337e-06,fit
T7,100,out,3,1.9,4.7827586e-06,4.87360563e-06,fit
T7,100,out,3,1.95,4.81616773e-06,4.84274592e-06,fit
T7,100,out,3,2,4.84773964e-06,4.6644226e-06,fit
T7,100,out,3,2.05,4.87762412e-06,4.75511797e-06,fit
T7,100,out,3,2.1,4.90595985e-06,4.98807019e-06,fit
T7,100,out,3,2.15,4.93287501e-06,5.16929413e-06,fit
T7,100,out,3,2.2,4.95848784e-06,4.94559028e-06,fit
T7,100,out,3,2.25,4.98290725e-06,4.74578812e-06,fit
T7,100,out,3,2.3,5.00623341e-06,4.95621013e-06,fit
T7,100,out,3,2.35,5.02855837e-06,5.03727079e-06,fit
T7,100,out,3,2.4,5.04996659e-06,5.03215482e-06,fit
T7,100,out,3,2.45,5.07053553e-06,5.05334875e-06,fit
T7,100,out,3,2.5,5.09033618e-06,5.1612826e-06,fit
T7,100,out,3,2.55,5.10943353e-06,5.11301392e-06,fit
T7,100,out,3,2.6,5.12788707e-06,4.91151552e-06,fit
T7,100,out,3,2.65,5.14575122e-06,4.92396191e-06,fit
T7,100,out,3,2.7,5.16307577e-06,5.28338322e-06,fit
T7,100,out,3,2.75,5.17990624e-06,5.14682609e-06,fit
T7,100,out,3,2.8,5.19628424e-06,5.15221765e-06,fit
T7,100,out,3,2.85,5.21224784e-06,5.24927938e-06,fit
T7,100,out,3,2.9,5.22783181e-06,5.3074243e-06,fit
T7,100,out,3,2.95,5.24306796e-06,5.07268756e-06,fit
T7,100,out,3,3,5.25798538e-06,5.05458979e-06,fit
T7,100,out,3,3.05,5.27261067e-06,5.59302956e-06,fit
T7,100,out,3,3.1,5.28696815e-06,5.15856957e-06,fit
T7,100,out,3,3.15,5.30108009e-06,5.22183721e-06,fit
T7,100,out,3,3.2,5.31496687e-06,5.25145429e-06,fit
T7,100,out,3,3.25,5.32864715e-06,5.13833551e-06,fit
T7,100,out,3,3.3,5.34213801e-06,5.44783549e-06,fit
T7,100,out,3,3.35,5.35545511e-06,5.22487604e-06,fit
T7,100,out,3,3.4,5.3686128e-06,5.43982043e-06,fit
T7,100,out,3,3.45,5.38162425e-06,5.39812841e-06,fit
T7,100,out,3,3.5,5.39450152e-06,5.59898779e-06,fit
T7,100,out,3,3.55,5.40725571e-06,5.7009335e-06,fit
T7,100,out,3,3.6,5.419897e-06,5.42823087e-06,fit
T7,100,out,3,3.65,5.43243473e-06,5.66566049e-06,fit
T7,100,out,3,3.7,5.4448775e-06,5.48954262e-06,fit
T7,100,out,3,3.75,5.45723322e-06,5.33145276e-06,fit
T7,100,out,3,3.8,5.46950917e-06,5.52167352e-06,fit
T7,100,out,3,3.85,5.48171206e-06,5.59101839e-06,fit
T7,100,out,3,3.9,5.49384805e-06,5.56817971e-06,fit
T7,100,out,3,3.95,5.50592284e-06,5.56123103e-06,fit
T7,100,out,3,4,5.51794167e-06,5.43738286e-06,fit
T7,100,out,3,4.05,5.5299094e-06,5.76635002e-06,fit
T7,100,out,3,4.1,5.54183049e-06,5.76937967e-06,fit
T7,100,out,3,4.15,5.55370908e-06,5.65816771e-06,fit
T7,100,out,3,4.2,5.56554899e-06,5.26208692e-06,fit
T7,100,out,3,4.25,5.57735375e-06,5.53278175e-06,fit
T7,100,out,3,4.3,5.58912665e-06,5.47461229e-06,fit
T7,100,out,3,4.35,5.60087069e-06,5.58736202e-06,fit
T7,100,out,3,4.4,5.6125887e-06,5.86373568e-06,fit
T7,100,out,3,4.45,5.62428328e-06,5.4620775e-06,fit
T7,100,out,3,4.5,5.63595683e-06,5.92594862e-06,fit
T7,100,out,3,4.55,5.64761161e-06,5.77367516e-06,fit
T7,100,out,3,4.6,5.6592497e-06,5.52202925e-06,fit
T7,100,out,3,4.65,5.67087302e-06,5.75286218e-06,fit
T7,100,out,3,4.7,5.68248338e-06,5.77124635e-06,fit
T7,100,out,3,4.75,5.69408246e-06,5.70267808e-06,fit
T7,100,out,3,4.8,5.7056718e-06,5.86998677e-06,fit
T7,100,out,3,4.85,5.71725287e-06,5.86410973e-06,fit
T7,100,out,3,4.9,5.72882701e-06,5.40408247e-06,fit
T7,100,out,3,4.95,5.74039548e-06,5.96047712e-06,fit
T7,100,out,3,5,5.75195947e-06,6.07737545e-06,fit
T7,100,out,3,5.05,5.76352007e-06,5.46640475e-06,fit
T7,100,out,3,5.1,5.77507831e-06,5.66677375e-06,fit
T7,100,out,3,5.15,5.78663514e-06,5.65402723e-06,fit
T7,100,out,3,5.2,5.79819146e-06,5.97891523e-06,fit
T7,100,out,3,5.25,5.80974812e-06,5.86016903e-06,fit
T7,100,out,3,5.3,5.82130589e-06,6.05751913e-06,fit
T7,100,out,3,5.35,5.83286552e-06,5.65961155e-06,fit
T7,100,out,3,5.4,5.84442769e-06,5.51685807e-06,fit
T7,100,out,3,5.45,5.85599304e-06,6.0587084e-06,fit
T7,100,out,3,5.5,5.86756219e-06,6.04437774e-06,fit
T7,100,out,3,5.55,5.8791357e-06,5.83853497e-06,fit
T7,100,out,3,5.6,5.89071411e-06,5.68118283e-06,fit
T7,100,out,3,5.65,5.90229792e-06,5.66395005e-06,fit
T7,100,out,3,5.7,5.9138876e-06,5.85392491e-06,fit
T7,100,out,3,5.75,5.9254836e-06,5.79418341e-06,fit
T7,100,out,3,5.8,5.93708633e-06,5.46590788e-06,fit
T7,100,out,3,5.85,5.94869619e-06,5.82783141e-06,fit
T7,100,out,3,5.9,5.96031354e-06,5.73875967e-06,fit
T7,100,out,3,5.95,5.97193874e-06,5.77158556e-06,fit
T7,100,out,3,6,5.98357212e-06,6.08664494e-06,fit
T7,100,out,4,-0,0,1.63148125e-15,fit
T7,100,out,4,0.05,3.87951199e-07,3.95244026e-07,fit
T7,100,out,4,0.1,7.70102132e-07,7.69446382e-07,fit
T7,100,out,4,0.15,1.14634287e-06,1.11535444e-06,fit
T7,100,out,4,0.2,1.51654244e-06,1.41925623e-06,fit
T7,100,out,4,0.25,1.88055717e-06,1.89847527e-06,fit
T7,100,out,4,0.3,2.23823601e-06,2.1662686e-06,fit
T7,100,out,4,0.35,2.58942457e-06,2.51074761e-06,fit
T7,100,out,4,0.4,2.93396847e-06,2.91412391e-06,fit
T7,100,out,4,0.45,3.27171619e-06,3.25228458e-06,fit
T7,100,out,4,0.5,3.60252152e-06,3.71159332e-06,fit
T7,100,out,4,0.55,3.92624584e-06,4.19404068e-06,fit
T7,100,out,4,0.6,4.24276003e-06,4.10053361e-06,fit
T7,100,out,4,0.65,4.55194619e-06,4.49065208e-06,fit
T7,100,out,4,0.7,4.85369921e-06,5.01189385e-06,fit
T7,100,out,4,0.75,5.14792798e-06,5.19644715e-06,fit
T7,100,out,4,0.8,5.43455655e-06,5.43345614e-06,fit
T7,100,out,4,0.85,5.71352494e-06,5.69739728e-06,fit
T7,100,out,4,0.9,5.98478987e-06,6.16151082e-06,fit
T7,100,out,4,0.95,6.24832517e-06,6.07259151e-06,fit
T7,100,out,4,1,6.5041221e-06,6.21505594e-06,fit
T7,100,out,4,1.05,6.75218935e-06,6.74582479e-06,fit
T7,100,out,4,1.1,6.99255302e-06,6.98555044e-06,fit
T7,100,out,4,1.15,7.22525626e-06,6.79311552e-06,fit
T7,100,out,4,1.2,7.45035886e-06,7.58879315e-06,fit
T7,100,out,4,1.25,7.66793666e-06,7.69933453e-06,fit
T7,100,out,4,1.3,7.87808079e-06,8.06995138e-06,fit
T7,100,out,4,1.35,8.08089688e-06,8.35365164e-06,fit
T7,100,out,4,1.4,8.27650407e-06,8.29524725e-06,fit
T7,100,out,4,1.45,8.46503405e-06,8.50191224e-06,fit
T7,100,out,4,1.5,8.6466299e-06,8.60746292e-06,fit
T7,100,out,4,1.55,8.82144501e-06,9.3422226e-06,fit
T7,100,out,4,1.6,8.98964191e-06,9.00648128e-06,fit
T7,100,out,4,1.65,9.15139109e-06,8.82411482e-06,fit
T7,100,out,4,1.7,9.30686986e-06,9.18978221e-06,fit
T7,100,out,4,1.75,9.45626112e-06,9.20930666e-06,fit
T7,100,out,4,1.8,9.59975233e-06,9.79360481e-06,fit
T7,100,out,4,1.85,9.73753434e-06,1.00419655e-05,fit
T7,100,out,4,1.9,9.86980039e-06,9.76661381e-06,fit
T7,100,out,4,1.95,9.99674512e-06,9.79888505e-06,fit
T7,100,out,4,2,1.01185636e-05,1.00782972e-05,fit
T7,100,out,4,2.05,1.02354506e-05,9.88397383e-06,fit
T7,100,out,4,2.1,1.03475997e-05,1.02092884e-05,fit
T7,100,out,4,2.15,1.04552024e-05,1.06779051e-05,fit
T7,100,out,4,2.2,1.05584479e-05,1.06327686e-05,fit
T7,100,out,4,2.25,1.06575221e-05,1.0464779e-05,fit
T7,100,out,4,2.3,1.07526075e-05,1.11433321e-05,fit
T7,100,out,4,2.35,1.08438822e-05,1.02729624e-05,fit
T7,100,out,4,2.4,1.09315201e-05,1.08867996e-05,fit
T7,100,out,4,2.45,1.10156904e-05,1.09785149e-05,fit
T7,100,out,4,2.5,1.10965571e-05,1.15890411e-05,fit
T7,100,out,4,2.55,1.11742791e-05,1.08071079e-05,fit
T7,100,out,4,2.6,1.12490099e-05,1.07964296e-05,fit
T7,100,out,4,2.65,1.13208977e-05,1.13883278e-05,fit
T7,100,out,4,2.7,1.13900851e-05,1.1593736e-05,fit
T7,100,out,4,2.75,1.14567089e-05,1.10651112e-05,fit
T7,100,out,4,2.8,1.15209009e-05,1.19324376e-05,fit
T7,100,out,4,2.85,1.15827869e-05,1.11015672e-05,fit
T7,100,out,4,2.9,1.16424876e-05,1.13732049e-05,fit
T7,100,out,4,2.95,1.17001182e-05,1.1794009e-05,fit
T7,100,out,4,3,1.17557887e-05,1.12604552e-05,fit
T7,100,out,4,3.05,1.1809604e-05,1.23720292e-05,fit
T7,100,out,4,3.1,1.1861664e-05,1.15353358e-05,fit
T7,100,out,4,3.15,1.19120639e-05,1.17408641e-05,fit
T7,100,out,4,3.2,1.1960894e-05,1.27076218e-05,fit
T7,100,out,4,3.25,1.20082402e-05,1.21444838e-05,fit
T7,100,out,4,3.3,1.20541841e-05,1.16318806e-05,fit
T7,100,out,4,3.35,1.20988029e-05,1.28117268e-05,fit
T7,100,out,4,3.4,1.21421701e-05,1.2309858e-05,fit
T7,100,out,4,3.45,1.2184355e-05,1.18819118e-05,fit
T7,100,out,4,3.5,1.22254235e-05,1.17918923e-05,fit
T7,100,out,4,3.55,1.22654378e-05,1.14600992e-05,fit
T7,100,out,4,3.6,1.23044568e-05,1.1992362e-05,fit
T7,100,out,4,3.65,1.23425362e-05,1.26881093e-05,fit
T7,100,out,4,3.7,1.23797286e-05,1.1797362e-05,fit
T7,100,out,4,3.75,1.24160839e-05,1.29242764e-05,fit
T7,100,out,4,3.8,1.24516489e-05,1.28086981e-05,fit
T7,100,out,4,3.85,1.24864682e-05,1.16757134e-05,fit
T7,100,out,4,3.9,1.25205835e-05,1.26532845e-05,fit
T7,100,out,4,3.95,1.25540346e-05,1.2732847e-05,fit
T7,100,out,4,4,1.25868586e-05,1.27557626e-05,fit
T7,100,out,4,4.05,1.26190909e-05,1.20966543e-05,fit
T7,100,out,4,4.1,1.26507648e-05,1.25342362e-05,fit
T7,100,out,4,4.15,1.26819115e-05,1.27097036e-05,fit
T7,100,out,4,4.2,1.27125608e-05,1.25694494e-05,fit
T7,100,out,4,4.25,1.27427405e-05,1.26416708e-05,fit
T7,100,out,4,4.3,1.27724771e-05,1.27046947e-05,fit
T7,100,out,4,4.35,1.28017953e-05,1.31760812e-05,fit
T7,100,out,4,4.4,1.28307187e-05,1.30357997e-05,fit
T7,100,out,4,4.45,1.28592693e-05,1.35981624e-05,fit
T7,100,out,4,4.5,1.2887468e-05,1.24148e-05,fit
T7,100,out,4,4.55,1.29153346e-05,1.25848357e-05,fit
T7,100,out,4,4.6,1.29428876e-05,1.28259685e-05,fit
T7,100,out,4,4.65,1.29701446e-05,1.28475575e-05,fit
T7,100,out,4,4.7,1.2997122e-05,1.36647556e-05,fit
T7,100,out,4,4.75,1.30238356e-05,1.37304244e-05,fit
T7,100,out,4,4.8,1.30503001e-05,1.30527905e-05,fit
T7,100,out,4,4.85,1.30765293e-05,1.36679017e-05,fit
T7,100,out,4,4.9,1.31025365e-05,1.26809201e-05,fit
T7,100,out,4,4.95,1.31283341e-05,1.36312412e-05,fit
T7,100,out,4,5,1.31539338e-05,1.24736621e-05,fit
T7,100,out,4,5.05,1.31793466e-05,1.27320919e-05,fit
T7,100,out,4,5.1,1.3204583e-05,1.28901414e-05,fit
T7,100,out,4,5.15,1.3229653e-05,1.26615346e-05,fit
T7,100,out,4,5.2,1.32545658e-05,1.29642825e-05,fit
T7,100,out,4,5.25,1.32793304e-05,1.26425724e-05,fit
T7,100,out,4,5.3,1.3303955e-05,1.37321274e-05,fit
T7,100,out,4,5.35,1.33284475e-05,1.29923608e-05,fit
T7,100,out,4,5.4,1.33528155e-05,1.38810781e-05,fit
T7,100,out,4,5.45,1.33770659e-05,1.32154157e-05,fit
T7,100,out,4,5.5,1.34012056e-05,1.38543633e-05,fit
T7,100,out,4,5.55,1.34252407e-05,1.32824584e-05,fit
T7,100,out,4,5.6,1.34491774e-05,1.28395056e-05,fit
T7,100,out,4,5.65,1.34730213e-05,1.37176952e-05,fit
T7,100,out,4,5.7,1.34967778e-05,1.32802207e-05,fit
T7,100,out,4,5.75,1.35204519e-05,1.29698908e-05,fit
T7,100,out,4,5.8,1.35440485e-05,1.37335929e-05,fit
T7,100,out,4,5.85,1.35675722e-05,1.36993649e-05,fit
T7,100,out,4,5.9,1.35910273e-05,1.3764813e-05,fit
T7,100,out,4,5.95,1.36144179e-05,1.35689974e-05,fit
T7,100,out,4,6,1.36377479e-05,1.33065837e-05,fit
T7,100,out,6,-0,0,2.52095723e-15,fit
T7,100,out,6,0.05,6.56501626e-07,6.54042352e-07,fit
T7,100,out,6,0.1,1.30778158e-06,1.31713883e-06,fit
T7,100,out,6,0.15,1.95377825e-06,2.02079735e-06,fit
T7,100,out,6,0.2,2.59441881e-06,2.72226406e-06,fit
T7,100,out,6,0.25,3.22962242e-06,3.13015385e-06,fit
T7,100,out,6,0.3,3.8593023e-06,3.58638378e-06,fit
T7,100,out,6,0.35,4.48336712e-06,4.51966231e-06,fit
T7,100,out,6,0.4,5.10172215e-06,5.1088516e-06,fit
T7,100,out,6,0.45,5.71427024e-06,5.75459233e-06,fit
T7,100,out,6,0.5,6.32091261e-06,6.18299059e-06,fit
T7,100,out,6,0.55,6.92154961e-06,6.94961983e-06,fit
T7,100,out,6,0.6,7.51608141e-06,7.39359086e-06,fit
T7,100,out,6,0.65,8.10440854e-06,8.15693148e-06,fit
T7,100,out,6,0.7,8.68643251e-06,8.27081275e-06,fit
T7,100,out,6,0.75,9.26205632e-06,9.27873778e-06,fit
T7,100,out,6,0.8,9.83118494e-06,9.75314846e-06,fit
T7,100,out,6,0.85,1.03937258e-05,1.12230275e-05,fit
T7,100,out,6,0.9,1.0949589e-05,1.11805656e-05,fit
T7,100,out,6,0.95,1.14986882e-05,1.17485417e-05,fit
T7,100,out,6,1,1.20409405e-05,1.23671954e-05,fit
T7,100,out,6,1.05,1.25762669e-05,1.32329355e-05,fit
T7,100,out,6,1.1,1.31045928e-05,1.35059029e-05,fit
T7,100,out,6,1.15,1.36258481e-05,1.39845309e-05,fit
T7,100,out,6,1.2,1.41399676e-05,1.39307525e-05,fit
T7,100,out,6,1.25,1.46468913e-05,1.41025975e-05,fit
T7,100,out,6,1.3,1.51465642e-05,1.63452729e-05,fit
T7,100,out,6,1.35,1.56389372e-05,1.50456693e-05,fit
T7,100,out,6,1.4,1.61239664e-05,1.57973968e-05,fit
T7,100,out,6,1.45,1.66016141e-05,1.73183245e-05,fit
T7,100,out,6,1.5,1.70718483e-05,1.74533411e-05,fit
T7,100,out,6,1.55,1.75346432e-05,1.78980986e-05,fit
T7,100,out,6,1.6,1.7989979e-05,1.7680401e-05,fit
T7,100,out,6,1.65,1.8437842e-05,1.9030159e-05,fit
T7,100,out,6,1.7,1.88782247e-05,1.83950866e-05,fit
T7,100,out,6,1.75,1.93111258e-05,1.93099108e-05,fit
T7,100,out,6,1.8,1.97365501e-05,1.97644116e-05,fit
T7,100,out,6,1.85,2.01545084e-05,2.02270935e-05,fit
T7,100,out,6,1.9,2.05650178e-05,1.97658197e-05,fit
T7,100,out,6,1.95,2.09681011e-05,2.09144589e-05,fit
T7,100,out,6,2,2.1363787e-05,2.1813256e-05,fit
T7,100,out,6,2.05,2.175211e-05,2.23366317e-05,fit
T7,100,out,6,2.1,2.21331101e-05,2.14608624e-05,fit
T7,100,out,6,2.15,2.25068329e-05,2.20967297e-05,fit
T7,100,out,6,2.2,2.28733291e-05,2.12189908e-05,fit
T7,100,out,6,2.25,2.32326545e-05,2.28206231e-05,fit
T7,100,out,6,2.3,2.358487e-05,2.40257111e-05,fit
T7,100,out,6,2.35,2.39300411e-05,2.31967523e-05,fit
T7,100,out,6,2.4,2.42682375e-05,2.47037184e-05,fit
T7,100,out,6,2.45,2.45995337e-05,2.40355669e-05,fit
T7,100,out,6,2.5,2.4924008e-05,2.64963631e-05,fit
T7,100,out,6,2.55,2.52417423e-05,2.48548974e-05,fit
T7,100,out,6,2.6,2.55528225e-05,2.53434661e-05,fit
T7,100,out,6,2.65,2.58573375e-05,2.69545533e-05,fit
T7,100,out,6,2.7,2.61553795e-05,2.5658117e-05,fit
T7,100,out,6,2.75,2.64470436e-05,2.52668228e-05,fit
T7,100,out,6,2.8,2.67324274e-05,2.76652867e-05,fit
T7,100,out,6,2.85,2.70116308e-05,2.84836304e-05,fit
T7,100,out,6,2.9,2.72847562e-05,2.69119719e-05,fit
T7,100,out,6,2.95,2.75519075e-05,2.68542421e-05,fit
T7,100,out,6,3,2.78131907e-05,2.7619891e-05,fit
T7,100,out,6,3.05,2.80687128e-05,2.70121984e-05,fit
T7,100,out,6,3.1,2.83185824e-05,2.76875692e-05,fit
T7,100,out,6,3.15,2.85629089e-05,2.7591843e-05,fit
T7,100,out,6,3.2,2.88018028e-05,2.77515678e-05,fit
T7,100,out,6,3.25,2.90353749e-05,2.84900183e-05,fit
T7,100,out,6,3.3,2.92637366e-05,3.0568185e-05,fit
T7,100,out,6,3.35,2.94869994e-05,2.92912637e-05,fit
T7,100,out,6,3.4,2.9705275e-05,2.93744191e-05,fit
T7,100,out,6,3.45,2.99186749e-05,3.04783113e-05,fit
T7,100,out,6,3.5,3.01273103e-05,3.02254399e-05,fit
T7,100,out,6,3.55,3.03312921e-05,3.19416803e-05,fit
T7,100,out,6,3.6,3.05307305e-05,3.16915457e-05,fit
T7,100,out,6,3.65,3.0725735e-05,2.98878052e-05,fit
T7,100,out,6,3.7,3.09164142e-05,3.09836588e-05,fit
T7,100,out,6,3.75,3.1102876e-05,3.04488323e-05,fit
T7,100,out,6,3.8,3.1285227e-05,3.12688472e-05,fit
T7,100,out,6,3.85,3.14635725e-05,3.07882724e-05,fit
T7,100,out,6,3.9,3.16380169e-05,3.17024187e-05,fit
T7,100,out,6,3.95,3.18086631e-05,3.29882809e-05,fit
T7,100,out,6,4,3.19756123e-05,3.18153468e-05,fit
T7,100,out,6,4.05,3.21389646e-05,3.0662305e-05,fit
T7,100,out,6,4.1,3.22988183e-05,3.22761535e-05,fit
T7,100,out,6,4.15,3.24552702e-05,3.21896e-05,fit
T7,100,out,6,4.2,3.26084153e-05,3.44735062e-05,fit
T7,100,out,6,4.25,3.27583469e-05,3.15950273e-05,fit
T7,100,out,6,4.3,3.29051567e-05,3.37859587e-05,fit
T7,100,out,6,4.35,3.30489344e-05,3.19560095e-05,fit
T7,100,out,6,4.4,3.31897681e-05,3.40713929e-05,fit
T7,100,out,6,4.45,3.33277439e-05,3.35638359e-05,fit
T7,100,out,6,4.5,3.34629462e-05,3.30328841e-05,fit
T7,100,out,6,4.55,3.35954574e-05,3.22024638e-05,fit
T7,100,out,6,4.6,3.3725358e-05,3.56734677e-05,fit
T7,100,out,6,4.65,3.3852727e-05,3.29413091e-05,fit
T7,100,out,6,4.7,3.3977641e-05,3.36559673e-05,fit
T7,100,out,6,4.75,3.41001751e-05,3.408314e-05,fit
T7,100,out,6,4.8,3.42204026e-05,3.53381227e-05,fit
T7,100,out,6,4.85,3.43383946e-05,3.33293583e-05,fit
T7,100,out,6,4.9,3.44542207e-05,3.41495811e-05,fit
T7,100,out,6,4.95,3.45679485e-05,3.55955317e-05,fit
T7,100,out,6,5,3.46796441e-05,3.62560898e-05,fit
T7,100,out,6,5.05,3.47893714e-05,3.5655634e-05,fit
T7,100,out,6,5.1,3.4897193e-05,3.51889448e-05,fit
T7,100,out,6,5.15,3.50031694e-05,3.32135794e-05,fit
T7,100,out,6,5.2,3.51073595e-05,3.37922754e-05,fit
T7,100,out,6,5.25,3.52098208e-05,3.63258865e-05,fit
T7,100,out,6,5.3,3.53106089e-05,3.59209683e-05,fit
T7,100,out,6,5.35,3.54097779e-05,3.52281913e-05,fit
T7,100,out,6,5.4,3.55073801e-05,3.72491474e-05,fit
T7,100,out,6,5.45,3.56034667e-05,3.63453193e-05,fit
T7,100,out,6,5.5,3.56980869e-05,3.51630514e-05,fit
T7,100,out,6,5.55,3.57912887e-05,3.64029399e-05,fit
T7,100,out,6,5.6,3.58831187e-05,3.68375312e-05,fit
T7,100,out,6,5.65,3.59736219e-05,3.54225103e-05,fit
T7,100,out,6,5.7,3.6062842e-05,3.67258995e-05,fit
T7,100,out,6,5.75,3.61508213e-05,3.5769742e-05,fit
T7,100,out,6,5.8,3.62376009e-05,3.62648688e-05,fit
T7,100,out,6,5.85,3.63232206e-05,3.55098061e-05,fit
T7,100,out,6,5.9,3.64077188e-05,3.63981274e-05,fit
T7,100,out,6,5.95,3.64911329e-05,3.73385805e-05,fit
T7,100,out,6,6,3.65734988e-05,3.73199666e-05,fit
T8,100,out,2,-0,0,3.78296534e-15,fit
T8,100,out,2,0.05,8.51040135e-08,8.72781933e-08,fit
T8,100,out,2,0.1,1.64386778e-07,1.60472679e-07,fit
T8,100,out,2,0.15,2.373982e-07,2.34186298e-07,fit
T8,100,out,2,0.2,3.03744059e-07,3.04235209e-07,fit
T8,100,out,2,0.25,3.63185455e-07,3.80263547e-07,fit
T8,100,out,2,0.3,4.15690684e-07,4.32065158e-07,fit
T8,100,out,2,0.35,4.61447198e-07,4.84827591e-07,fit
T8,100,out,2,0.4,5.0083985e-07,4.83543497e-07,fit
T8,100,out,2,0.45,5.34405529e-07,5.15299985e-07,fit
T8,100,out,2,0.5,5.62776656e-07,5.4840079e-07,fit
T8,100,out,2,0.55,5.86625173e-07,5.59024117e-07,fit
T8,100,out,2,0.6,6.06615313e-07,6.070659e-07,fit
T8,100,out,2,0.65,6.23369295e-07,6.49224609e-07,fit
T8,100,out,2,0.7,6.37446343e-07,6.30884918e-07,fit
T8,100,out,2,0.75,6.49333152e-07,6.3742666e-07,fit
T8,100,out,2,0.8,6.59442815e-07,6.79005943e-07,fit
T8,100,out,2,0.85,6.68119242e-07,6.39436132e-07,fit
T8,100,out,2,0.9,6.7564456e-07,6.62826936e-07,fit
T8,100,out,2,0.95,6.82247689e-07,6.76283872e-07,fit
T8,100,out,2,1,6.88112912e-07,6.83330946e-07,fit
T8,100,out,2,1.05,6.93387776e-07,6.62257901e-07,fit
T8,100,out,2,1.1,6.98190012e-07,6.94193341e-07,fit
T8,100,out,2,1.15,7.0261339e-07,7.02372712e-07,fit
T8,100,out,2,1.2,7.06732559e-07,7.14354048e-07,fit
T8,100,out,2,1.25,7.10606979e-07,7.26537723e-07,fit
T8,100,out,2,1.3,7.14284072e-07,6.85661855e-07,fit
T8,100,out,2,1.35,7.1780174e-07,7.26277046e-07,fit
T8,100,out,2,1.4,7.21190345e-07,7.18231244e-07,fit
T8,100,out,2,1.45,7.24474284e-07,7.47055624e-07,fit
T8,100,out,2,1.5,7.27673221e-07,7.39275513e-07,fit
T8,100,out,2,1.55,7.30803058e-07,7.2612764e-07,fit
T8,100,out,2,1.6,7.33876702e-07,7.30565338e-07,fit
T8,100,out,2,1.65,7.36904663e-07,7.28617514e-07,fit
T8,100,out,2,1.7,7.39895536e-07,7.57764867e-07,fit
T8,100,out,2,1.75,7.42856371e-07,7.29682778e-07,fit
T8,100,out,2,1.8,7.45792974e-07,6.91891667e-07,fit
T8,100,out,2,1.85,7.48710147e-07,7.58424493e-07,fit
T8,100,out,2,1.9,7.51611871e-07,7.72598802e-07,fit
T8,100,out,2,1.95,7.5450146e-07,7.12086202e-07,fit
T8,100,out,2,2,7.57381686e-07,7.31111194e-07,fit
T8,100,out,2,2.05,7.60254871e-07,7.64983092e-07,fit
T8,100,out,2,2.1,7.6312297e-07,7.61494758e-07,fit
T8,100,out,2,2.15,7.65987633e-07,7.48778124e-07,fit
T8,100,out,2,2.2,7.68850257e-07,7.58122601e-07,fit
T8,100,out,2,2.25,7.71712029e-07,7.84377944e-07,fit
T8,100,out,2,2.3,7.74573964e-07,8.01333181e-07,fit
T8,100,out,2,2.35,7.77436925e-07,7.94652649e-07,fit
T8,100,out,2,2.4,7.80301656e-07,7.86184819e-07,fit
T8,100,out,2,2.45,7.83168796e-07,7.75004666e-07,fit
T8,100,out,2,2.5,7.86038897e-07,7.92612647e-07,fit
T8,100,out,2,2.55,7.88912436e-07,7.90074453e-07,fit
T8,100,out,2,2.6,7.91789827e-07,7.83208299e-07,fit
T8,100,out,2,2.65,7.9467143e-07,8.17149668e-07,fit
T8,100,out,2,2.7,7.97557562e-07,7.99521011e-07,fit
T8,100,out,2,2.75,8.00448496e-07,8.02094964e-07,fit
T8,100,out,2,2.8,8.03344476e-07,8.18050726e-07,fit
T8,100,out,2,2.85,8.06245713e-07,8.1087453e-07,fit
T8,100,out,2,2.9,8.09152397e-07,8.14010654e-07,fit
T8,100,out,2,2.95,8.12064693e-07,8.05073263e-07,fit
T8,100,out,2,3,8.14982749e-07,8.59953135e-07,fit
T8,100,out,2,3.05,8.17906696e-07,7.99135648e-07,fit
T8,100,out,2,3.1,8.20836652e-07,7.97495198e-07,fit
T8,100,out,2,3.15,8.2377272e-07,8.02764808e-07,fit
T8,100,out,2,3.2,8.26714997e-07,8.544613e-07,fit
T8,100,out,2,3.25,8.29663565e-07,8.44014192e-07,fit
T8,100,out,2,3.3,8.32618501e-07,8.30092574e-07,fit
T8,100,out,2,3.35,8.35579875e-07,8.76249282e-07,fit
T8,100,out,2,3.4,8.38547749e-07,8.21251943e-07,fit
T8,100,out,2,3.45,8.4152218e-07,8.3595718e-07,fit
T8,100,out,2,3.5,8.44503219e-07,8.29295125e-07,fit
T8,100,out,2,3.55,8.47490916e-07,8.36833663e-07,fit
T8,100,out,2,3.6,8.50485312e-07,8.41856376e-07,fit
T8,100,out,2,3.65,8.53486449e-07,8.42697625e-07,fit
T8,100,out,2,3.7,8.56494363e-07,9.29293131e-07,fit
T8,100,out,2,3.75,8.59509089e-07,8.45640676e-07,fit
T8,100,out,2,3.8,8.62530659e-07,8.70458153e-07,fit
T8,100,out,2,3.85,8.65559101e-07,8.71300886e-07,fit
T8,100,out,2,3.9,8.68594445e-07,8.79262535e-07,fit
T8,100,out,2,3.95,8.71636715e-07,8.45456386e-07,fit
T8,100,out,2,4,8.74685936e-07,8.63453346e-07,fit
T8,100,out,2,4.05,8.77742131e-07,8.71312746e-07,fit
T8,100,out,2,4.1,8.80805322e-07,9.00611492e-07,fit
T8,100,out,2,4.15,8.83875528e-07,8.76008495e-07,fit
T8,100,out,2,4.2,8.8695277e-07,8.61549687e-07,fit
T8,100,out,2,4.25,8.90037065e-07,8.80103492e-07,fit
T8,100,out,2,4.3,8.93128432e-07,9.219197e-07,fit
T8,100,out,2,4.35,8.96226888e-07,9.06689798e-07,fit
T8,100,out,2,4.4,8.99332447e-07,9.27650172e-07,fit
T8,100,out,2,4.45,9.02445127e-07,9.06540699e-07,fit
T8,100,out,2,4.5,9.05564942e-07,8.59367695e-07,fit
T8,100,out,2,4.55,9.08691905e-07,9.33050051e-07,fit
T8,100,out,2,4.6,9.11826032e-07,9.1532563e-07,fit
T8,100,out,2,4.65,9.14967336e-07,8.89598318e-07,fit
T8,100,out,2,4.7,9.1811583e-07,8.95152463e-07,fit
T8,100,out,2,4.75,9.21271526e-07,9.23193752e-07,fit
T8,100,out,2,4.8,9.24434437e-07,9.00349998e-07,fit
T8,100,out,2,4.85,9.27604575e-07,9.45865375e-07,fit
T8,100,out,2,4.9,9.30781952e-07,9.60580011e-07,fit
T8,100,out,2,4.95,9.3396658e-07,8.91618226e-07,fit
T8,100,out,2,5,9.3715847e-07,9.417496e-07,fit
T8,100,out,2,5.05,9.40357633e-07,9.5798008e-07,fit
T8,100,out,2,5.1,9.43564079e-07,9.35325643e-07,fit
T8,100,out,2,5.15,9.46777821e-07,9.57759519e-07,fit
T8,100,out,2,5.2,9.49998867e-07,9.29502245e-07,fit
T8,100,out,2,5.25,9.5322723e-07,9.65021979e-07,fit
T8,100,out,2,5.3,9.56462919e-07,9.14044933e-07,fit
T8,100,out,2,5.35,9.59705943e-07,9.44499165e-07,fit
T8,100,out,2,5.4,9.62956315e-07,9.83413789e-07,fit
T8,100,out,2,5.45,9.66214042e-07,1.03349959e-06,fit
T8,100,out,2,5.5,9.69479136e-07,9.55833193e-07,fit
T8,100,out,2,5.55,9.72751605e-07,9.75543471e-07,fit
T8,100,out,2,5.6,9.7603146e-07,1.00529889e-06,fit
T8,100,out,2,5.65,9.7931871e-07,9.8034149e-07,fit
T8,100,out,2,5.7,9.82613364e-07,1.01076344e-06,fit
T8,100,out,2,5.75,9.85915432e-07,1.00876979e-06,fit
T8,100,out,2,5.8,9.89224924e-07,9.51325953e-07,fit
T8,100,out,2,5.85,9.92541848e-07,9.92294321e-07,fit
T8,100,out,2,5.9,9.95866215e-07,1.03422959e-06,fit
T8,100,out,2,5.95,9.99198032e-07,1.02037795e-06,fit
T8,100,out,2,6,1.00253731e-06,1.05647094e-06,fit
T8,100,out,3,-0,0,9.91847276e-15,fit
T8,100,out,3,0.05,2.20623263e-07,2.24191207e-07,fit
T8,100,out,3,0.1,4.35427222e-07,4.36166013e-07,fit
T8,100,out,3,0.15,6.44222732e-07,6.39093019e-07,fit
T8,100,out,3,0.2,8.46791317e-07,8.41561715e-07,fit
T8,100,out,3,0.25,1.04290548e-06,1.03117448e-06,fit
T8,100,out,3,0.3,1.23234255e-06,1.22569359e-06,fit
T8,100,out,3,0.35,1.41489545e-06,1.41381893e-06,fit
T8,100,out,3,0.4,1.59038146e-06,1.59724975e-06,fit
T8,100,out,3,0.45,1.75864921e-06,1.83131797e-06,fit
T8,100,out,3,0.5,1.91958422e-06,1.96142159e-06,fit
T8,100,out,3,0.55,2.07311285e-06,2.13482514e-06,fit
T8,100,out,3,0.6,2.21920489e-06,2.06292008e-06,fit
T8,100,out,3,0.65,2.35787464e-06,2.33291695e-06,fit
T8,100,out,3,0.7,2.48918069e-06,2.41084236e-06,fit
T8,100,out,3,0.75,2.61322455e-06,2.48954404e-06,fit
T8,100,out,3,0.8,2.73014808e-06,2.64582707e-06,fit
T8,100,out,3,0.85,2.84013015e-06,2.86138866e-06,fit
T8,100,out,3,0.9,2.94338249e-06,2.79136549e-06,fit
T8,100,out,3,0.95,3.04014516e-06,2.89639964e-06,fit
T8,100,out,3,1,3.13068159e-06,3.15327769e-06,fit
T8,100,out,3,1.05,3.21527369e-06,3.28118997e-06,fit
T8,100,out,3,1.1,3.29421682e-06,3.26477578e-06,fit
T8,100,out,3,1.15,3.36781516e-06,3.40471546e-06,fit
T8,100,out,3,1.2,3.43637731e-06,3.47154504e-06,fit
T8,100,out,3,1.25,3.50021229e-06,3.59510342e-06,fit
T8,100,out,3,1.3,3.55962605e-06,3.45750726e-06,fit
T8,100,out,3,1.35,3.61491848e-06,3.46856808e-06,fit
T8,100,out,3,1.4,3.66638091e-06,3.87564234e-06,fit
T8,100,out,3,1.45,3.71429407e-06,3.69021064e-06,fit
T8,100,out,3,1.5,3.75892657e-06,3.86244987e-06,fit
T8,100,out,3,1.55,3.80053377e-06,3.69564396e-06,fit
T8,100,out,3,1.6,3.83935704e-06,3.76616171e-06,fit
T8,100,out,3,1.65,3.87562334e-06,3.75326561e-06,fit
T8,100,out,3,1.7,3.90954511e-06,4.04810936e-06,fit
T8,100,out,3,1.75,3.94132036e-06,3.69715161e-06,fit
T8,100,out,3,1.8,3.97113297e-06,3.79546971e-06,fit
T8,100,out,3,1.85,3.99915313e-06,3.87652011e-06,fit
T8,100,out,3,1.9,4.02553789e-06,4.12009173e-06,fit
T8,100,out,3,1.95,4.05043183e-06,3.87983838e-06,fit
T8,100,out,3,2,4.07396769e-06,3.92409882e-06,fit
T8,100,out,3,2.05,4.09626714e-06,3.98182971e-06,fit
T8,100,out,3,2.1,4.11744147e-06,4.1196819e-06,fit
T8,100,out,3,2.15,4.13759234e-06,3.95987864e-06,fit
T8,100,out,3,2.2,4.15681249e-06,4.01514069e-06,fit
T8,100,out,3,2.25,4.17518642e-06,3.99506866e-06,fit
T8,100,out,3,2.3,4.19279103e-06,4.05204724e-06,fit
T8,100,out,3,2.35,4.2096963e-06,4.37048903e-06,fit
T8,100,out,3,2.4,4.22596581e-06,4.21427326e-06,fit
T8,100,out,3,2.45,4.24165736e-06,4.16229517e-06,fit
T8,100,out,3,2.5,4.25682342e-06,4.24413628e-06,fit
T8,100,out,3,2.55,4.27151162e-06,4.04540571e-06,fit
T8,100,out,3,2.6,4.28576522e-06,4.01491511e-06,fit
T8,100,out,3,2.65,4.29962349e-06,4.26911823e-06,fit
T8,100,out,3,2.7,4.31312205e-06,4.23490693e-06,fit
T8,100,out,3,2.75,4.32629327e-06,4.18738099e-06,fit
T8,100,out,3,2.8,4.33916651e-06,4.06034006e-06,fit
T8,100,out,3,2.85,4.35176846e-06,4.27165119e-06,fit
T8,100,out,3,2.9,4.36412334e-06,4.42508631e-06,fit
T8,100,out,3,2.95,4.37625318e-06,4.22649061e-06,fit
T8,100,out,3,3,4.388178e-06,4.51413811e-06,fit
T8,100,out,3,3.05,4.39991599e-06,4.44035256e-06,fit
T8,100,out,3,3.1,4.41148371e-06,4.26081639e-06,fit
T8,100,out,3,3.15,4.42289625e-06,4.49468232e-06,fit
T8,100,out,3,3.2,4.43416732e-06,4.48728291e-06,fit
T8,100,out,3,3.25,4.44530945e-06,4.40356482e-06,fit
T8,100,out,3,3.3,4.45633402e-06,4.46166818e-06,fit
T8,100,out,3,3.35,4.46725145e-06,4.30285801e-06,fit
T8,100,out,3,3.4,4.47807124e-06,4.51596302e-06,fit
T8,100,out,3,3.45,4.48880204e-06,4.75282973e-06,fit
T8,100,out,3,3.5,4.4994518e-06,4.43815028e-06,fit
T8,100,out,3,3.55,4.51002774e-06,4.37723043e-06,fit
T8,100,out,3,3.6,4.52053652e-06,4.33136843e-06,fit
T8,100,out,3,3.65,4.5309842e-06,4.68480033e-06,fit
T8,100,out,3,3.7,4.54137634e-06,4.59163569e-06,fit
T8,100,out,3,3.75,4.55171805e-06,4.51422002e-06,fit
T8,100,out,3,3.8,4.562014e-06,4.57276785e-06,fit
T8,100,out,3,3.85,4.57226849e-06,4.40622302e-06,fit
T8,100,out,3,3.9,4.58248548e-06,4.47363543e-06,fit
T8,100,out,3,3.95,4.59266858e-06,4.5341921e-06,fit
T8,100,out,3,4,4.60282114e-06,4.60719605e-06,fit
T8,100,out,3,4.05,4.61294623e-06,4.69955197e-06,fit
T8,100,out,3,4.1,4.62304668e-06,4.68424594e-06,fit
T8,100,out,3,4.15,4.6331251e-06,4.39094594e-06,fit
T8,100,out,3,4.2,4.64318391e-06,4.75267126e-06,fit
T8,100,out,3,4.25,4.65322531e-06,4.71895526e-06,fit
T8,100,out,3,4.3,4.66325137e-06,4.58149763e-06,fit
T8,100,out,3,4.35,4.67326398e-06,4.65344398e-06,fit
T8,100,out,3,4.4,4.6832649e-06,4.74010068e-06,fit
T8,100,out,3,4.45,4.69325575e-06,4.90069892e-06,fit
T8,100,out,3,4.5,4.70323803e-06,4.78277781e-06,fit
T8,100,out,3,4.55,4.71321314e-06,4.82714952e-06,fit
T8,100,out,3,4.6,4.72318237e-06,4.81851554e-06,fit
T8,100,out,3,4.65,4.73314692e-06,4.7895037e-06,fit
T8,100,out,3,4.7,4.74310791e-06,4.64665809e-06,fit
T8,100,out,3,4.75,4.75306636e-06,4.83102569e-06,fit
T8,100,out,3,4.8,4.76302325e-06,4.65378979e-06,fit
T8,100,out,3,4.85,4.77297947e-06,4.83821333e-06,fit
T8,100,out,3,4.9,4.78293584e-06,4.91832775e-06,fit
T8,100,out,3,4.95,4.79289315e-06,5.04004474e-06,fit
T8,100,out,3,5,4.80285213e-06,4.85590092e-06,fit
T8,100,out,3,5.05,4.81281343e-06,4.74848636e-06,fit
T8,100,out,3,5.1,4.8227777e-06,4.8740043e-06,fit
T8,100,out,3,5.15,4.83274553e-06,4.92658224e-06,fit
T8,100,out,3,5.2,4.84271745e-06,4.9756781e-06,fit
T8,100,out,3,5.25,4.852694e-06,4.87513517e-06,fit
T8,100,out,3,5.3,4.86267563e-06,4.87625381e-06,fit
T8,100,out,3,5.35,4.87266282e-06,4.85863599e-06,fit
T8,100,out,3,5.4,4.88265597e-06,4.84527334e-06,fit
T8,100,out,3,5.45,4.89265548e-06,4.70684148e-06,fit
T8,100,out,3,5.5,4.90266173e-06,5.11120184e-06,fit
T8,100,out,3,5.55,4.91267506e-06,5.0561582e-06,fit
T8,100,out,3,5.6,4.92269579e-06,4.73700963e-06,fit
T8,100,out,3,5.65,4.93272424e-06,4.92483713e-06,fit
T8,100,out,3,5.7,4.94276069e-06,4.81124568e-06,fit
T8,100,out,3,5.75,4.95280541e-06,5.05133421e-06,fit
T8,100,out,3,5.8,4.96285865e-06,4.84257297e-06,fit
T8,100,out,3,5.85,4.97292066e-06,4.88722543e-06,fit
T8,100,out,3,5.9,4.98299167e-06,4.91702687e-06,fit
T8,100,out,3,5.95,4.99307188e-06,5.02181474e-06,fit
T8,100,out,3,6,5.00316149e-06,4.86220485e-06,fit
T8,100,out,4,-0,0,2.34260164e-15,fit
T8,100,out,4,0.05,3.571519e-07,3.60336969e-07,fit
T8,100,out,4,0.1,7.08654585e-07,7.52279955e-07,fit
T8,100,out,4,0.15,1.05439546e-06,1.03957322e-06,fit
T8,100,out,4,0.2,1.39424056e-06,1.39730883e-06,fit
T8,100,out,4,0.25,1.7280433e-06,1.71993389e-06,fit
T8,100,out,4,0.3,2.05565022e-06,1.97983512e-06,fit
T8,100,out,4,0.35,2.37690523e-06,2.33268232e-06,fit
T8,100,out,4,0.4,2.69165325e-06,2.74895121e-06,fit
T8,100,out,4,0.45,2.99974324e-06,3.07451349e-06,fit
T8,100,out,4,0.5,3.30103082e-06,3.12151005e-06,fit
T8,100,out,4,0.55,3.5953807e-06,3.64355272e-06,fit
T8,100,out,4,0.6,3.88266868e-06,3.98845558e-06,fit
T8,100,out,4,0.65,4.1627835e-06,4.33124692e-06,fit
T8,100,out,4,0.7,4.43562834e-06,4.73305716e-06,fit
T8,100,out,4,0.75,4.70112215e-06,4.93712976e-06,fit
T8,100,out,4,0.8,4.9592007e-06,5.20645832e-06,fit
T8,100,out,4,0.85,5.20981736e-06,4.95363663e-06,fit
T8,100,out,4,0.9,5.45294372e-06,5.33915251e-06,fit
T8,100,out,4,0.95,5.68856984e-06,5.7105785e-06,fit
T8,100,out,4,1,5.91670443e-06,5.81466967e-06,fit
T8,100,out,4,1.05,6.13737471e-06,6.24987527e-06,fit
T8,100,out,4,1.1,6.35062608e-06,6.19263269e-06,fit
T8,100,out,4,1.15,6.55652161e-06,6.26748449e-06,fit
T8,100,out,4,1.2,6.75514139e-06,6.62505979e-06,fit
T8,100,out,4,1.25,6.94658166e-06,6.65923318e-06,fit
T8,100,out,4,1.3,7.13095387e-06,6.69069593e-06,fit
T8,100,out,4,1.35,7.3083836e-06,7.35379259e-06,fit
T8,100,out,4,1.4,7.47900936e-06,7.35467424e-06,fit
T8,100,out,4,1.45,7.64298143e-06,7.49304116e-06,fit
T8,100,out,4,1.5,7.80046047e-06,7.54945953e-06,fit
T8,100,out,4,1.55,7.95161633e-06,8.10629073e-06,fit
T8,100,out,4,1.6,8.09662663e-06,8.07882864e-06,fit
T8,100,out,4,1.65,8.23567552e-06,8.13557098e-06,fit
T8,100,out,4,1.7,8.36895241e-06,8.14939233e-06,fit
T8,100,out,4,1.75,8.49665067e-06,8.56282675e-06,fit
T8,100,out,4,1.8,8.61896652e-06,8.65430021e-06,fit
T8,100,out,4,1.85,8.73609785e-06,9.01030347e-06,fit
T8,100,out,4,1.9,8.8482432e-06,8.59600298e-06,fit
T8,100,out,4,1.95,8.95560081e-06,9.16975412e-06,fit
T8,100,out,4,2,9.05836767e-06,8.99642445e-06,fit
T8,100,out,4,2.05,9.15673876e-06,9.17967719e-06,fit
T8,100,out,4,2.1,9.2509063e-06,9.11464545e-06,fit
T8,100,out,4,2.15,9.34105913e-06,9.71338842e-06,fit
T8,100,out,4,2.2,9.42738212e-06,9.55951417e-06,fit
T8,100,out,4,2.25,9.51005573e-06,9.24059997e-06,fit
T8,100,out,4,2.3,9.58925558e-06,9.52588596e-06,fit
T8,100,out,4,2.35,9.66515212e-06,9.56215936e-06,fit
T8,100,out,4,2.4,9.73791038e-06,9.03517508e-06,fit
T8,100,out,4,2.45,9.80768977e-06,9.89095839e-06,fit
T8,100,out,4,2.5,9.8746439e-06,9.95129774e-06,fit
T8,100,out,4,2.55,9.93892054e-06,9.79466083e-06,fit
T8,100,out,4,2.6,1.00006615e-05,1.03174207e-05,fit
T8,100,out,4,2.65,1.00600028e-05,1.02322522e-05,fit
T8,100,out,4,2.7,1.01170743e-05,1.00075113e-05,fit
T8,100,out,4,2.75,1.01720003e-05,1.01117396e-05,fit
T8,100,out,4,2.8,1.02248994e-05,1.06761111e-05,fit
T8,100,out,4,2.85,1.02758842e-05,9.91352134e-06,fit
T8,100,out,4,2.9,1.03250623e-05,1.09690758e-05,fit
T8,100,out,4,2.95,1.03725356e-05,1.04305873e-05,fit
T8,100,out,4,3,1.0418401e-05,1.08566738e-05,fit
T8,100,out,4,3.05,1.04627503e-05,1.00978984e-05,fit
T8,100,out,4,3.1,1.05056706e-05,1.03928998e-05,fit
T8,100,out,4,3.15,1.05472443e-05,1.03729049e-05,fit
T8,100,out,4,3.2,1.05875493e-05,1.02603564e-05,fit
T8,100,out,4,3.25,1.06266593e-05,1.1361901e-05,fit
T8,100,out,4,3.3,1.06646438e-05,1.08591435e-05,fit
T8,100,out,4,3.35,1.07015687e-05,1.0735987e-05,fit
T8,100,out,4,3.4,1.0737496e-05,1.07900256e-05,fit
T8,100,out,4,3.45,1.0772484e-05,1.13706703e-05,fit
T8,100,out,4,3.5,1.08065881e-05,1.13945142e-05,fit
T8,100,out,4,3.55,1.08398601e-05,1.10639033e-05,fit
T8,100,out,4,3.6,1.08723489e-05,1.1115746e-05,fit
T8,100,out,4,3.65,1.09041009e-05,1.05996579e-05,fit
T8,100,out,4,3.7,1.09351592e-05,1.11257559e-05,fit
T8,100,out,4,3.75,1.09655649e-05,1.12706507e-05,fit
T8,100,out,4,3.8,1.09953563e-05,1.09600464e-05,fit
T8,100,out,4,3.85,1.10245697e-05,1.0344969e-05,fit
T8,100,out,4,3.9,1.10532391e-05,1.07059299e-05,fit
T8,100,out,4,3.95,1.10813966e-05,1.09681449e-05,fit
T8,100,out,4,4,1.11090723e-05,1.11667113e-05,fit
T8,100,out,4,4.05,1.11362946e-05,1.079052e-05,fit
T8,100,out,4,4.1,1.11630901e-05,1.14017925e-05,fit
T8,100,out,4,4.15,1.11894839e-05,1.07674294e-05,fit
T8,100,out,4,4.2,1.12154996e-05,1.19711098e-05,fit
T8,100,out,4,4.25,1.12411594e-05,1.14252578e-05,fit
T8,100,out,4,4.3,1.12664842e-05,1.16353775e-05,fit
T8,100,out,4,4.35,1.12914936e-05,1.11930303e-05,fit
T8,100,out,4,4.4,1.1316206e-05,1.13600384e-05,fit
T8,100,out,4,4.45,1.13406389e-05,1.08008751e-05,fit
T8,100,out,4,4.5,1.13648087e-05,1.10332117e-05,fit
T8,100,out,4,4.55,1.13887307e-05,1.13886991e-05,fit
T8,100,out,4,4.6,1.14124194e-05,1.13020675e-05,fit
T8,100,out,4,4.65,1.14358885e-05,1.13312999e-05,fit
T8,100,out,4,4.7,1.14591507e-05,1.15369394e-05,fit
T8,100,out,4,4.75,1.14822183e-05,1.16882825e-05,fit
T8,100,out,4,4.8,1.15051026e-05,1.10869991e-05,fit
T8,100,out,4,4.85,1.15278143e-05,1.18098511e-05,fit
T8,100,out,4,4.9,1.15503636e-05,1.20634046e-05,fit
T8,100,out,4,4.95,1.15727599e-05,1.11202732e-05,fit
T8,100,out,4,5,1.15950123e-05,1.0948422e-05,fit
T8,100,out,4,5.05,1.16171292e-05,1.17968623e-05,fit
T8,100,out,4,5.1,1.16391186e-05,1.13107543e-05,fit
T8,100,out,4,5.15,1.16609881e-05,1.17310999e-05,fit
T8,100,out,4,5.2,1.16827447e-05,1.16776112e-05,fit
T8,100,out,4,5.25,1.17043952e-05,1.16353547e-05,fit
T8,100,out,4,5.3,1.17259459e-05,1.17066982e-05,fit
T8,100,out,4,5.35,1.17474028e-05,1.20939622e-05,fit
T8,100,out,4,5.4,1.17687715e-05,1.16474276e-05,fit
T8,100,out,4,5.45,1.17900574e-05,1.21511283e-05,fit
T8,100,out,4,5.5,1.18112654e-05,1.17052531e-05,fit
T8,100,out,4,5.55,1.18324004e-05,1.16065316e-05,fit
T8,100,out,4,5.6,1.18534669e-05,1.2523703e-05,fit
T8,100,out,4,5.65,1.18744691e-05,1.17513509e-05,fit
T8,100,out,4,5.7,1.1895411e-05,1.18985345e-05,fit
T8,100,out,4,5.75,1.19162965e-05,1.18139107e-05,fit
T8,100,out,4,5.8,1.19371291e-05,1.17114272e-05,fit
T8,100,out,4,5.85,1.19579123e-05,1.17312639e-05,fit
T8,100,out,4,5.9,1.19786493e-05,1.22368934e-05,fit
T8,100,out,4,5.95,1.19993432e-05,1.19760679e-05,fit
T8,100,out,4,6,1.20199968e-05,1.26395459e-05,fit
T8,100,out,6,-0,0,4.71473432e-15,fit
T8,100,out,6,0.05,6.18585082e-07,6.18020368e-07,fit
T8,100,out,6,0.1,1.23207041e-06,1.19349065e-06,fit
T8,100,out,6,0.15,1.84039451e-06,1.79848094e-06,fit
T8,100,out,6,0.2,2.44348458e-06,2.43898782e-06,fit
T8,100,out,6,0.25,3.04125985e-06,3.03887336e-06,fit
T8,100,out,6,0.3,3.63363363e-06,3.60288201e-06,fit
T8,100,out,6,0.35,4.22051472e-06,4.15148422e-06,fit
T8,100,out,6,0.4,4.80180867e-06,4.99025696e-06,fit
T8,100,out,6,0.45,5.37741868e-06,5.2805315e-06,fit
T8,100,out,6,0.5,5.94724651e-06,5.75278299e-06,fit
T8,100,out,6,0.55,6.51119322e-06,6.65150756e-06,fit
T8,100,out,6,0.6,7.06915982e-06,7.20927441e-06,fit
T8,100,out,6,0.65,7.62104797e-06,7.40329012e-06,fit
T8,100,out,6,0.7,8.16676049e-06,8.22839913e-06,fit
T8,100,out,6,0.75,8.70620192e-06,8.91568165e-06,fit
T8,100,out,6,0.8,9.23927904e-06,8.85615494e-06,fit
T8,100,out,6,0.85,9.76590133e-06,9.57383709e-06,fit
T8,100,out,6,0.9,1.02859814e-05,1.01005262e-05,fit
T8,100,out,6,0.95,1.07994353e-05,1.08411831e-05,fit
T8,100,out,6,1,1.13061832e-05,1.1192247e-05,fit
T8,100,out,6,1.05,1.18061493e-05,1.19599513e-05,fit
T8,100,out,6,1.1,1.22992624e-05,1.21398798e-05,fit
T8,100,out,6,1.15,1.27854565e-05,1.21494104e-05,fit
T8,100,out,6,1.2,1.32646703e-05,1.31335867e-05,fit
T8,100,out,6,1.25,1.37368481e-05,1.3492208e-05,fit
T8,100,out,6,1.3,1.42019398e-05,1.4875256e-05,fit
T8,100,out,6,1.35,1.4659901e-05,1.52900199e-05,fit
T8,100,out,6,1.4,1.51106933e-05,1.55772196e-05,fit
T8,100,out,6,1.45,1.55542842e-05,1.49539788e-05,fit
T8,100,out,6,1.5,1.59906477e-05,1.59805541e-05,fit
T8,100,out,6,1.55,1.64197636e-05,1.63430881e-05,fit
T8,100,out,6,1.6,1.68416184e-05,1.70498371e-05,fit
T8,100,out,6,1.65,1.72562046e-05,1.74065185e-05,fit
T8,100,out,6,1.7,1.76635213e-05,1.73403212e-05,fit
T8,100,out,6,1.75,1.80635737e-05,1.83670123e-05,fit
T8,100,out,6,1.8,1.84563733e-05,1.82989803e-05,fit
T8,100,out,6,1.85,1.88419378e-05,1.92945435e-05,fit
T8,100,out,6,1.9,1.9220291e-05,1.93598177e-05,fit
T8,100,out,6,1.95,1.95914626e-05,1.99062115e-05,fit
T8,100,out,6,2,1.99554884e-05,2.17696132e-05,fit
T8,100,out,6,2.05,2.03124096e-05,2.03426876e-05,fit
T8,100,out,6,2.1,2.06622731e-05,2.13578912e-05,fit
T8,100,out,6,2.15,2.10051312e-05,2.03970135e-05,fit
T8,100,out,6,2.2,2.13410414e-05,2.23141332e-05,fit
T8,100,out,6,2.25,2.1670066e-05,2.16108346e-05,fit
T8,100,out,6,2.3,2.19922722e-05,2.10960193e-05,fit
T8,100,out,6,2.35,2.23077317e-05,2.34210698e-05,fit
T8,100,out,6,2.4,2.26165205e-05,2.20640234e-05,fit
T8,100,out,6,2.45,2.29187187e-05,2.39800752e-05,fit
T8,100,out,6,2.5,2.32144101e-05,2.30707457e-05,fit
T8,100,out,6,2.55,2.35036821e-05,2.26139019e-05,fit
T8,100,out,6,2.6,2.37866256e-05,2.3599806e-05,fit
T8,100,out,6,2.65,2.40633342e-05,2.54658653e-05,fit
T8,100,out,6,2.7,2.43339046e-05,2.47881532e-05,fit
T8,100,out,6,2.75,2.45984359e-05,2.47008729e-05,fit
T8,100,out,6,2.8,2.48570296e-05,2.51700088e-05,fit
T8,100,out,6,2.85,2.51097892e-05,2.55944739e-05,fit
T8,100,out,6,2.9,2.53568199e-05,2.59321515e-05,fit
T8,100,out,6,2.95,2.55982286e-05,2.65124717e-05,fit
T8,100,out,6,3,2.58341235e-05,2.62903446e-05,fit
T8,100,out,6,3.05,2.6064614e-05,2.69517362e-05,fit
T8,100,out,6,3.1,2.628981e-05,2.54310091e-05,fit
T8,100,out,6,3.15,2.65098225e-05,2.56774894e-05,fit
T8,100,out,6,3.2,2.67247628e-05,2.6636039e-05,fit
T8,100,out,6,3.25,2.69347423e-05,2.63612668e-05,fit
T8,100,out,6,3.3,2.71398727e-05,2.7207942e-05,fit
T8,100,out,6,3.35,2.73402655e-05,2.78492007e-05,fit
T8,100,out,6,3.4,2.75360318e-05,2.74462913e-05,fit
T8,100,out,6,3.45,2.77272825e-05,2.78488864e-05,fit
T8,100,out,6,3.5,2.79141278e-05,2.85416674e-05,fit
T8,100,out,6,3.55,2.80966769e-05,2.81842074e-05,fit
T8,100,out,6,3.6,2.82750385e-05,2.82071523e-05,fit
T8,100,out,6,3.65,2.84493202e-05,2.88867678e-05,fit
T8,100,out,6,3.7,2.86196283e-05,2.76201201e-05,fit
T8,100,out,6,3.75,2.8786068e-05,2.96981845e-05,fit
T8,100,out,6,3.8,2.89487432e-05,2.7790372e-05,fit
T8,100,out,6,3.85,2.91077564e-05,2.91114556e-05,fit
T8,100,out,6,3.9,2.92632085e-05,2.89796207e-05,fit
T8,100,out,6,3.95,2.9415199e-05,2.86552227e-05,fit
T8,100,out,6,4,2.95638256e-05,2.95108019e-05,fit
T8,100,out,6,4.05,2.97091843e-05,3.05087119e-05,fit
T8,100,out,6,4.1,2.98513696e-05,3.01744957e-05,fit
T8,100,out,6,4.15,2.9990474e-05,3.02809961e-05,fit
T8,100,out,6,4.2,3.01265881e-05,2.99679725e-05,fit
T8,100,out,6,4.25,3.0259801e-05,3.19183473e-05,fit
T8,100,out,6,4.3,3.03901997e-05,3.03538171e-05,fit
T8,100,out,6,4.35,3.05178691e-05,3.07608274e-05,fit
T8,100,out,6,4.4,3.06428927e-05,3.08089877e-05,fit
T8,100,out,6,4.45,3.07653516e-05,3.22514267e-05,fit
T8,100,out,6,4.5,3.08853252e-05,3.21226848e-05,fit
T8,100,out,6,4.55,3.10028911e-05,3.10160696e-05,fit
T8,100,out,6,4.6,3.11181247e-05,3.23741811e-05,fit
T8,100,out,6,4.65,3.12310997e-05,3.2390937e-05,fit
T8,100,out,6,4.7,3.13418878e-05,3.10085056e-05,fit
T8,100,out,6,4.75,3.14505589e-05,3.20545776e-05,fit
T8,100,out,6,4.8,3.15571809e-05,3.08613368e-05,fit
T8,100,out,6,4.85,3.16618201e-05,3.13617011e-05,fit
T8,100,out,6,4.9,3.17645408e-05,2.99139752e-05,fit
T8,100,out,6,4.95,3.18654054e-05,3.08225102e-05,fit
T8,100,out,6,5,3.19644748e-05,3.18652589e-05,fit
T8,100,out,6,5.05,3.2061808e-05,3.31072331e-05,fit
T8,100,out,6,5.1,3.21574622e-05,3.37874622e-05,fit
T8,100,out,6,5.15,3.22514931e-05,3.17468716e-05,fit
T8,100,out,6,5.2,3.23439546e-05,3.36888755e-05,fit
T8,100,out,6,5.25,3.24348991e-05,3.32016762e-05,fit
T8,100,out,6,5.3,3.25243773e-05,3.04564559e-05,fit
T8,100,out,6,5.35,3.26124384e-05,3.34123289e-05,fit
T8,100,out,6,5.4,3.26991301e-05,3.15455085e-05,fit
T8,100,out,6,5.45,3.27844987e-05,3.16550312e-05,fit
T8,100,out,6,5.5,3.28685888e-05,3.34451424e-05,fit
T8,100,out,6,5.55,3.29514437e-05,3.22528411e-05,fit
T8,100,out,6,5.6,3.30331055e-05,3.21249564e-05,fit
T8,100,out,6,5.65,3.31136148e-05,3.64872704e-05,fit
T8,100,out,6,5.7,3.31930108e-05,3.27077083e-05,fit
T8,100,out,6,5.75,3.32713316e-05,3.18578883e-05,fit
T8,100,out,6,5.8,3.33486141e-05,3.36149907e-05,fit
T8,100,out,6,5.85,3.34248936e-05,3.34150336e-05,fit
T8,100,out,6,5.9,3.35002048e-05,3.41716257e-05,fit
T8,100,out,6,5.95,3.35745808e-05,3.56339994e-05,fit
T8,100,out,6,6,3.36480539e-05,3.13693979e-05,fit
T7,300,tr,-2,0.1,2.02e-14,3.00316076e-14,fit
T7,300,tr,-1.95,0.1,2.02e-14,2.63001148e-14,fit
T7,300,tr,-1.9,0.1,2.02e-14,2.41021965e-14,fit
T7,300,tr,-1.85,0.1,2.02e-14,2.28456365e-14,fit
T7,300,tr,-1.8,0.1,2.02e-14,1.35551811e-14,fit
T7,300,tr,-1.75,0.1,2.02e-14,1.59857454e-14,fit
T7,300,tr,-1.7,0.1,2.02e-14,2.87895779e-14,fit
T7,300,tr,-1.65,0.1,2.02e-14,2.29263774e-14,fit
T7,300,tr,-1.6,0.1,2.02e-14,1.9162214e-14,fit
T7,300,tr,-1.55,0.1,2.02e-14,1.43749923e-14,fit
T7,300,tr,-1.5,0.1,2.02e-14,2.45476531e-14,fit
T7,300,tr,-1.45,0.1,2.02e-14,2.17727121e-14,fit
T7,300,tr,-1.4,0.1,2.02e-14,2.01157411e-14,fit
T7,300,tr,-1.35,0.1,2.02e-14,1.80081513e-14,fit
T7,300,tr,-1.3,0.1,2.02e-14,1.87290273e-14,fit
T7,300,tr,-1.25,0.1,2.02e-14,2.2469163e-14,fit
T7,300,tr,-1.2,0.1,2.02e-14,2.27872169e-14,fit
T7,300,tr,-1.15,0.1,2.02e-14,2.41015304e-14,fit
T7,300,tr,-1.1,0.1,2.02e-14,1.28824375e-14,fit
T7,300,tr,-1.05,0.1,2.02e-14,1.94555491e-14,fit
T7,300,tr,-1,0.1,2.02e-14,1.09598316e-14,fit
T7,300,tr,-0.95,0.1,2.02e-14,2.57429703e-14,fit
T7,300,tr,-0.9,0.1,2.02e-14,2.00283051e-14,fit
T7,300,tr,-0.85,0.1,2.02e-14,2.51646092e-14,fit
T7,300,tr,-0.8,0.1,2.02e-14,2.11664794e-14,fit
T7,300,tr,-0.75,0.1,2.02e-14,2.28845002e-14,fit
T7,300,tr,-0.7,0.1,2.02000001e-14,2.66882106e-14,fit
T7,300,tr,-0.65,0.1,2.02000003e-14,2.58468194e-14,fit
T7,300,tr,-0.6,0.1,2.02000006e-14,1.72476251e-14,fit
T7,300,tr,-0.55,0.1,2.02000016e-14,2.30433197e-14,fit
T7,300,tr,-0.5,0.1,2.02000038e-14,2.46614219e-14,fit
T7,300,tr,-0.45,0.1,2.02000092e-14,2.09663715e-14,fit
T7,300,tr,-0.4,0.1,2.02000223e-14,1.49872881e-14,fit
T7,300,tr,-0.35,0.1,2.0200054e-14,2.18274946e-14,fit
T7,300,tr,-0.3,0.1,2.0200131e-14,1.19485514e-14,fit
T7,300,tr,-0.25,0.1,2.02003175e-14,1.80120328e-14,fit
T7,300,tr,-0.2,0.1,2.02007696e-14,1.83329723e-14,fit
T7,300,tr,-0.15,0.1,2.02018654e-14,2.2057633e-14,fit
T7,300,tr,-0.1,0.1,2.02045214e-14,2.32817776e-14,fit
T7,300,tr,-0.05,0.1,2.02109589e-14,2.66073072e-14,fit
T7,300,tr,1.20736754e-15,0.1,2.02265616e-14,2.73728554e-14,fit
T7,300,tr,0.05,0.1,2.02827623e-14,2.46944235e-14,fit
T7,300,tr,0.1,0.1,2.04005848e-14,2.8240752e-14,fit
T7,300,tr,0.15,0.1,2.06861221e-14,1.04208074e-14,fit
T7,300,tr,0.2,0.1,2.13780549e-14,2.06076357e-14,fit
T7,300,tr,0.25,0.1,2.30545967e-14,2.57658122e-14,fit
T7,300,tr,0.3,0.1,2.71161146e-14,3.31617088e-14,fit
T7,300,tr,0.35,0.1,3.69527595e-14,3.73851893e-14,fit
T7,300,tr,0.4,0.1,6.07667215e-14,6.27183217e-14,fit
T7,300,tr,0.45,0.1,1.18384183e-13,1.13609521e-13,fit
T7,300,tr,0.5,0.1,2.57661924e-13,2.51589041e-13,fit
T7,300,tr,0.55,0.1,5.93875528e-13,5.81990484e-13,fit
T7,300,tr,0.6,0.1,1.40382294e-12,1.44003621e-12,fit
T7,300,tr,0.65,0.1,3.34901422e-12,3.29016905e-12,fit
T7,300,tr,0.7,0.1,7.99924536e-12,7.83128675e-12,fit
T7,300,tr,0.75,0.1,1.90407991e-11,1.9297124e-11,fit
T7,300,tr,0.8,0.1,4.49967924e-11,4.42064733e-11,fit
T7,300,tr,0.85,0.1,1.05131926e-10,1.06643459e-10,fit
T7,300,tr,0.9,0.1,2.41588756e-10,2.51222975e-10,fit
T7,300,tr,0.95,0.1,5.42355851e-10,5.14820226e-10,fit
T7,300,tr,1,0.1,1.17923046e-09,1.13774648e-09,fit
T7,300,tr,1.05,0.1,2.45469238e-09,2.57126641e-09,fit
T7,300,tr,1.1,0.1,4.81281695e-09,4.4345217e-09,fit
T7,300,tr,1.15,0.1,8.71599714e-09,8.78831497e-09,fit
T7,300,tr,1.2,0.1,1.43983396e-08,1.38737497e-08,fit
T7,300,tr,1.25,0.1,2.17657724e-08,2.17209527e-08,fit
T7,300,tr,1.3,0.1,3.05422797e-08,3.04268181e-08,fit
T7,300,tr,1.35,0.1,4.04324288e-08,3.998313e-08,fit
T7,300,tr,1.4,0.1,5.11850329e-08,5.16687745e-08,fit
T7,300,tr,1.45,0.1,6.26010881e-08,6.16965649e-08,fit
T7,300,tr,1.5,0.1,7.45272883e-08,7.44251657e-08,fit
T7,300,tr,1.55,0.1,8.68476097e-08,8.94948115e-08,fit
T7,300,tr,1.6,0.1,9.94753178e-08,1.07030611e-07,fit
T7,300,tr,1.65,0.1,1.12345978e-07,1.18130614e-07,fit
T7,300,tr,1.7,0.1,1.25411717e-07,1.3157635e-07,fit
T7,300,tr,1.75,0.1,1.38636746e-07,1.37306601e-07,fit
T7,300,tr,1.8,0.1,1.51994009e-07,1.45351907e-07,fit
T7,300,tr,1.85,0.1,1.65462732e-07,1.67958792e-07,fit
T7,300,tr,1.9,0.1,1.79026665e-07,1.90062042e-07,fit
T7,300,tr,1.95,0.1,1.92672841e-07,1.92827134e-07,fit
T7,300,tr,2,0.1,2.06390693e-07,2.03564165e-07,fit
T7,300,tr,2.05,0.1,2.20171433e-07,2.22001324e-07,fit
T7,300,tr,2.1,0.1,2.34007616e-07,2.37184115e-07,fit
T7,300,tr,2.15,0.1,2.47892822e-07,2.40126381e-07,fit
T7,300,tr,2.2,0.1,2.61821439e-07,2.59730371e-07,fit
T7,300,tr,2.25,0.1,2.75788494e-07,2.81821174e-07,fit
T7,300,tr,2.3,0.1,2.89789535e-07,2.82787101e-07,fit
T7,300,tr,2.35,0.1,3.03820545e-07,2.96797077e-07,fit
T7,300,tr,2.4,0.1,3.17877867e-07,2.95958673e-07,fit
T7,300,tr,2.45,0.1,3.31958158e-07,3.3198106e-07,fit
T7,300,tr,2.5,0.1,3.46058346e-07,3.48327229e-07,fit
T7,300,tr,2.55,0.1,3.60175591e-07,3.62496981e-07,fit
T7,300,tr,2.6,0.1,3.74307268e-07,3.82260323e-07,fit
T7,300,tr,2.65,0.1,3.88450935e-07,3.82409396e-07,fit
T7,300,tr,2.7,0.1,4.02604319e-07,3.93880122e-07,fit
T7,300,tr,2.75,0.1,4.16765301e-07,3.99065994e-07,fit
T7,300,tr,2.8,0.1,4.30931897e-07,4.31528084e-07,fit
T7,300,tr,2.85,0.1,4.45102251e-07,4.63547436e-07,fit
T7,300,tr,2.9,0.1,4.59274621e-07,4.74482808e-07,fit
T7,300,tr,2.95,0.1,4.73447373e-07,4.63192369e-07,fit
T7,300,tr,3,0.1,4.87618967e-07,5.08501753e-07,fit
T7,300,tr,3.05,0.1,5.01787956e-07,4.95142227e-07,fit
T7,300,tr,3.1,0.1,5.15952976e-07,5.03632456e-07,fit
T7,300,tr,3.15,0.1,5.30112739e-07,5.37648575e-07,fit
T7,300,tr,3.2,0.1,5.44266031e-07,5.29256539e-07,fit
T7,300,tr,3.25,0.1,5.58411703e-07,5.38256687e-07,fit
T7,300,tr,3.3,0.1,5.72548669e-07,5.64281397e-07,fit
T7,300,tr,3.35,0.1,5.86675901e-07,5.69609203e-07,fit
T7,300,tr,3.4,0.1,6.00792428e-07,5.77329563e-07,fit
T7,300,tr,3.45,0.1,6.14897327e-07,6.42481536e-07,fit
T7,300,tr,3.5,0.1,6.28989724e-07,6.76973482e-07,fit
T7,300,tr,3.55,0.1,6.4306879e-07,6.72899582e-07,fit
T7,300,tr,3.6,0.1,6.57133739e-07,6.53425401e-07,fit
T7,300,tr,3.65,0.1,6.71183824e-07,6.45179876e-07,fit
T7,300,tr,3.7,0.1,6.85218337e-07,6.73792673e-07,fit
T7,300,tr,3.75,0.1,6.99236603e-07,7.02987686e-07,fit
T7,300,tr,3.8,0.1,7.13237982e-07,7.15608712e-07,fit
T7,300,tr,3.85,0.1,7.27221866e-07,7.55377267e-07,fit
T7,300,tr,3.9,0.1,7.41187675e-07,7.64001821e-07,fit
T7,300,tr,3.95,0.1,7.55134861e-07,7.63618312e-07,fit
T7,300,tr,4,0.1,7.69062898e-07,7.74959866e-07,fit
T7,300,tr,4.05,0.1,7.8297129e-07,7.69672115e-07,fit
T7,300,tr,4.1,0.1,7.96859561e-07,8.1354805e-07,fit
T7,300,tr,4.15,0.1,8.10727261e-07,8.31525627e-07,fit
T7,300,tr,4.2,0.1,8.24573962e-07,8.27134689e-07,fit
T7,300,tr,4.25,0.1,8.38399253e-07,8.65578394e-07,fit
T7,300,tr,4.3,0.1,8.52202748e-07,8.528823e-07,fit
T7,300,tr,4.35,0.1,8.65984075e-07,8.50323057e-07,fit
T7,300,tr,4.4,0.1,8.79742882e-07,9.13071709e-07,fit
T7,300,tr,4.45,0.1,8.93478836e-07,8.72592062e-07,fit
T7,300,tr,4.5,0.1,9.07191616e-07,9.84349054e-07,fit
T7,300,tr,4.55,0.1,9.20880921e-07,9.2672285e-07,fit
T7,300,tr,4.6,0.1,9.34546461e-07,9.83450925e-07,fit
T7,300,tr,4.65,0.1,9.48187963e-07,9.38565855e-07,fit
T7,300,tr,4.7,0.1,9.61805165e-07,9.20277989e-07,fit
T7,300,tr,4.75,0.1,9.75397821e-07,9.98163044e-07,fit
T7,300,tr,4.8,0.1,9.88965696e-07,9.96696139e-07,fit
T7,300,tr,4.85,0.1,1.00250856e-06,9.78509227e-07,fit
T7,300,tr,4.9,0.1,1.01602622e-06,1.03018365e-06,fit
T7,300,tr,4.95,0.1,1.02951845e-06,1.04877812e-06,fit
T7,300,tr,5,0.1,1.04298508e-06,1.06591546e-06,fit
T7,300,tr,5.05,0.1,1.05642591e-06,1.0842015e-06,fit
T7,300,tr,5.1,0.1,1.06984079e-06,1.03626337e-06,fit
T7,300,tr,5.15,0.1,1.08322954e-06,1.0546893e-06,fit
T7,300,tr,5.2,0.1,1.09659202e-06,1.07786522e-06,fit
T7,300,tr,5.25,0.1,1.10992807e-06,1.16233609e-06,fit
T7,300,tr,5.3,0.1,1.12323757e-06,1.06881078e-06,fit
T7,300,tr,5.35,0.1,1.13652039e-06,1.16280954e-06,fit
T7,300,tr,5.4,0.1,1.1497764e-06,1.15686618e-06,fit
T7,300,tr,5.45,0.1,1.16300549e-06,1.18099959e-06,fit
T7,300,tr,5.5,0.1,1.17620755e-06,1.13236195e-06,fit
T7,300,tr,5.55,0.1,1.18938249e-06,1.22243107e-06,fit
T7,300,tr,5.6,0.1,1.2025302e-06,1.15517203e-06,fit
T7,300,tr,5.65,0.1,1.21565061e-06,1.16899035e-06,fit
T7,300,tr,5.7,0.1,1.22874362e-06,1.29102178e-06,fit
T7,300,tr,5.75,0.1,1.24180917e-06,1.25613552e-06,fit
T7,300,tr,5.8,0.1,1.25484718e-06,1.22350297e-06,fit
T7,300,tr,5.85,0.1,1.26785759e-06,1.2966436e-06,fit
T7,300,tr,5.9,0.1,1.28084034e-06,1.2365454e-06,fit
T7,300,tr,5.95,0.1,1.29379537e-06,1.36018757e-06,fit
T7,300,tr,6,0.1,1.30672263e-06,1.30026475e-06,fit
T7,300,tr,6.05,0.1,1.31962207e-06,1.26800282e-06,fit
T7,300,tr,6.1,0.1,1.33249366e-06,1.33130794e-06,fit
T7,300,tr,6.15,0.1,1.34533736e-06,1.29330077e-06,fit
T7,300,tr,6.2,0.1,1.35815313e-06,1.4042443e-06,fit
T7,300,tr,6.25,0.1,1.37094094e-06,1.35389514e-06,fit
T7,300,tr,6.3,0.1,1.38370077e-06,1.43781954e-06,fit
T7,300,tr,6.35,0.1,1.3964326e-06,1.43539726e-06,fit
T7,300,tr,6.4,0.1,1.40913641e-06,1.48939307e-06,fit
T7,300,tr,6.45,0.1,1.42181218e-06,1.47631177e-06,fit
T7,300,tr,6.5,0.1,1.4344599e-06,1.49929342e-06,fit
T7,300,tr,6.55,0.1,1.44707956e-06,1.45714234e-06,fit
T7,300,tr,6.6,0.1,1.45967116e-06,1.43742982e-06,fit
T7,300,tr,6.65,0.1,1.4722347e-06,1.53859983e-06,fit
T7,300,tr,6.7,0.1,1.48477017e-06,1.43968619e-06,fit
T7,300,tr,6.75,0.1,1.49727758e-06,1.51592959e-06,fit
T7,300,tr,6.8,0.1,1.50975693e-06,1.53055513e-06,fit
T7,300,tr,6.85,0.1,1.52220823e-06,1.53184436e-06,fit
T7,300,tr,6.9,0.1,1.5346315e-06,1.60186046e-06,fit
T7,300,tr,6.95,0.1,1.54702674e-06,1.59562229e-06,fit
T7,300,tr,7,0.1,1.55939397e-06,1.53600822e-06,fit
T7,300,tr,7.05,0.1,1.57173321e-06,1.62176895e-06,fit
T7,300,tr,7.1,0.1,1.58404448e-06,1.57477555e-06,fit
T7,300,tr,7.15,0.1,1.5963278e-06,1.50835679e-06,fit
T7,300,tr,7.2,0.1,1.60858319e-06,1.5769191e-06,fit
T7,300,tr,7.25,0.1,1.62081068e-06,1.63559853e-06,fit
T7,300,tr,7.3,0.1,1.63301029e-06,1.62635777e-06,fit
T7,300,tr,7.35,0.1,1.64518206e-06,1.6742569e-06,fit
T7,300,tr,7.4,0.1,1.65732602e-06,1.65338335e-06,fit
T7,300,tr,7.45,0.1,1.66944219e-06,1.67658789e-06,fit
T7,300,tr,7.5,0.1,1.68153062e-06,1.70077468e-06,fit
T7,300,tr,7.55,0.1,1.69359134e-06,1.72968708e-06,fit
T7,300,tr,7.6,0.1,1.70562439e-06,1.71371284e-06,fit
T7,300,tr,7.65,0.1,1.71762979e-06,1.62334159e-06,fit
T7,300,tr,7.7,0.1,1.72960761e-06,1.77696389e-06,fit
T7,300,tr,7.75,0.1,1.74155787e-06,1.71680692e-06,fit
T7,300,tr,7.8,0.1,1.75348062e-06,1.66322727e-06,fit
T7,300,tr,7.85,0.1,1.7653759e-06,1.80346177e-06,fit
T7,300,tr,7.9,0.1,1.77724376e-06,1.73457396e-06,fit
T7,300,tr,7.95,0.1,1.78908424e-06,1.75068298e-06,fit
T7,300,tr,8,0.1,1.80089739e-06,1.84397367e-06,fit
T7,300,tr,-2,5,1.5e-12,1.47088169e-12,fit
T7,300,tr,-1.95,5,1.5e-12,1.48889556e-12,fit
T7,300,tr,-1.9,5,1.5e-12,1.48438101e-12,fit
T7,300,tr,-1.85,5,1.5e-12,1.52390198e-12,fit
T7,300,tr,-1.8,5,1.5e-12,1.61573852e-12,fit
T7,300,tr,-1.75,5,1.5e-12,1.44277138e-12,fit
T7,300,tr,-1.7,5,1.5e-12,1.45772414e-12,fit
T7,300,tr,-1.65,5,1.5e-12,1.48760928e-12,fit
T7,300,tr,-1.6,5,1.5e-12,1.40112243e-12,fit
T7,300,tr,-1.55,5,1.5e-12,1.48098161e-12,fit
T7,300,tr,-1.5,5,1.5e-12,1.4406545e-12,fit
T7,300,tr,-1.45,5,1.5e-12,1.49657794e-12,fit
T7,300,tr,-1.4,5,1.5e-12,1.55241415e-12,fit
T7,300,tr,-1.35,5,1.5e-12,1.53665808e-12,fit
T7,300,tr,-1.3,5,1.5e-12,1.46939479e-12,fit
T7,300,tr,-1.25,5,1.5e-12,1.48736462e-12,fit
T7,300,tr,-1.2,5,1.5e-12,1.4631102e-12,fit
T7,300,tr,-1.15,5,1.5e-12,1.54927805e-12,fit
T7,300,tr,-1.1,5,1.5e-12,1.49233726e-12,fit
T7,300,tr,-1.05,5,1.5e-12,1.5228783e-12,fit
T7,300,tr,-1,5,1.5e-12,1.56027072e-12,fit
T7,300,tr,-0.95,5,1.5e-12,1.44810346e-12,fit
T7,300,tr,-0.9,5,1.5e-12,1.45576559e-12,fit
T7,300,tr,-0.85,5,1.5e-12,1.42936138e-12,fit
T7,300,tr,-0.8,5,1.5e-12,1.58794007e-12,fit
T7,300,tr,-0.75,5,1.5e-12,1.51868032e-12,fit
T7,300,tr,-0.7,5,1.5e-12,1.59483073e-12,fit
T7,300,tr,-0.65,5,1.5e-12,1.49280854e-12,fit
T7,300,tr,-0.6,5,1.5e-12,1.53180272e-12,fit
T7,300,tr,-0.55,5,1.50000001e-12,1.57704203e-12,fit
T7,300,tr,-0.5,5,1.50000002e-12,1.57492326e-12,fit
T7,300,tr,-0.45,5,1.50000006e-12,1.48010758e-12,fit
T7,300,tr,-0.4,5,1.50000014e-12,1.46792195e-12,fit
T7,300,tr,-0.35,5,1.50000034e-12,1.55319309e-12,fit
T7,300,tr,-0.3,5,1.50000082e-12,1.57796846e-12,fit
T7,300,tr,-0.25,5,1.50000198e-12,1.49482925e-12,fit
T7,300,tr,-0.2,5,1.50000479e-12,1.58049709e-12,fit
T7,300,tr,-0.15,5,1.50001161e-12,1.42426067e-12,fit
T7,300,tr,-0.1,5,1.50002814e-12,1.44415088e-12,fit
T7,300,tr,-0.05,5,1.50006822e-12,1.43292178e-12,fit
T7,300,tr,1.20736754e-15,5,1.50016533e-12,1.45809603e-12,fit
T7,300,tr,0.05,5,1.5005151e-12,1.53766937e-12,fit
T7,300,tr,0.1,5,1.50124829e-12,1.51076374e-12,fit
T7,300,tr,0.15,5,1.50302479e-12,1.53659287e-12,fit
T7,300,tr,0.2,5,1.50732852e-12,1.526679e-12,fit
T7,300,tr,0.25,5,1.51775189e-12,1.46167832e-12,fit
T7,300,tr,0.3,5,1.54298679e-12,1.58008901e-12,fit
T7,300,tr,0.35,5,1.60404397e-12,1.55694185e-12,fit
T7,300,tr,0.4,5,1.75164295e-12,1.79422736e-12,fit
T7,300,tr,0.45,5,2.10796742e-12,2.09285341e-12,fit
T7,300,tr,0.5,5,2.96644752e-12,2.93944267e-12,fit
T7,300,tr,0.55,5,5.02850183e-12,5.0088947e-12,fit
T7,300,tr,0.6,5,9.95919709e-12,1.01505533e-11,fit
T7,300,tr,0.65,5,2.16705088e-11,2.19712712e-11,fit
T7,300,tr,0.7,5,4.92141102e-11,4.77938234e-11,fit
T7,300,tr,0.75,5,1.13071797e-10,1.19419445e-10,fit
T7,300,tr,0.8,5,2.58123172e-10,2.49079401e-10,fit
T7,300,tr,0.85,5,5.78351537e-10,5.40173878e-10,fit
T7,300,tr,0.9,5,1.2587245e-09,1.27075928e-09,fit
T7,300,tr,0.95,5,2.63466207e-09,2.47288234e-09,fit
T7,300,tr,1,5,5.25491324e-09,5.25141754e-09,fit
T7,300,tr,1.05,5,9.91385368e-09,1.06844086e-08,fit
T7,300,tr,1.1,5,1.76147402e-08,1.79213194e-08,fit
T7,300,tr,1.15,5,2.9456483e-08,3.13690329e-08,fit
T7,300,tr,1.2,5,4.64864824e-08,4.49721632e-08,fit
T7,300,tr,1.25,5,6.95831979e-08,6.85063189e-08,fit
T7,300,tr,1.3,5,9.94054067e-08,9.82708425e-08,fit
T7,300,tr,1.35,5,1.36402596e-07,1.33154962e-07,fit
T7,300,tr,1.4,5,1.80858397e-07,1.77919026e-07,fit
T7,300,tr,1.45,5,2.32940783e-07,2.24226247e-07,fit
T7,300,tr,1.5,5,2.92744555e-07,2.978215e-07,fit
T7,300,tr,1.55,5,3.60321831e-07,3.78775445e-07,fit
T7,300,tr,1.6,5,4.35701661e-07,4.35170944e-07,fit
T7,300,tr,1.65,5,5.1890158e-07,5.44732081e-07,fit
T7,300,tr,1.7,5,6.0993388e-07,6.11274038e-07,fit
T7,300,tr,1.75,5,7.08808669e-07,6.7356178e-07,fit
T7,300,tr,1.8,5,8.15535129e-07,7.87268046e-07,fit
T7,300,tr,1.85,5,9.30121829e-07,9.4566795e-07,fit
T7,300,tr,1.9,5,1.05257661e-06,1.05603163e-06,fit
T7,300,tr,1.95,5,1.18290629e-06,1.20219668e-06,fit
T7,300,tr,2,5,1.32111639e-06,1.35729725e-06,fit
T7,300,tr,2.05,5,1.46721083e-06,1.4243572e-06,fit
T7,300,tr,2.1,5,1.62119173e-06,1.61029161e-06,fit
T7,300,tr,2.15,5,1.7830593e-06,1.77590676e-06,fit
T7,300,tr,2.2,5,1.95281167e-06,1.92792369e-06,fit
T7,300,tr,2.25,5,2.13044489e-06,2.12883757e-06,fit
T7,300,tr,2.3,5,2.31595288e-06,2.21577426e-06,fit
T7,300,tr,2.35,5,2.50932741e-06,2.58622399e-06,fit
T7,300,tr,2.4,5,2.71055811e-06,2.76882098e-06,fit
T7,300,tr,2.45,5,2.91963246e-06,2.98616549e-06,fit
T7,300,tr,2.5,5,3.13653584e-06,3.29021139e-06,fit
T7,300,tr,2.55,5,3.36125146e-06,3.52080188e-06,fit
T7,300,tr,2.6,5,3.59376047e-06,3.92361636e-06,fit
T7,300,tr,2.65,5,3.83404185e-06,3.72072986e-06,fit
T7,300,tr,2.7,5,4.08207249e-06,4.381816e-06,fit
T7,300,tr,2.75,5,4.33782716e-06,4.27149805e-06,fit
T7,300,tr,2.8,5,4.60127846e-06,4.67348065e-06,fit
T7,300,tr,2.85,5,4.87239687e-06,4.72464717e-06,fit
T7,300,tr,2.9,5,5.15115071e-06,5.63958961e-06,fit
T7,300,tr,2.95,5,5.4375061e-06,5.52593708e-06,fit
T7,300,tr,3,5,5.73142697e-06,5.64616942e-06,fit
T7,300,tr,3.05,5,6.03287503e-06,5.78632154e-06,fit
T7,300,tr,3.1,5,6.34180977e-06,6.440339e-06,fit
T7,300,tr,3.15,5,6.6581884e-06,6.73769712e-06,fit
T7,300,tr,3.2,5,6.98196588e-06,6.98563768e-06,fit
T7,300,tr,3.25,5,7.31309488e-06,7.26556804e-06,fit
T7,300,tr,3.3,5,7.65152579e-06,7.79544402e-06,fit
T7,300,tr,3.35,5,7.99720667e-06,7.99068641e-06,fit
T7,300,tr,3.4,5,8.35008332e-06,8.84301727e-06,fit
T7,300,tr,3.45,5,8.7100992e-06,8.15887643e-06,fit
T7,300,tr,3.5,5,9.07719549e-06,9.00327078e-06,fit
T7,300,tr,3.55,5,9.45131106e-06,9.64136845e-06,fit
T7,300,tr,3.6,5,9.83238253e-06,9.4292795e-06,fit
T7,300,tr,3.65,5,1.02203443e-05,9.99703938e-06,fit
T7,300,tr,3.7,5,1.06151283e-05,1.16002714e-05,fit
T7,300,tr,3.75,5,1.10166647e-05,1.10648993e-05,fit
T7,300,tr,3.8,5,1.14248811e-05,1.11562984e-05,fit
T7,300,tr,3.85,5,1.18397032e-05,1.16112501e-05,fit
T7,300,tr,3.9,5,1.22610545e-05,1.23129025e-05,fit
T7,300,tr,3.95,5,1.26888566e-05,1.17538805e-05,fit
T7,300,tr,4,5,1.31230289e-05,1.36576954e-05,fit
T7,300,tr,4.05,5,1.35634892e-05,1.28726859e-05,fit
T7,300,tr,4.1,5,1.40101532e-05,1.43161439e-05,fit
T7,300,tr,4.15,5,1.4462935e-05,1.44730819e-05,fit
T7,300,tr,4.2,5,1.49217468e-05,1.57655848e-05,fit
T7,300,tr,4.25,5,1.53864994e-05,1.54134647e-05,fit
T7,300,tr,4.3,5,1.58571019e-05,1.49124862e-05,fit
T7,300,tr,4.35,5,1.6333462e-05,1.62114426e-05,fit
T7,300,tr,4.4,5,1.6815486e-05,1.78160714e-05,fit
T7,300,tr,4.45,5,1.73030791e-05,1.73804119e-05,fit
T7,300,tr,4.5,5,1.7796145e-05,1.77858969e-05,fit
T7,300,tr,4.55,5,1.82945865e-05,1.83536916e-05,fit
T7,300,tr,4.6,5,1.87983054e-05,2.05123373e-05,fit
T7,300,tr,4.65,5,1.93072026e-05,1.90861448e-05,fit
T7,300,tr,4.7,5,1.98211781e-05,2.10340602e-05,fit
T7,300,tr,4.75,5,2.03401313e-05,1.97050475e-05,fit
T7,300,tr,4.8,5,2.08639609e-05,2.02065607e-05,fit
T7,300,tr,4.85,5,2.13925651e-05,2.20405945e-05,fit
T7,300,tr,4.9,5,2.19258419e-05,2.27940814e-05,fit
T7,300,tr,4.95,5,2.24636885e-05,2.29445935e-05,fit
T7,300,tr,5,5,2.30060025e-05,2.2652591e-05,fit
T7,300,tr,5.05,5,2.35526807e-05,2.32274372e-05,fit
T7,300,tr,5.1,5,2.41036204e-05,2.38851469e-05,fit
T7,300,tr,5.15,5,2.46587187e-05,2.35103933e-05,fit
T7,300,tr,5.2,5,2.52178729e-05,2.46776742e-05,fit
T7,300,tr,5.25,5,2.57809804e-05,2.55434779e-05,fit
T7,300,tr,5.3,5,2.6347939e-05,2.52828005e-05,fit
T7,300,tr,5.35,5,2.69186468e-05,2.63012072e-05,fit
T7,300,tr,5.4,5,2.74930026e-05,2.61272382e-05,fit
T7,300,tr,5.45,5,2.80709055e-05,2.91097752e-05,fit
T7,300,tr,5.5,5,2.86522551e-05,2.85840652e-05,fit
T7,300,tr,5.55,5,2.92369521e-05,2.93893225e-05,fit
T7,300,tr,5.6,5,2.98248974e-05,2.91184861e-05,fit
T7,300,tr,5.65,5,3.0415993e-05,3.08291827e-05,fit
T7,300,tr,5.7,5,3.10101419e-05,3.11316583e-05,fit
T7,300,tr,5.75,5,3.16072477e-05,3.27569336e-05,fit
T7,300,tr,5.8,5,3.2207215e-05,3.33187095e-05,fit
T7,300,tr,5.85,5,3.28099496e-05,3.14650482e-05,fit
T7,300,tr,5.9,5,3.34153583e-05,3.53847145e-05,fit
T7,300,tr,5.95,5,3.40233489e-05,3.54124529e-05,fit
T7,300,tr,6,5,3.46338303e-05,3.31337774e-05,fit
T7,300,tr,6.05,5,3.52467128e-05,3.50473418e-05,fit
T7,300,tr,6.1,5,3.58619078e-05,3.80941352e-05,fit
T7,300,tr,6.15,5,3.64793278e-05,3.59718425e-05,fit
T7,300,tr,6.2,5,3.70988868e-05,3.9477549e-05,fit
T7,300,tr,6.25,5,3.77204999e-05,3.56948146e-05,fit
T7,300,tr,6.3,5,3.83440836e-05,3.77181115e-05,fit
T7,300,tr,6.35,5,3.89695557e-05,3.91017315e-05,fit
T7,300,tr,6.4,5,3.95968354e-05,3.94595569e-05,fit
T7,300,tr,6.45,5,4.02258433e-05,4.08888517e-05,fit
T7,300,tr,6.5,5,4.08565012e-05,4.14216956e-05,fit
T7,300,tr,6.55,5,4.14887324e-05,3.90909623e-05,fit
T7,300,tr,6.6,5,4.21224617e-05,4.18252159e-05,fit
T7,300,tr,6.65,5,4.27576151e-05,4.28382383e-05,fit
T7,300,tr,6.7,5,4.33941201e-05,4.44389717e-05,fit
T7,300,tr,6.75,5,4.40319055e-05,4.56485441e-05,fit
T7,300,tr,6.8,5,4.46709017e-05,4.58101419e-05,fit
T7,300,tr,6.85,5,4.53110404e-05,4.39465352e-05,fit
T7,300,tr,6.9,5,4.59522546e-05,4.51601458e-05,fit
T7,300,tr,6.95,5,4.65944789e-05,4.49883041e-05,fit
T7,300,tr,7,5,4.72376491e-05,5.04967257e-05,fit
T7,300,tr,7.05,5,4.78817023e-05,5.0553232e-05,fit
T7,300,tr,7.1,5,4.85265774e-05,4.98677374e-05,fit
T7,300,tr,7.15,5,4.91722141e-05,4.80791065e-05,fit
T7,300,tr,7.2,5,4.98185538e-05,5.18336835e-05,fit
T7,300,tr,7.25,5,5.04655393e-05,5.15660605e-05,fit
T7,300,tr,7.3,5,5.11131144e-05,5.20726484e-05,fit
T7,300,tr,7.35,5,5.17612243e-05,5.04777895e-05,fit
T7,300,tr,7.4,5,5.24098158e-05,5.36354678e-05,fit
T7,300,tr,7.45,5,5.30588367e-05,5.45435307e-05,fit
T7,300,tr,7.5,5,5.37082359e-05,5.3865982e-05,fit
T7,300,tr,7.55,5,5.4357964e-05,5.43858138e-05,fit
T7,300,tr,7.6,5,5.50079725e-05,5.57556107e-05,fit
T7,300,tr,7.65,5,5.56582141e-05,5.74704704e-05,fit
T7,300,tr,7.7,5,5.63086429e-05,5.53038599e-05,fit
T7,300,tr,7.75,5,5.6959214e-05,5.81283404e-05,fit
T7,300,tr,7.8,5,5.76098837e-05,5.85222834e-05,fit
T7,300,tr,7.85,5,5.82606094e-05,5.93532238e-05,fit
T7,300,tr,7.9,5,5.89113498e-05,5.76350377e-05,fit
T7,300,tr,7.95,5,5.95620644e-05,5.83647233e-05,fit
T7,300,tr,8,5,6.02127141e-05,6.00343821e-05,fit
T8,300,tr,-2,0.1,2.02e-14,2.09332677e-14,fit
T8,300,tr,-1.95,0.1,2.02e-14,1.44993325e-14,fit
T8,300,tr,-1.9,0.1,2.02e-14,1.86114072e-14,fit
T8,300,tr,-1.85,0.1,2.02e-14,1.93315852e-14,fit
T8,300,tr,-1.8,0.1,2.02e-14,2.75281953e-14,fit
T8,300,tr,-1.75,0.1,2.02e-14,2.5398105e-14,fit
T8,300,tr,-1.7,0.1,2.02e-14,2.12776308e-14,fit
T8,300,tr,-1.65,0.1,2.02e-14,3.02866535e-14,fit
T8,300,tr,-1.6,0.1,2.02e-14,2.58570828e-14,fit
T8,300,tr,-1.55,0.1,2.02e-14,1.53721674e-14,fit
T8,300,tr,-1.5,0.1,2.02e-14,2.68167213e-14,fit
T8,300,tr,-1.45,0.1,2.02e-14,2.82789217e-14,fit
T8,300,tr,-1.4,0.1,2.02e-14,1.79910468e-14,fit
T8,300,tr,-1.35,0.1,2.02e-14,2.00279413e-14,fit
T8,300,tr,-1.3,0.1,2.02e-14,2.7496367e-14,fit
T8,300,tr,-1.25,0.1,2.02e-14,1.35153325e-14,fit
T8,300,tr,-1.2,0.1,2.02e-14,2.46395719e-14,fit
T8,300,tr,-1.15,0.1,2.02e-14,1.93030431e-14,fit
T8,300,tr,-1.1,0.1,2.02e-14,2.02144242e-14,fit
T8,300,tr,-1.05,0.1,2.02e-14,2.07914273e-14,fit
T8,300,tr,-1,0.1,2.02e-14,1.90072204e-14,fit
T8,300,tr,-0.95,0.1,2.02e-14,1.35308776e-14,fit
T8,300,tr,-0.9,0.1,2.02e-14,2.00921618e-14,fit
T8,300,tr,-0.85,0.1,2.02e-14,3.08661049e-14,fit
T8,300,tr,-0.8,0.1,2.02e-14,1.93289368e-14,fit
T8,300,tr,-0.75,0.1,2.02e-14,2.38071614e-14,fit
T8,300,tr,-0.7,0.1,2.02e-14,1.57581805e-14,fit
T8,300,tr,-0.65,0.1,2.02000001e-14,2.64519113e-14,fit
T8,300,tr,-0.6,0.1,2.02000003e-14,1.67086079e-14,fit
T8,300,tr,-0.55,0.1,2.02000006e-14,2.10885796e-14,fit
T8,300,tr,-0.5,0.1,2.02000013e-14,2.79287e-14,fit
T8,300,tr,-0.45,0.1,2.02000031e-14,2.45233202e-14,fit
T8,300,tr,-0.4,0.1,2.02000071e-14,1.88805974e-14,fit
T8,300,tr,-0.35,0.1,2.02000163e-14,1.72275407e-14,fit
T8,300,tr,-0.3,0.1,2.02000376e-14,2.1829803e-14,fit
T8,300,tr,-0.25,0.1,2.02000864e-14,2.37622107e-14,fit
T8,300,tr,-0.2,0.1,2.02001987e-14,2.2044737e-14,fit
T8,300,tr,-0.15,0.1,2.0200457e-14,2.17834788e-14,fit
T8,300,tr,-0.1,0.1,2.02010512e-14,1.855485e-14,fit
T8,300,tr,-0.05,0.1,2.02024178e-14,2.22187833e-14,fit
T8,300,tr,1.20736754e-15,0.1,2.02055611e-14,2.26837865e-14,fit
T8,300,tr,0.05,0.1,2.02160508e-14,2.36595894e-14,fit
T8,300,tr,0.1,0.1,2.02369175e-14,2.1590006e-14,fit
T8,300,tr,0.15,0.1,2.02849104e-14,1.36677535e-14,fit
T8,300,tr,0.2,0.1,2.03952897e-14,2.04023456e-14,fit
T8,300,tr,0.25,0.1,2.06491408e-14,2.00609582e-14,fit
T8,300,tr,0.3,0.1,2.12329128e-14,2.62271965e-14,fit
T8,300,tr,0.35,0.1,2.25752661e-14,3.02244504e-14,fit
T8,300,tr,0.4,0.1,2.56615125e-14,1.74415068e-14,fit
T8,300,tr,0.45,0.1,3.27557594e-14,3.61077817e-14,fit
T8,300,tr,0.5,0.1,4.90581917e-14,5.1112112e-14,fit
T8,300,tr,0.55,0.1,8.65043966e-14,8.84809106e-14,fit
T8,300,tr,0.6,0.1,1.72461696e-13,1.68857649e-13,fit
T8,300,tr,0.65,0.1,3.69588471e-13,3.63610513e-13,fit
T8,300,tr,0.7,0.1,8.2103223e-13,7.86996031e-13,fit
T8,300,tr,0.75,0.1,1.85278486e-12,1.81064564e-12,fit
T8,300,tr,0.8,0.1,4.20378499e-12,4.14580512e-12,fit
T8,300,tr,0.85,0.1,9.53768202e-12,9.46620355e-12,fit
T8,300,tr,0.9,0.1,2.15632921e-11,2.09008857e-11,fit
T8,300,tr,0.95,0.1,4.84320854e-11,4.82968736e-11,fit
T8,300,tr,1,0.1,1.07699558e-10,1.06474271e-10,fit
T8,300,tr,1.05,0.1,2.36103696e-10,2.27516967e-10,fit
T8,300,tr,1.1,0.1,5.07490735e-10,5.05373319e-10,fit
T8,300,tr,1.15,0.1,1.06205567e-09,1.1228993e-09,fit
T8,300,tr,1.2,0.1,2.14382306e-09,2.19407086e-09,fit
T8,300,tr,1.25,0.1,4.11852686e-09,4.13854707e-09,fit
T8,300,tr,1.3,0.1,7.40147071e-09,7.62778184e-09,fit
T8,300,tr,1.35,0.1,1.22696759e-08,1.25686471e-08,fit
T8,300,tr,1.4,0.1,1.87301593e-08,1.9185103e-08,fit
T8,300,tr,1.45,0.1,2.65907595e-08,2.77821685e-08,fit
T8,300,tr,1.5,0.1,3.56014485e-08,3.56039068e-08,fit
T8,300,tr,1.55,0.1,4.55305926e-08,4.42105836e-08,fit
T8,300,tr,1.6,0.1,5.61842428e-08,5.89817492e-08,fit
T8,300,tr,1.65,0.1,6.74059296e-08,6.71841432e-08,fit
T8,300,tr,1.7,0.1,7.90722843e-08,8.10480313e-08,fit
T8,300,tr,1.75,0.1,9.10877979e-08,8.73713772e-08,fit
T8,300,tr,1.8,0.1,1.03379495e-07,1.0311498e-07,fit
T8,300,tr,1.85,0.1,1.15892015e-07,1.12189269e-07,fit
T8,300,tr,1.9,0.1,1.28583406e-07,1.26285214e-07,fit
T8,300,tr,1.95,0.1,1.41421739e-07,1.35581755e-07,fit
T8,300,tr,2,0.1,1.54382494e-07,1.52287321e-07,fit
T8,300,tr,2.05,0.1,1.67446601e-07,1.69366644e-07,fit
T8,300,tr,2.1,0.1,1.80598997e-07,1.89099107e-07,fit
T8,300,tr,2.15,0.1,1.93827572e-07,1.90160615e-07,fit
T8,300,tr,2.2,0.1,2.07122415e-07,2.11325689e-07,fit
T8,300,tr,2.25,0.1,2.20475269e-07,2.22927832e-07,fit
T8,300,tr,2.3,0.1,2.33879131e-07,2.35775061e-07,fit
T8,300,tr,2.35,0.1,2.47327967e-07,2.39041907e-07,fit
T8,300,tr,2.4,0.1,2.60816509e-07,2.65539015e-07,fit
T8,300,tr,2.45,0.1,2.74340095e-07,2.76273627e-07,fit
T8,300,tr,2.5,0.1,2.87894558e-07,2.84105051e-07,fit
T8,300,tr,2.55,0.1,3.01476143e-07,2.88450179e-07,fit
T8,300,tr,2.6,0.1,3.15081437e-07,3.23743458e-07,fit
T8,300,tr,2.65,0.1,3.28707319e-07,3.37469981e-07,fit
T8,300,tr,2.7,0.1,3.42350922e-07,3.36062988e-07,fit
T8,300,tr,2.75,0.1,3.56009603e-07,3.48941618e-07,fit
T8,300,tr,2.8,0.1,3.69680912e-07,3.46398031e-07,fit
T8,300,tr,2.85,0.1,3.83362573e-07,3.8509295e-07,fit
T8,300,tr,2.9,0.1,3.97052466e-07,4.08474771e-07,fit
T8,300,tr,2.95,0.1,4.10748615e-07,4.2394245e-07,fit
T8,300,tr,3,0.1,4.24449169e-07,4.22821084e-07,fit
T8,300,tr,3.05,0.1,4.38152395e-07,4.35733326e-07,fit
T8,300,tr,3.1,0.1,4.51856666e-07,4.37316142e-07,fit
T8,300,tr,3.15,0.1,4.65560454e-07,4.50189558e-07,fit
T8,300,tr,3.2,0.1,4.79262321e-07,4.5626434e-07,fit
T8,300,tr,3.25,0.1,4.92960914e-07,5.02409741e-07,fit
T8,300,tr,3.3,0.1,5.06654956e-07,4.89723765e-07,fit
T8,300,tr,3.35,0.1,5.20343241e-07,5.19303919e-07,fit
T8,300,tr,3.4,0.1,5.34024633e-07,5.57810562e-07,fit
T8,300,tr,3.45,0.1,5.47698055e-07,5.36474854e-07,fit
T8,300,tr,3.5,0.1,5.61362489e-07,5.50590464e-07,fit
T8,300,tr,3.55,0.1,5.75016973e-07,5.71847497e-07,fit
T8,300,tr,3.6,0.1,5.88660594e-07,5.81940536e-07,fit
T8,300,tr,3.65,0.1,6.02292487e-07,5.73824311e-07,fit
T8,300,tr,3.7,0.1,6.15911833e-07,6.4323147e-07,fit
T8,300,tr,3.75,0.1,6.29517853e-07,6.44306217e-07,fit
T8,300,tr,3.8,0.1,6.43109808e-07,6.41808433e-07,fit
T8,300,tr,3.85,0.1,6.56686999e-07,6.36006255e-07,fit
T8,300,tr,3.9,0.1,6.70248758e-07,6.63705029e-07,fit
T8,300,tr,3.95,0.1,6.83794454e-07,6.8104553e-07,fit
T8,300,tr,4,0.1,6.97323483e-07,6.99654523e-07,fit
T8,300,tr,4.05,0.1,7.10835276e-07,7.55117208e-07,fit
T8,300,tr,4.1,0.1,7.24329287e-07,7.30423376e-07,fit
T8,300,tr,4.15,0.1,7.37804999e-07,7.35472988e-07,fit
T8,300,tr,4.2,0.1,7.5126192e-07,7.5761632e-07,fit
T8,300,tr,4.25,0.1,7.64699583e-07,7.74757744e-07,fit
T8,300,tr,4.3,0.1,7.78117541e-07,7.65078172e-07,fit
T8,300,tr,4.35,0.1,7.9151537e-07,7.79003986e-07,fit
T8,300,tr,4.4,0.1,8.04892667e-07,7.84288202e-07,fit
T8,300,tr,4.45,0.1,8.18249048e-07,8.40520033e-07,fit
T8,300,tr,4.5,0.1,8.31584147e-07,7.77661463e-07,fit
T8,300,tr,4.55,0.1,8.44897617e-07,8.37493504e-07,fit
T8,300,tr,4.6,0.1,8.58189127e-07,8.58295193e-07,fit
T8,300,tr,4.65,0.1,8.71458361e-07,8.93095477e-07,fit
T8,300,tr,4.7,0.1,8.84705021e-07,8.50214285e-07,fit
T8,300,tr,4.75,0.1,8.97928821e-07,8.61191239e-07,fit
T8,300,tr,4.8,0.1,9.1112949e-07,8.99618943e-07,fit
T8,300,tr,4.85,0.1,9.24306771e-07,9.17011589e-07,fit
T8,300,tr,4.9,0.1,9.3746042e-07,9.76304152e-07,fit
T8,300,tr,4.95,0.1,9.50590202e-07,9.43056808e-07,fit
T8,300,tr,5,0.1,9.63695899e-07,9.94759088e-07,fit
T8,300,tr,5.05,0.1,9.76777299e-07,9.73636699e-07,fit
T8,300,tr,5.1,0.1,9.89834205e-07,1.00136622e-06,fit
T8,300,tr,5.15,0.1,1.00286643e-06,1.04307056e-06,fit
T8,300,tr,5.2,0.1,1.01587379e-06,1.01914402e-06,fit
T8,300,tr,5.25,0.1,1.02885611e-06,9.88444359e-07,fit
T8,300,tr,5.3,0.1,1.04181325e-06,1.05329519e-06,fit
T8,300,tr,5.35,0.1,1.05474504e-06,1.01744625e-06,fit
T8,300,tr,5.4,0.1,1.06765135e-06,1.05042618e-06,fit
T8,300,tr,5.45,0.1,1.08053203e-06,1.10209495e-06,fit
T8,300,tr,5.5,0.1,1.09338696e-06,1.04348276e-06,fit
T8,300,tr,5.55,0.1,1.10621602e-06,1.0921401e-06,fit
T8,300,tr,5.6,0.1,1.1190191e-06,1.09349069e-06,fit
T8,300,tr,5.65,0.1,1.13179609e-06,1.10951806e-06,fit
T8,300,tr,5.7,0.1,1.14454689e-06,1.11286924e-06,fit
T8,300,tr,5.75,0.1,1.15727141e-06,1.16543383e-06,fit
T8,300,tr,5.8,0.1,1.16996956e-06,1.25403087e-06,fit
T8,300,tr,5.85,0.1,1.18264126e-06,1.17334787e-06,fit
T8,300,tr,5.9,0.1,1.19528643e-06,1.17536409e-06,fit
T8,300,tr,5.95,0.1,1.207905e-06,1.19203694e-06,fit
T8,300,tr,6,0.1,1.2204969e-06,1.20728829e-06,fit
T8,300,tr,6.05,0.1,1.23306209e-06,1.19993732e-06,fit
T8,300,tr,6.1,0.1,1.24560049e-06,1.30497868e-06,fit
T8,300,tr,6.15,0.1,1.25811207e-06,1.25719833e-06,fit
T8,300,tr,6.2,0.1,1.27059677e-06,1.24623454e-06,fit
T8,300,tr,6.25,0.1,1.28305455e-06,1.29875396e-06,fit
T8,300,tr,6.3,0.1,1.29548537e-06,1.27064531e-06,fit
T8,300,tr,6.35,0.1,1.30788921e-06,1.33743843e-06,fit
T8,300,tr,6.4,0.1,1.32026602e-06,1.27349973e-06,fit
T8,300,tr,6.45,0.1,1.33261579e-06,1.27427567e-06,fit
T8,300,tr,6.5,0.1,1.34493849e-06,1.34595225e-06,fit
T8,300,tr,6.55,0.1,1.3572341e-06,1.41153588e-06,fit
T8,300,tr,6.6,0.1,1.36950261e-06,1.29644745e-06,fit
T8,300,tr,6.65,0.1,1.381744e-06,1.26398011e-06,fit
T8,300,tr,6.7,0.1,1.39395826e-06,1.38042019e-06,fit
T8,300,tr,6.75,0.1,1.40614539e-06,1.43807531e-06,fit
T8,300,tr,6.8,0.1,1.41830538e-06,1.4532729e-06,fit
T8,300,tr,6.85,0.1,1.43043824e-06,1.39900357e-06,fit
T8,300,tr,6.9,0.1,1.44254396e-06,1.39837545e-06,fit
T8,300,tr,6.95,0.1,1.45462254e-06,1.44628747e-06,fit
T8,300,tr,7,0.1,1.46667401e-06,1.44450529e-06,fit
T8,300,tr,7.05,0.1,1.47869835e-06,1.45464956e-06,fit
T8,300,tr,7.1,0.1,1.4906956e-06,1.50329529e-06,fit
T8,300,tr,7.15,0.1,1.50266575e-06,1.50993462e-06,fit
T8,300,tr,7.2,0.1,1.51460883e-06,1.50030757e-06,fit
T8,300,tr,7.25,0.1,1.52652485e-06,1.51106191e-06,fit
T8,300,tr,7.3,0.1,1.53841384e-06,1.54906842e-06,fit
T8,300,tr,7.35,0.1,1.55027581e-06,1.54816395e-06,fit
T8,300,tr,7.4,0.1,1.5621108e-06,1.48035455e-06,fit
T8,300,tr,7.45,0.1,1.57391882e-06,1.61127935e-06,fit
T8,300,tr,7.5,0.1,1.5856999e-06,1.53788739e-06,fit
T8,300,tr,7.55,0.1,1.59745407e-06,1.72209636e-06,fit
T8,300,tr,7.6,0.1,1.60918137e-06,1.60039796e-06,fit
T8,300,tr,7.65,0.1,1.62088183e-06,1.56781133e-06,fit
T8,300,tr,7.7,0.1,1.63255547e-06,1.68880353e-06,fit
T8,300,tr,7.75,0.1,1.64420234e-06,1.62920823e-06,fit
T8,300,tr,7.8,0.1,1.65582247e-06,1.61214121e-06,fit
T8,300,tr,7.85,0.1,1.6674159e-06,1.68599858e-06,fit
T8,300,tr,7.9,0.1,1.67898267e-06,1.6459411e-06,fit
T8,300,tr,7.95,0.1,1.69052282e-06,1.75547538e-06,fit
T8,300,tr,8,0.1,1.7020364e-06,1.73290909e-06,fit
T8,300,tr,-2,5,1.5e-12,1.60019018e-12,fit
T8,300,tr,-1.95,5,1.5e-12,1.47105404e-12,fit
T8,300,tr,-1.9,5,1.5e-12,1.47884855e-12,fit
T8,300,tr,-1.85,5,1.5e-12,1.44859719e-12,fit
T8,300,tr,-1.8,5,1.5e-12,1.43995934e-12,fit
T8,300,tr,-1.75,5,1.5e-12,1.41312112e-12,fit
T8,300,tr,-1.7,5,1.5e-12,1.43517425e-12,fit
T8,300,tr,-1.65,5,1.5e-12,1.54956478e-12,fit
T8,300,tr,-1.6,5,1.5e-12,1.54775046e-12,fit
T8,300,tr,-1.55,5,1.5e-12,1.51681331e-12,fit
T8,300,tr,-1.5,5,1.5e-12,1.46733317e-12,fit
T8,300,tr,-1.45,5,1.5e-12,1.44984099e-12,fit
T8,300,tr,-1.4,5,1.5e-12,1.50722087e-12,fit
T8,300,tr,-1.35,5,1.5e-12,1.49393109e-12,fit
T8,300,tr,-1.3,5,1.5e-12,1.4907198e-12,fit
T8,300,tr,-1.25,5,1.5e-12,1.48724078e-12,fit
T8,300,tr,-1.2,5,1.5e-12,1.43863856e-12,fit
T8,300,tr,-1.15,5,1.5e-12,1.42806945e-12,fit
T8,300,tr,-1.1,5,1.5e-12,1.46608053e-12,fit
T8,300,tr,-1.05,5,1.5e-12,1.41968122e-12,fit
T8,300,tr,-1,5,1.5e-12,1.36324066e-12,fit
T8,300,tr,-0.95,5,1.5e-12,1.49247881e-12,fit
T8,300,tr,-0.9,5,1.5e-12,1.48507451e-12,fit
T8,300,tr,-0.85,5,1.5e-12,1.44505317e-12,fit
T8,300,tr,-0.8,5,1.5e-12,1.49551279e-12,fit
T8,300,tr,-0.75,5,1.5e-12,1.51109964e-12,fit
T8,300,tr,-0.7,5,1.5e-12,1.5658888e-12,fit
T8,300,tr,-0.65,5,1.5e-12,1.51265996e-12,fit
T8,300,tr,-0.6,5,1.5e-12,1.46750787e-12,fit
T8,300,tr,-0.55,5,1.5e-12,1.46392344e-12,fit
T8,300,tr,-0.5,5,1.50000001e-12,1.51964634e-12,fit
T8,300,tr,-0.45,5,1.50000002e-12,1.44344119e-12,fit
T8,300,tr,-0.4,5,1.50000004e-12,1.49333657e-12,fit
T8,300,tr,-0.35,5,1.50000009e-12,1.42208656e-12,fit
T8,300,tr,-0.3,5,1.50000021e-12,1.48564546e-12,fit
T8,300,tr,-0.25,5,1.50000049e-12,1.49930271e-12,fit
T8,300,tr,-0.2,5,1.50000112e-12,1.50352134e-12,fit
T8,300,tr,-0.15,5,1.50000257e-12,1.47156008e-12,fit
T8,300,tr,-0.1,5,1.5000059e-12,1.49681924e-12,fit
T8,300,tr,-0.05,5,1.50001358e-12,1.45035991e-12,fit
T8,300,tr,1.20736754e-15,5,1.50003124e-12,1.45586245e-12,fit
T8,300,tr,0.05,5,1.50009016e-12,1.53512853e-12,fit
T8,300,tr,0.1,5,1.50020737e-12,1.49240886e-12,fit
T8,300,tr,0.15,5,1.50047691e-12,1.4633795e-12,fit
T8,300,tr,0.2,5,1.50109679e-12,1.48507889e-12,fit
T8,300,tr,0.25,5,1.50252216e-12,1.51564495e-12,fit
T8,300,tr,0.3,5,1.50579929e-12,1.50333078e-12,fit
T8,300,tr,0.35,5,1.5133324e-12,1.45355152e-12,fit
T8,300,tr,0.4,5,1.53064359e-12,1.59511199e-12,fit
T8,300,tr,0.45,5,1.57040769e-12,1.56138212e-12,fit
T8,300,tr,0.5,5,1.66168853e-12,1.73905683e-12,fit
T8,300,tr,0.55,5,1.87103331e-12,1.95034254e-12,fit
T8,300,tr,0.6,5,2.35048967e-12,2.33896671e-12,fit
T8,300,tr,0.65,5,3.44637043e-12,3.50114444e-12,fit
T8,300,tr,0.7,5,5.94385079e-12,5.62965368e-12,fit
T8,300,tr,0.75,5,1.16112488e-11,1.15741156e-11,fit
T8,300,tr,0.8,5,2.43925681e-11,2.45697383e-11,fit
T8,300,tr,0.85,5,5.29620469e-11,5.49789409e-11,fit
T8,300,tr,0.9,5,1.16019308e-10,1.14788491e-10,fit
T8,300,tr,0.95,5,2.52754383e-10,2.67704533e-10,fit
T8,300,tr,1,5,5.42152124e-10,5.36788894e-10,fit
T8,300,tr,1.05,5,1.13521346e-09,1.16792618e-09,fit
T8,300,tr,1.1,5,2.30134981e-09,2.39672017e-09,fit
T8,300,tr,1.15,5,4.48128069e-09,4.4515816e-09,fit
T8,300,tr,1.2,5,8.32482644e-09,8.69206204e-09,fit
T8,300,tr,1.25,5,1.46837402e-08,1.49330118e-08,fit
T8,300,tr,1.3,5,2.45426248e-08,2.53668219e-08,fit
T8,300,tr,1.35,5,3.890456e-08,3.78876849e-08,fit
T8,300,tr,1.4,5,5.8675883e-08,5.71117295e-08,fit
T8,300,tr,1.45,5,8.45913297e-08,8.89135676e-08,fit
T8,300,tr,1.5,5,1.17192849e-07,1.22448552e-07,fit
T8,300,tr,1.55,5,1.56849302e-07,1.63201991e-07,fit
T8,300,tr,1.6,5,2.03795227e-07,2.05806586e-07,fit
T8,300,tr,1.65,5,2.58171386e-07,2.62765247e-07,fit
T8,300,tr,1.7,5,3.20058293e-07,3.17841451e-07,fit
T8,300,tr,1.75,5,3.8950041e-07,3.85557715e-07,fit
T8,300,tr,1.8,5,4.66522025e-07,4.57351316e-07,fit
T8,300,tr,1.85,5,5.51136918e-07,5.36977713e-07,fit
T8,300,tr,1.9,5,6.43353812e-07,6.45363892e-07,fit
T8,300,tr,1.95,5,7.43179189e-07,7.45758641e-07,fit
T8,300,tr,2,5,8.50618556e-07,8.32154872e-07,fit
T8,300,tr,2.05,5,9.65676856e-07,9.51122312e-07,fit
T8,300,tr,2.1,5,1.08835845e-06,1.1477286e-06,fit
T8,300,tr,2.15,5,1.2186669e-06,1.24008324e-06,fit
T8,300,tr,2.2,5,1.35660474e-06,1.3794623e-06,fit
T8,300,tr,2.25,5,1.50217319e-06,1.58242244e-06,fit
T8,300,tr,2.3,5,1.65537198e-06,1.658831e-06,fit
T8,300,tr,2.35,5,1.81619917e-06,1.85481404e-06,fit
T8,300,tr,2.4,5,1.98465104e-06,2.11591434e-06,fit
T8,300,tr,2.45,5,2.16072198e-06,2.14384661e-06,fit
T8,300,tr,2.5,5,2.34440448e-06,2.34149402e-06,fit
T8,300,tr,2.55,5,2.53568905e-06,2.65559867e-06,fit
T8,300,tr,2.6,5,2.73456424e-06,2.70239421e-06,fit
T8,300,tr,2.65,5,2.94101657e-06,3.10344578e-06,fit
T8,300,tr,2.7,5,3.15503059e-06,3.06997277e-06,fit
T8,300,tr,2.75,5,3.37658882e-06,3.33960088e-06,fit
T8,300,tr,2.8,5,3.60567177e-06,3.71683158e-06,fit
T8,300,tr,2.85,5,3.8422579e-06,3.80259649e-06,fit
T8,300,tr,2.9,5,4.08632367e-06,4.08396895e-06,fit
T8,300,tr,2.95,5,4.33784347e-06,4.55425806e-06,fit
T8,300,tr,3,5,4.59678961e-06,4.46834453e-06,fit
T8,300,tr,3.05,5,4.86313237e-06,4.90735919e-06,fit
T8,300,tr,3.1,5,5.13683988e-06,5.16382963e-06,fit
T8,300,tr,3.15,5,5.41787818e-06,5.45977685e-06,fit
T8,300,tr,3.2,5,5.70621119e-06,6.05677126e-06,fit
T8,300,tr,3.25,5,6.00180064e-06,5.76337896e-06,fit
T8,300,tr,3.3,5,6.30460612e-06,6.30395203e-06,fit
T8,300,tr,3.35,5,6.61458503e-06,6.37408989e-06,fit
T8,300,tr,3.4,5,6.93169256e-06,7.22377109e-06,fit
T8,300,tr,3.45,5,7.25588169e-06,7.31939046e-06,fit
T8,300,tr,3.5,5,7.58710319e-06,7.67847866e-06,fit
T8,300,tr,3.55,5,7.92530557e-06,7.90793921e-06,fit
T8,300,tr,3.6,5,8.27043516e-06,7.91754303e-06,fit
T8,300,tr,3.65,5,8.62243603e-06,8.34932849e-06,fit
T8,300,tr,3.7,5,8.98125005e-06,9.1728606e-06,fit
T8,300,tr,3.75,5,9.34681686e-06,9.35752179e-06,fit
T8,300,tr,3.8,5,9.71907394e-06,9.83985515e-06,fit
T8,300,tr,3.85,5,1.00979566e-05,1.01422253e-05,fit
T8,300,tr,3.9,5,1.04833979e-05,1.00926171e-05,fit
T8,300,tr,3.95,5,1.0875329e-05,1.10290042e-05,fit
T8,300,tr,4,5,1.12736789e-05,1.1344117e-05,fit
T8,300,tr,4.05,5,1.16783744e-05,1.23739552e-05,fit
T8,300,tr,4.1,5,1.20893405e-05,1.26065875e-05,fit
T8,300,tr,4.15,5,1.25065004e-05,1.27179045e-05,fit
T8,300,tr,4.2,5,1.2929775e-05,1.29069287e-05,fit
T8,300,tr,4.25,5,1.33590838e-05,1.28859661e-05,fit
T8,300,tr,4.3,5,1.37943443e-05,1.40919279e-05,fit
T8,300,tr,4.35,5,1.42354726e-05,1.42217245e-05,fit
T8,300,tr,4.4,5,1.46823828e-05,1.46153008e-05,fit
T8,300,tr,4.45,5,1.51349878e-05,1.5034095e-05,fit
T8,300,tr,4.5,5,1.5593199e-05,1.54417872e-05,fit
T8,300,tr,4.55,5,1.60569263e-05,1.59629314e-05,fit
T8,300,tr,4.6,5,1.65260785e-05,1.66423386e-05,fit
T8,300,tr,4.65,5,1.7000563e-05,1.63976649e-05,fit
T8,300,tr,4.7,5,1.74802863e-05,1.83254048e-05,fit
T8,300,tr,4.75,5,1.79651539e-05,1.78927128e-05,fit
T8,300,tr,4.8,5,1.84550701e-05,1.79758494e-05,fit
T8,300,tr,4.85,5,1.89499388e-05,1.90157714e-05,fit
T8,300,tr,4.9,5,1.9449663e-05,1.93061594e-05,fit
T8,300,tr,4.95,5,1.99541448e-05,2.02744685e-05,fit
T8,300,tr,5,5,2.04632862e-05,2.03099125e-05,fit
T8,300,tr,5.05,5,2.09769884e-05,2.10489951e-05,fit
T8,300,tr,5.1,5,2.14951526e-05,2.12800568e-05,fit
T8,300,tr,5.15,5,2.20176794e-05,2.25698096e-05,fit
T8,300,tr,5.2,5,2.25444694e-05,2.21060527e-05,fit
T8,300,tr,5.25,5,2.30754231e-05,2.25454524e-05,fit
T8,300,tr,5.3,5,2.3610441e-05,2.3500127e-05,fit
T8,300,tr,5.35,5,2.41494237e-05,2.4525461e-05,fit
T8,300,tr,5.4,5,2.46922721e-05,2.35578289e-05,fit
T8,300,tr,5.45,5,2.5238887e-05,2.42963197e-05,fit
T8,300,tr,5.5,5,2.57891699e-05,2.56614538e-05,fit
T8,300,tr,5.55,5,2.63430226e-05,2.73760845e-05,fit
T8,300,tr,5.6,5,2.69003473e-05,2.77285609e-05,fit
T8,300,tr,5.65,5,2.74610468e-05,2.72423174e-05,fit
T8,300,tr,5.7,5,2.80250245e-05,2.67069703e-05,fit
T8,300,tr,5.75,5,2.85921846e-05,3.0330066e-05,fit
T8,300,tr,5.8,5,2.9162432e-05,2.79004363e-05,fit
T8,300,tr,5.85,5,2.97356722e-05,3.00129689e-05,fit
T8,300,tr,5.9,5,3.03118118e-05,2.91295713e-05,fit
T8,300,tr,5.95,5,3.08907582e-05,3.02182532e-05,fit
T8,300,tr,6,5,3.14724198e-05,3.20012172e-05,fit
T8,300,tr,6.05,5,3.20567061e-05,3.13497493e-05,fit
T8,300,tr,6.1,5,3.26435273e-05,3.22369674e-05,fit
T8,300,tr,6.15,5,3.32327952e-05,3.28233799e-05,fit
T8,300,tr,6.2,5,3.38244222e-05,3.35010806e-05,fit
T8,300,tr,6.25,5,3.44183222e-05,3.66127558e-05,fit
T8,300,tr,6.3,5,3.50144102e-05,3.45722836e-05,fit
T8,300,tr,6.35,5,3.56126024e-05,3.45130059e-05,fit
T8,300,tr,6.4,5,3.62128162e-05,3.7629432e-05,fit
T8,300,tr,6.45,5,3.68149704e-05,3.46076808e-05,fit
T8,300,tr,6.5,5,3.74189848e-05,3.7907439e-05,fit
T8,300,tr,6.55,5,3.80247808e-05,3.9704854e-05,fit
T8,300,tr,6.6,5,3.86322809e-05,3.99161967e-05,fit
T8,300,tr,6.65,5,3.92414091e-05,3.99069214e-05,fit
T8,300,tr,6.7,5,3.98520906e-05,3.89355155e-05,fit
T8,300,tr,6.75,5,4.0464252e-05,4.13163767e-05,fit
T8,300,tr,6.8,5,4.10778213e-05,3.97939748e-05,fit
T8,300,tr,6.85,5,4.16927277e-05,4.05567004e-05,fit
T8,300,tr,6.9,5,4.23089019e-05,4.53574632e-05,fit
T8,300,tr,6.95,5,4.29262759e-05,4.4873157e-05,fit
T8,300,tr,7,5,4.35447831e-05,4.58987844e-05,fit
T8,300,tr,7.05,5,4.41643581e-05,4.28565601e-05,fit
T8,300,tr,7.1,5,4.47849371e-05,4.4871167e-05,fit
T8,300,tr,7.15,5,4.54064574e-05,4.5895467e-05,fit
T8,300,tr,7.2,5,4.60288578e-05,4.50637047e-05,fit
T8,300,tr,7.25,5,4.66520783e-05,4.85533767e-05,fit
T8,300,tr,7.3,5,4.72760604e-05,4.6864625e-05,fit
T8,300,tr,7.35,5,4.79007467e-05,4.74920293e-05,fit
T8,300,tr,7.4,5,4.85260812e-05,5.06208349e-05,fit
T8,300,tr,7.45,5,4.91520091e-05,5.22111076e-05,fit
T8,300,tr,7.5,5,4.97784771e-05,4.82379138e-05,fit
T8,300,tr,7.55,5,5.0405433e-05,4.7875502e-05,fit
T8,300,tr,7.6,5,5.10328256e-05,5.02149694e-05,fit
T8,300,tr,7.65,5,5.16606054e-05,5.2875811e-05,fit
T8,300,tr,7.7,5,5.22887238e-05,5.33044384e-05,fit
T8,300,tr,7.75,5,5.29171335e-05,5.30360333e-05,fit
T8,300,tr,7.8,5,5.35457882e-05,5.26887012e-05,fit
T8,300,tr,7.85,5,5.41746431e-05,5.33647863e-05,fit
T8,300,tr,7.9,5,5.48036543e-05,5.26498569e-05,fit
T8,300,tr,7.95,5,5.54327789e-05,5.6793572e-05,fit
T8,300,tr,8,5,5.60619755e-05,5.70837343e-05,fit
T7,300,out,2,-0,0,4.73062937e-15,fit
T7,300,out,2,0.05,1.06205661e-07,1.14073401e-07,fit
T7,300,out,2,0.1,2.06390693e-07,2.09750618e-07,fit
T7,300,out,2,0.15,3.00152581e-07,3.04424462e-07,fit
T7,300,out,2,0.2,3.87101024e-07,3.70266595e-07,fit
T7,300,out,2,0.25,4.66935396e-07,4.8686942e-07,fit
T7,300,out,2,0.3,5.39492684e-07,4.94575538e-07,fit
T7,300,out,2,0.35,6.04772357e-07,6.15786979e-07,fit
T7,300,out,2,0.4,6.62940132e-07,6.77251111e-07,fit
T7,300,out,2,0.45,7.14313676e-07,7.00640223e-07,fit
T7,300,out,2,0.5,7.59334944e-07,7.12574688e-07,fit
T7,300,out,2,0.55,7.98534926e-07,8.0724675e-07,fit
T7,300,out,2,0.6,8.32496521e-07,8.57797864e-07,fit
T7,300,out,2,0.65,8.61820193e-07,8.31441241e-07,fit
T7,300,out,2,0.7,8.87095483e-07,9.12702924e-07,fit
T7,300,out,2,0.75,9.08879792e-07,9.45968243e-07,fit
T7,300,out,2,0.8,9.27684477e-07,9.73731272e-07,fit
T7,300,out,2,0.85,9.43967361e-07,9.83108453e-07,fit
T7,300,out,2,0.9,9.58130354e-07,9.04937604e-07,fit
T7,300,out,2,0.95,9.70520724e-07,1.00363917e-06,fit
T7,300,out,2,1,9.81434751e-07,9.57359754e-07,fit
T7,300,out,2,1.05,9.91122689e-07,1.00387724e-06,fit
T7,300,out,2,1.1,9.9979428e-07,9.96578745e-07,fit
T7,300,out,2,1.15,1.00762428e-06,1.05931992e-06,fit
T7,300,out,2,1.2,1.01475765e-06,1.02343259e-06,fit
T7,300,out,2,1.25,1.0213143e-06,1.05383931e-06,fit
T7,300,out,2,1.3,1.02739319e-06,1.04551115e-06,fit
T7,300,out,2,1.35,1.03307596e-06,1.05691862e-06,fit
T7,300,out,2,1.4,1.03842989e-06,1.06686676e-06,fit
T7,300,out,2,1.45,1.04351047e-06,1.05229912e-06,fit
T7,300,out,2,1.5,1.04836352e-06,1.02078057e-06,fit
T7,300,out,2,1.55,1.05302689e-06,1.06815524e-06,fit
T7,300,out,2,1.6,1.05753193e-06,1.04755136e-06,fit
T7,300,out,2,1.65,1.06190464e-06,1.06169508e-06,fit
T7,300,out,2,1.7,1.06616662e-06,1.07446089e-06,fit
T7,300,out,2,1.75,1.07033588e-06,1.07862881e-06,fit
T7,300,out,2,1.8,1.07442744e-06,1.0766338e-06,fit
T7,300,out,2,1.85,1.0784539e-06,1.18875078e-06,fit
T7,300,out,2,1.9,1.08242581e-06,1.1791659e-06,fit
T7,300,out,2,1.95,1.08635206e-06,1.13381901e-06,fit
T7,300,out,2,2,1.09024014e-06,1.0545911e-06,fit
T7,300,out,2,2.05,1.09409642e-06,1.03796052e-06,fit
T7,300,out,2,2.1,1.09792625e-06,1.07974768e-06,fit
T7,300,out,2,2.15,1.10173423e-06,1.08888947e-06,fit
T7,300,out,2,2.2,1.10552424e-06,1.10908934e-06,fit
T7,300,out,2,2.25,1.10929964e-06,1.0957271e-06,fit
T7,300,out,2,2.3,1.11306327e-06,1.14196918e-06,fit
T7,300,out,2,2.35,1.1168176e-06,1.13410798e-06,fit
T7,300,out,2,2.4,1.12056473e-06,1.12065182e-06,fit
T7,300,out,2,2.45,1.12430651e-06,1.16935389e-06,fit
T7,300,out,2,2.5,1.12804451e-06,1.1697195e-06,fit
T7,300,out,2,2.55,1.1317801e-06,1.1399204e-06,fit
T7,300,out,2,2.6,1.13551448e-06,1.1172073e-06,fit
T7,300,out,2,2.65,1.1392487e-06,1.17881925e-06,fit
T7,300,out,2,2.7,1.14298366e-06,1.20604525e-06,fit
T7,300,out,2,2.75,1.14672016e-06,1.13998811e-06,fit
T7,300,out,2,2.8,1.15045889e-06,1.13891125e-06,fit
T7,300,out,2,2.85,1.15420049e-06,1.1245257e-06,fit
T7,300,out,2,2.9,1.15794548e-06,1.11091791e-06,fit
T7,300,out,2,2.95,1.16169435e-06,1.11424498e-06,fit
T7,300,out,2,3,1.16544752e-06,1.17889003e-06,fit
T7,300,out,2,3.05,1.16920538e-06,1.17441188e-06,fit
T7,300,out,2,3.1,1.17296825e-06,1.13413525e-06,fit
T7,300,out,2,3.15,1.17673643e-06,1.18265341e-06,fit
T7,300,out,2,3.2,1.1805102e-06,1.18512494e-06,fit
T7,300,out,2,3.25,1.18428978e-06,1.16056456e-06,fit
T7,300,out,2,3.3,1.1880754e-06,1.21605803e-06,fit
T7,300,out,2,3.35,1.19186725e-06,1.2214775e-06,fit
T7,300,out,2,3.4,1.19566549e-06,1.20982839e-06,fit
T7,300,out,2,3.45,1.19947029e-06,1.25792514e-06,fit
T7,300,out,2,3.5,1.20328179e-06,1.21152595e-06,fit
T7,300,out,2,3.55,1.20710011e-06,1.21315135e-06,fit
T7,300,out,2,3.6,1.21092537e-06,1.18999139e-06,fit
T7,300,out,2,3.65,1.21475767e-06,1.23095296e-06,fit
T7,300,out,2,3.7,1.21859712e-06,1.24400074e-06,fit
T7,300,out,2,3.75,1.22244379e-06,1.22979786e-06,fit
T7,300,out,2,3.8,1.22629777e-06,1.23226882e-06,fit
T7,300,out,2,3.85,1.23015914e-06,1.20592707e-06,fit
T7,300,out,2,3.9,1.23402795e-06,1.2670877e-06,fit
T7,300,out,2,3.95,1.23790428e-06,1.22936242e-06,fit
T7,300,out,2,4,1.24178818e-06,1.25168158e-06,fit
T7,300,out,2,4.05,1.24567969e-06,1.1742172e-06,fit
T7,300,out,2,4.1,1.24957888e-06,1.25380669e-06,fit
T7,300,out,2,4.15,1.25348579e-06,1.22479594e-06,fit
T7,300,out,2,4.2,1.25740046e-06,1.23664357e-06,fit
T7,300,out,2,4.25,1.26132292e-06,1.24207149e-06,fit
T7,300,out,2,4.3,1.26525322e-06,1.22223719e-06,fit
T7,300,out,2,4.35,1.26919139e-06,1.20924145e-06,fit
T7,300,out,2,4.4,1.27313747e-06,1.309207e-06,fit
T7,300,out,2,4.45,1.27709147e-06,1.28698685e-06,fit
T7,300,out,2,4.5,1.28105344e-06,1.2641319e-06,fit
T7,300,out,2,4.55,1.2850234e-06,1.29969286e-06,fit
T7,300,out,2,4.6,1.28900137e-06,1.2846128e-06,fit
T7,300,out,2,4.65,1.29298739e-06,1.26088017e-06,fit
T7,300,out,2,4.7,1.29698146e-06,1.30245626e-06,fit
T7,300,out,2,4.75,1.30098362e-06,1.34262092e-06,fit
T7,300,out,2,4.8,1.30499389e-06,1.35666727e-06,fit
T7,300,out,2,4.85,1.30901228e-06,1.29891508e-06,fit
T7,300,out,2,4.9,1.31303881e-06,1.37546204e-06,fit
T7,300,out,2,4.95,1.31707351e-06,1.25548418e-06,fit
T7,300,out,2,5,1.32111639e-06,1.34568537e-06,fit
T7,300,out,2,5.05,1.32516747e-06,1.38511834e-06,fit
T7,300,out,2,5.1,1.32922676e-06,1.38173363e-06,fit
T7,300,out,2,5.15,1.33329428e-06,1.36371835e-06,fit
T7,300,out,2,5.2,1.33737005e-06,1.252424e-06,fit
T7,300,out,2,5.25,1.34145408e-06,1.31819992e-06,fit
T7,300,out,2,5.3,1.34554638e-06,1.30412372e-06,fit
T7,300,out,2,5.35,1.34964698e-06,1.35708627e-06,fit
T7,300,out,2,5.4,1.35375588e-06,1.4015881e-06,fit
T7,300,out,2,5.45,1.35787309e-06,1.37265474e-06,fit
T7,300,out,2,5.5,1.36199864e-06,1.33086888e-06,fit
T7,300,out,2,5.55,1.36613253e-06,1.27586426e-06,fit
T7,300,out,2,5.6,1.37027477e-06,1.46766923e-06,fit
T7,300,out,2,5.65,1.37442538e-06,1.39328587e-06,fit
T7,300,out,2,5.7,1.37858437e-06,1.28356094e-06,fit
T7,300,out,2,5.75,1.38275175e-06,1.29890238e-06,fit
T7,300,out,2,5.8,1.38692754e-06,1.3875326e-06,fit
T7,300,out,2,5.85,1.39111174e-06,1.35219216e-06,fit
T7,300,out,2,5.9,1.39530436e-06,1.40234283e-06,fit
T7,300,out,2,5.95,1.39950543e-06,1.37662892e-06,fit
T7,300,out,2,6,1.40371494e-06,1.43849324e-06,fit
T7,300,out,3,-0,0,7.96337215e-15,fit
T7,300,out,3,0.05,2.4680529e-07,2.48933936e-07,fit
T7,300,out,3,0.1,4.87618967e-07,4.46985951e-07,fit
T7,300,out,3,0.15,7.222616e-07,7.61919379e-07,fit
T7,300,out,3,0.2,9.5052433e-07,9.65197523e-07,fit
T7,300,out,3,0.25,1.1721871e-06,1.26242634e-06,fit
T7,300,out,3,0.3,1.38703098e-06,1.35604558e-06,fit
T7,300,out,3,0.35,1.59484776e-06,1.60820919e-06,fit
T7,300,out,3,0.4,1.79544787e-06,1.82795025e-06,fit
T7,300,out,3,0.45,1.98866676e-06,2.04967654e-06,fit
T7,300,out,3,0.5,2.17437025e-06,2.30747187e-06,fit
T7,300,out,3,0.55,2.35245857e-06,2.4196753e-06,fit
T7,300,out,3,0.6,2.52286928e-06,2.72674069e-06,fit
T7,300,out,3,0.65,2.68557913e-06,2.69834627e-06,fit
T7,300,out,3,0.7,2.84060479e-06,2.69321779e-06,fit
T7,300,out,3,0.75,2.98800257e-06,3.01171842e-06,fit
T7,300,out,3,0.8,3.12786721e-06,3.05839445e-06,fit
T7,300,out,3,0.85,3.26032984e-06,3.29463784e-06,fit
T7,300,out,3,0.9,3.38555526e-06,3.42270999e-06,fit
T7,300,out,3,0.95,3.50373861e-06,3.47851665e-06,fit
T7,300,out,3,1,3.61510164e-06,3.48887835e-06,fit
T7,300,out,3,1.05,3.71988877e-06,3.79579084e-06,fit
T7,300,out,3,1.1,3.81836288e-06,3.85541468e-06,fit
T7,300,out,3,1.15,3.91080125e-06,3.84656906e-06,fit
T7,300,out,3,1.2,3.99749151e-06,4.14262322e-06,fit
T7,300,out,3,1.25,4.0787278e-06,4.19445932e-06,fit
T7,300,out,3,1.3,4.15480726e-06,4.36005323e-06,fit
T7,300,out,3,1.35,4.22602679e-06,4.21432613e-06,fit
T7,300,out,3,1.4,4.29268023e-06,3.98703623e-06,fit
T7,300,out,3,1.45,4.3550559e-06,4.21730459e-06,fit
T7,300,out,3,1.5,4.4134345e-06,4.29589024e-06,fit
T7,300,out,3,1.55,4.46808745e-06,4.45395117e-06,fit
T7,300,out,3,1.6,4.51927555e-06,4.37887245e-06,fit
T7,300,out,3,1.65,4.567248e-06,4.37403211e-06,fit
T7,300,out,3,1.7,4.61224164e-06,4.74740752e-06,fit
T7,300,out,3,1.75,4.65448061e-06,4.61664151e-06,fit
T7,300,out,3,1.8,4.69417606e-06,4.72690767e-06,fit
T7,300,out,3,1.85,4.73152622e-06,4.96335157e-06,fit
T7,300,out,3,1.9,4.76671652e-06,4.83340221e-06,fit
T7,300,out,3,1.95,4.79991989e-06,4.88268557e-06,fit
T7,300,out,3,2,4.83129717e-06,4.71960658e-06,fit
T7,300,out,3,2.05,4.86099759e-06,4.98597994e-06,fit
T7,300,out,3,2.1,4.88915926e-06,4.87085092e-06,fit
T7,300,out,3,2.15,4.91590982e-06,4.83738151e-06,fit
T7,300,out,3,2.2,4.94136694e-06,5.0418913e-06,fit
T7,300,out,3,2.25,4.96563902e-06,4.87744468e-06,fit
T7,300,out,3,2.3,4.98882571e-06,5.08276909e-06,fit
T7,300,out,3,2.35,5.01101858e-06,5.0124873e-06,fit
T7,300,out,3,2.4,5.03230161e-06,4.99654284e-06,fit
T7,300,out,3,2.45,5.05275183e-06,5.09078639e-06,fit
T7,300,out,3,2.5,5.07243978e-06,5.05868674e-06,fit
T7,300,out,3,2.55,5.09143007e-06,5.22005253e-06,fit
T7,300,out,3,2.6,5.10978179e-06,5.13090095e-06,fit
T7,300,out,3,2.65,5.12754902e-06,5.11824247e-06,fit
T7,300,out,3,2.7,5.14478121e-06,4.9901582e-06,fit
T7,300,out,3,2.75,5.16152355e-06,5.13674967e-06,fit
T7,300,out,3,2.8,5.17781738e-06,5.0703326e-06,fit
T7,300,out,3,2.85,5.19370047e-06,5.10109838e-06,fit
T7,300,out,3,2.9,5.20920735e-06,5.08815973e-06,fit
T7,300,out,3,2.95,5.22436958e-06,5.22753957e-06,fit
T7,300,out,3,3,5.23921603e-06,5.66482607e-06,fit
T7,300,out,3,3.05,5.25377308e-06,5.41283797e-06,fit
T7,300,out,3,3.1,5.26806488e-06,5.55894685e-06,fit
T7,300,out,3,3.15,5.2821135e-06,5.2064806e-06,fit
T7,300,out,3,3.2,5.29593917e-06,5.36434747e-06,fit
T7,300,out,3,3.25,5.30956037e-06,5.48843233e-06,fit
T7,300,out,3,3.3,5.32299405e-06,5.47096704e-06,fit
T7,300,out,3,3.35,5.33625574e-06,5.04384923e-06,fit
T7,300,out,3,3.4,5.34935967e-06,5.39077432e-06,fit
T7,300,out,3,3.45,5.36231888e-06,5.45897974e-06,fit
T7,300,out,3,3.5,5.37514534e-06,5.25922883e-06,fit
T7,300,out,3,3.55,5.38785003e-06,5.10734152e-06,fit
T7,300,out,3,3.6,5.40044304e-06,5.35646887e-06,fit
T7,300,out,3,3.65,5.41293364e-06,5.46640349e-06,fit
T7,300,out,3,3.7,5.42533035e-06,5.79035511e-06,fit
T7,300,out,3,3.75,5.43764101e-06,5.41800136e-06,fit
T7,300,out,3,3.8,5.44987281e-06,5.32950033e-06,fit
T7,300,out,3,3.85,5.46203241e-06,5.79284187e-06,fit
T7,300,out,3,3.9,5.47412592e-06,5.41454121e-06,fit
T7,300,out,3,3.95,5.48615897e-06,5.47292312e-06,fit
T7,300,out,3,4,5.49813677e-06,5.48585284e-06,fit
T7,300,out,3,4.05,5.51006411e-06,5.62875221e-06,fit
T7,300,out,3,4.1,5.52194542e-06,5.10188106e-06,fit
T7,300,out,3,4.15,5.53378479e-06,5.27313752e-06,fit
T7,300,out,3,4.2,5.54558602e-06,5.44046198e-06,fit
T7,300,out,3,4.25,5.55735259e-06,5.67387744e-06,fit
T7,300,out,3,4.3,5.56908774e-06,5.56443649e-06,fit
T7,300,out,3,4.35,5.58079449e-06,5.62027282e-06,fit
T7,300,out,3,4.4,5.5924756e-06,5.6649538e-06,fit
T7,300,out,3,4.45,5.60413365e-06,5.74675781e-06,fit
T7,300,out,3,4.5,5.61577104e-06,5.77317619e-06,fit
T7,300,out,3,4.55,5.62738998e-06,5.78880703e-06,fit
T7,300,out,3,4.6,5.63899252e-06,5.80699178e-06,fit
T7,300,out,3,4.65,5.6505806e-06,5.37950031e-06,fit
T7,300,out,3,4.7,5.66215599e-06,5.67666599e-06,fit
T7,300,out,3,4.75,5.67372033e-06,5.77592884e-06,fit
T7,300,out,3,4.8,5.68527519e-06,5.42216358e-06,fit
T7,300,out,3,4.85,5.69682199e-06,6.05765721e-06,fit
T7,300,out,3,4.9,5.70836206e-06,5.53697584e-06,fit
T7,300,out,3,4.95,5.71989667e-06,5.76297691e-06,fit
T7,300,out,3,5,5.73142697e-06,5.39968012e-06,fit
T7,300,out,3,5.05,5.74295405e-06,5.95345802e-06,fit
T7,300,out,3,5.1,5.75447893e-06,5.80821448e-06,fit
T7,300,out,3,5.15,5.76600255e-06,6.06315486e-06,fit
T7,300,out,3,5.2,5.7775258e-06,5.87757035e-06,fit
T7,300,out,3,5.25,5.78904952e-06,6.08925447e-06,fit
T7,300,out,3,5.3,5.80057447e-06,6.13647061e-06,fit
T7,300,out,3,5.35,5.8121014e-06,5.78732686e-06,fit
T7,300,out,3,5.4,5.82363097e-06,5.82632382e-06,fit
T7,300,out,3,5.45,5.83516382e-06,5.68241002e-06,fit
T7,300,out,3,5.5,5.84670057e-06,6.09501788e-06,fit
T7,300,out,3,5.55,5.85824177e-06,5.7026873e-06,fit
T7,300,out,3,5.6,5.86978794e-06,5.94141213e-06,fit
T7,300,out,3,5.65,5.88133959e-06,5.96907942e-06,fit
T7,300,out,3,5.7,5.89289719e-06,6.12818557e-06,fit
T7,300,out,3,5.75,5.90446117e-06,5.8772876e-06,fit
T7,300,out,3,5.8,5.91603194e-06,5.9119537e-06,fit
T7,300,out,3,5.85,5.9276099e-06,5.98019677e-06,fit
T7,300,out,3,5.9,5.9391954e-06,6.24353731e-06,fit
T7,300,out,3,5.95,5.95078881e-06,6.25349053e-06,fit
T7,300,out,3,6,5.96239044e-06,6.10920062e-06,fit
T7,300,out,4,-0,0,1.26924255e-15,fit
T7,300,out,4,0.05,3.87431515e-07,3.6958196e-07,fit
T7,300,out,4,0.1,7.69062898e-07,7.79439451e-07,fit
T7,300,out,4,0.15,1.14478409e-06,1.14074417e-06,fit
T7,300,out,4,0.2,1.51446398e-06,1.55188479e-06,fit
T7,300,out,4,0.25,1.87795874e-06,1.98201826e-06,fit
T7,300,out,4,0.3,2.23511718e-06,2.29655427e-06,fit
T7,300,out,4,0.35,2.58578477e-06,2.59669519e-06,fit
T7,300,out,4,0.4,2.92980702e-06,2.98936031e-06,fit
T7,300,out,4,0.45,3.26703232e-06,3.34142697e-06,fit
T7,300,out,4,0.5,3.59731442e-06,3.48389939e-06,fit
T7,300,out,4,0.55,3.92051469e-06,4.14280325e-06,fit
T7,300,out,4,0.6,4.23650402e-06,4.20340098e-06,fit
T7,300,out,4,0.65,4.54516462e-06,4.4868782e-06,fit
T7,300,out,4,0.7,4.84639146e-06,4.7940565e-06,fit
T7,300,out,4,0.75,5.14009362e-06,5.05714683e-06,fit
T7,300,out,4,0.8,5.42619535e-06,5.35126407e-06,fit
T7,300,out,4,0.85,5.70463695e-06,5.89923415e-06,fit
T7,300,out,4,0.9,5.97537542e-06,5.86335751e-06,fit
T7,300,out,4,0.95,6.23838497e-06,6.42704359e-06,fit
T7,300,out,4,1,6.49365721e-06,6.42068601e-06,fit
T7,300,out,4,1.05,6.7412013e-06,6.82392137e-06,fit
T7,300,out,4,1.1,6.98104375e-06,7.26457036e-06,fit
T7,300,out,4,1.15,7.21322822e-06,7.22281323e-06,fit
T7,300,out,4,1.2,7.43781499e-06,7.42229011e-06,fit
T7,300,out,4,1.25,7.65488042e-06,8.10081873e-06,fit
T7,300,out,4,1.3,7.86451617e-06,7.89563903e-06,fit
T7,300,out,4,1.35,8.0668284e-06,8.20897417e-06,fit
T7,300,out,4,1.4,8.26193678e-06,8.30669964e-06,fit
T7,300,out,4,1.45,8.44997352e-06,8.1304305e-06,fit
T7,300,out,4,1.5,8.63108221e-06,8.55119568e-06,fit
T7,300,out,4,1.55,8.80541673e-06,8.98782831e-06,fit
T7,300,out,4,1.6,8.97314009e-06,9.25594727e-06,fit
T7,300,out,4,1.65,9.13442322e-06,9.04944873e-06,fit
T7,300,out,4,1.7,9.28944382e-06,9.52144706e-06,fit
T7,300,out,4,1.75,9.43838521e-06,9.64688689e-06,fit
T7,300,out,4,1.8,9.58143517e-06,1.00448449e-05,fit
T7,300,out,4,1.85,9.71878486e-06,8.89202401e-06,fit
T7,300,out,4,1.9,9.85062781e-06,1.02798194e-05,fit
T7,300,out,4,1.95,9.97715889e-06,1.01313792e-05,fit
T7,300,out,4,2,1.00985734e-05,9.9475165e-06,fit
T7,300,out,4,2.05,1.02150662e-05,9.98964971e-06,fit
T7,300,out,4,2.1,1.03268309e-05,1.04458621e-05,fit
T7,300,out,4,2.15,1.04340594e-05,1.04041649e-05,fit
T7,300,out,4,2.2,1.05369406e-05,1.09562769e-05,fit
T7,300,out,4,2.25,1.06356606e-05,9.98131782e-06,fit
T7,300,out,4,2.3,1.07304018e-05,1.07523652e-05,fit
T7,300,out,4,2.35,1.08213424e-05,1.08779746e-05,fit
T7,300,out,4,2.4,1.09086561e-05,1.08210371e-05,fit
T7,300,out,4,2.45,1.09925119e-05,1.0368381e-05,fit
T7,300,out,4,2.5,1.10730739e-05,1.10171593e-05,fit
T7,300,out,4,2.55,1.11505007e-05,1.0997015e-05,fit
T7,300,out,4,2.6,1.12249457e-05,1.10689687e-05,fit
T7,300,out,4,2.65,1.12965569e-05,1.15586403e-05,fit
T7,300,out,4,2.7,1.13654766e-05,1.14575506e-05,fit
T7,300,out,4,2.75,1.14318417e-05,1.15619038e-05,fit
T7,300,out,4,2.8,1.14957834e-05,1.12675883e-05,fit
T7,300,out,4,2.85,1.15574275e-05,1.17053735e-05,fit
T7,300,out,4,2.9,1.16168944e-05,1.21759083e-05,fit
T7,300,out,4,2.95,1.16742991e-05,1.21513101e-05,fit
T7,300,out,4,3,1.17297514e-05,1.22149229e-05,fit
T7,300,out,4,3.05,1.17833558e-05,1.13112471e-05,fit
T7,300,out,4,3.1,1.18352122e-05,1.1584172e-05,fit
T7,300,out,4,3.15,1.18854152e-05,1.18819264e-05,fit
T7,300,out,4,3.2,1.19340552e-05,1.13106405e-05,fit
T7,300,out,4,3.25,1.19812177e-05,1.24484473e-05,fit
T7,300,out,4,3.3,1.2026984e-05,1.13969174e-05,fit
T7,300,out,4,3.35,1.20714312e-05,1.23959356e-05,fit
T7,300,out,4,3.4,1.21146325e-05,1.25462582e-05,fit
T7,300,out,4,3.45,1.2156657e-05,1.22021755e-05,fit
T7,300,out,4,3.5,1.21975704e-05,1.11304933e-05,fit
T7,300,out,4,3.55,1.22374346e-05,1.2800536e-05,fit
T7,300,out,4,3.6,1.22763084e-05,1.21433325e-05,fit
T7,300,out,4,3.65,1.23142472e-05,1.22958204e-05,fit
T7,300,out,4,3.7,1.23513035e-05,1.2506506e-05,fit
T7,300,out,4,3.75,1.23875269e-05,1.22175084e-05,fit
T7,300,out,4,3.8,1.24229641e-05,1.25606735e-05,fit
T7,300,out,4,3.85,1.24576595e-05,1.21202119e-05,fit
T7,300,out,4,3.9,1.24916546e-05,1.28554332e-05,fit
T7,300,out,4,3.95,1.2524989e-05,1.31201002e-05,fit
T7,300,out,4,4,1.25576998e-05,1.2333545e-05,fit
T7,300,out,4,4.05,1.25898221e-05,1.31808111e-05,fit
T7,300,out,4,4.1,1.26213891e-05,1.3074023e-05,fit
T7,300,out,4,4.15,1.26524319e-05,1.23729082e-05,fit
T7,300,out,4,4.2,1.26829801e-05,1.34636395e-05,fit
T7,300,out,4,4.25,1.27130614e-05,1.31592654e-05,fit
T7,300,out,4,4.3,1.27427021e-05,1.25411954e-05,fit
T7,300,out,4,4.35,1.27719269e-05,1.27097932e-05,fit
T7,300,out,4,4.4,1.28007592e-05,1.2154914e-05,fit
T7,300,out,4,4.45,1.2829221e-05,1.32361926e-05,fit
T7,300,out,4,4.5,1.2857333e-05,1.35512424e-05,fit
T7,300,out,4,4.55,1.28851149e-05,1.31794032e-05,fit
T7,300,out,4,4.6,1.29125852e-05,1.29932288e-05,fit
T7,300,out,4,4.65,1.29397612e-05,1.23560799e-05,fit
T7,300,out,4,4.7,1.29666595e-05,1.28679522e-05,fit
T7,300,out,4,4.75,1.29932956e-05,1.27959727e-05,fit
T7,300,out,4,4.8,1.30196842e-05,1.34694597e-05,fit
T7,300,out,4,4.85,1.30458391e-05,1.40263577e-05,fit
T7,300,out,4,4.9,1.30717734e-05,1.27859527e-05,fit
T7,300,out,4,4.95,1.30974995e-05,1.37818407e-05,fit
T7,300,out,4,5,1.31230289e-05,1.32626888e-05,fit
T7,300,out,4,5.05,1.31483728e-05,1.33110815e-05,fit
T7,300,out,4,5.1,1.31735415e-05,1.36307091e-05,fit
T7,300,out,4,5.15,1.31985449e-05,1.32656344e-05,fit
T7,300,out,4,5.2,1.32233922e-05,1.32604578e-05,fit
T7,300,out,4,5.25,1.32480922e-05,1.29181026e-05,fit
T7,300,out,4,5.3,1.32726533e-05,1.3046006e-05,fit
T7,300,out,4,5.35,1.32970833e-05,1.33754206e-05,fit
T7,300,out,4,5.4,1.33213897e-05,1.35219341e-05,fit
T7,300,out,4,5.45,1.33455794e-05,1.41938773e-05,fit
T7,300,out,4,5.5,1.3369659e-05,1.29737566e-05,fit
T7,300,out,4,5.55,1.3393635e-05,1.37015314e-05,fit
T7,300,out,4,5.6,1.34175133e-05,1.34857796e-05,fit
T7,300,out,4,5.65,1.34412995e-05,1.3399574e-05,fit
T7,300,out,4,5.7,1.34649989e-05,1.30245184e-05,fit
T7,300,out,4,5.75,1.34886167e-05,1.33578769e-05,fit
T7,300,out,4,5.8,1.35121575e-05,1.35027112e-05,fit
T7,300,out,4,5.85,1.3535626e-05,1.39413752e-05,fit
T7,300,out,4,5.9,1.35590265e-05,1.3381443e-05,fit
T7,300,out,4,5.95,1.3582363e-05,1.42535731e-05,fit
T7,300,out,4,6,1.36056395e-05,1.36787404e-05,fit
T7,300,out,6,-0,0,3.44508677e-15,fit
T7,300,out,6,0.05,6.55972257e-07,6.46143499e-07,fit
T7,300,out,6,0.1,1.30672263e-06,1.29837647e-06,fit
T7,300,out,6,0.15,1.95218947e-06,1.87918435e-06,fit
T7,300,out,6,0.2,2.59229991e-06,2.53164271e-06,fit
T7,300,out,6,0.25,3.22697306e-06,3.15494414e-06,fit
T7,300,out,6,0.3,3.8561221e-06,3.87624746e-06,fit
T7,300,out,6,0.35,4.47965564e-06,4.50434959e-06,fit
T7,300,out,6,0.4,5.09747891e-06,4.90607889e-06,fit
T7,300,out,6,0.45,5.70949469e-06,5.57965353e-06,fit
T7,300,out,6,0.5,6.31560418e-06,6.26211891e-06,fit
T7,300,out,6,0.55,6.91570767e-06,7.18957661e-06,fit
T7,300,out,6,0.6,7.50970529e-06,7.06645221e-06,fit
T7,300,out,6,0.65,8.09749755e-06,7.82784063e-06,fit
T7,300,out,6,0.7,8.67898592e-06,8.59436172e-06,fit
T7,300,out,6,0.75,9.25407338e-06,8.86484991e-06,fit
T7,300,out,6,0.8,9.82266488e-06,1.04453065e-05,fit
T7,300,out,6,0.85,1.03846678e-05,1.04426252e-05,fit
T7,300,out,6,0.9,1.09399924e-05,1.09262521e-05,fit
T7,300,out,6,0.95,1.14885522e-05,1.21478968e-05,fit
T7,300,out,6,1,1.20302643e-05,1.23417914e-05,fit
T7,300,out,6,1.05,1.25650498e-05,1.21681421e-05,fit
T7,300,out,6,1.1,1.30928341e-05,1.27141472e-05,fit
T7,300,out,6,1.15,1.36135473e-05,1.37719638e-05,fit
T7,300,out,6,1.2,1.41271241e-05,1.42936083e-05,fit
T7,300,out,6,1.25,1.46335044e-05,1.45233919e-05,fit
T7,300,out,6,1.3,1.51326337e-05,1.54467938e-05,fit
T7,300,out,6,1.35,1.56244625e-05,1.57045567e-05,fit
T7,300,out,6,1.4,1.61089474e-05,1.56007974e-05,fit
T7,300,out,6,1.45,1.65860506e-05,1.66410798e-05,fit
T7,300,out,6,1.5,1.70557404e-05,1.68123041e-05,fit
T7,300,out,6,1.55,1.75179909e-05,1.75079685e-05,fit
T7,300,out,6,1.6,1.79727825e-05,1.72428816e-05,fit
T7,300,out,6,1.65,1.84201016e-05,1.94869268e-05,fit
T7,300,out,6,1.7,1.8859941e-05,1.91261975e-05,fit
T7,300,out,6,1.75,1.92922994e-05,1.80605928e-05,fit
T7,300,out,6,1.8,1.97171818e-05,1.96844302e-05,fit
T7,300,out,6,1.85,2.01345993e-05,2.08820216e-05,fit
T7,300,out,6,1.9,2.05445689e-05,2.08964185e-05,fit
T7,300,out,6,1.95,2.09471138e-05,2.05217192e-05,fit
T7,300,out,6,2,2.13422628e-05,2.09811622e-05,fit
T7,300,out,6,2.05,2.17300506e-05,2.25690014e-05,fit
T7,300,out,6,2.1,2.21105174e-05,2.34916724e-05,fit
T7,300,out,6,2.15,2.2483709e-05,2.18942853e-05,fit
T7,300,out,6,2.2,2.28496762e-05,2.25669057e-05,fit
T7,300,out,6,2.25,2.32084751e-05,2.3444642e-05,fit
T7,300,out,6,2.3,2.35601667e-05,2.32893937e-05,fit
T7,300,out,6,2.35,2.39048166e-05,2.41867385e-05,fit
T7,300,out,6,2.4,2.42424951e-05,2.36222646e-05,fit
T7,300,out,6,2.45,2.45732764e-05,2.4194159e-05,fit
T7,300,out,6,2.5,2.48972392e-05,2.48144546e-05,fit
T7,300,out,6,2.55,2.52144656e-05,2.53133228e-05,fit
T7,300,out,6,2.6,2.55250416e-05,2.68341017e-05,fit
T7,300,out,6,2.65,2.58290563e-05,2.61774332e-05,fit
T7,300,out,6,2.7,2.61266022e-05,2.60470802e-05,fit
T7,300,out,6,2.75,2.64177743e-05,2.81081419e-05,fit
T7,300,out,6,2.8,2.67026705e-05,2.48615066e-05,fit
T7,300,out,6,2.85,2.69813909e-05,2.71179261e-05,fit
T7,300,out,6,2.9,2.72540379e-05,2.54908481e-05,fit
T7,300,out,6,2.95,2.75207157e-05,2.71676269e-05,fit
T7,300,out,6,3,2.77815302e-05,2.8654953e-05,fit
T7,300,out,6,3.05,2.80365887e-05,2.8538585e-05,fit
T7,300,out,6,3.1,2.82859999e-05,2.91092262e-05,fit
T7,300,out,6,3.15,2.85298734e-05,2.95928406e-05,fit
T7,300,out,6,3.2,2.87683195e-05,2.93458584e-05,fit
T7,300,out,6,3.25,2.90014493e-05,2.8680478e-05,fit
T7,300,out,6,3.3,2.92293742e-05,2.97691247e-05,fit
T7,300,out,6,3.35,2.94522059e-05,2.93848632e-05,fit
T7,300,out,6,3.4,2.9670056e-05,2.89573869e-05,fit
T7,300,out,6,3.45,2.98830361e-05,2.86431425e-05,fit
T7,300,out,6,3.5,3.00912576e-05,3.04473288e-05,fit
T7,300,out,6,3.55,3.02948312e-05,2.93285846e-05,fit
T7,300,out,6,3.6,3.04938673e-05,2.94994625e-05,fit
T7,300,out,6,3.65,3.06884753e-05,3.08117992e-05,fit
T7,300,out,6,3.7,3.08787641e-05,3.06186255e-05,fit
T7,300,out,6,3.75,3.10648412e-05,3.18783793e-05,fit
T7,300,out,6,3.8,3.12468134e-05,3.08932568e-05,fit
T7,300,out,6,3.85,3.14247862e-05,3.08145337e-05,fit
T7,300,out,6,3.9,3.15988637e-05,3.2459032e-05,fit
T7,300,out,6,3.95,3.17691487e-05,3.18132971e-05,fit
T7,300,out,6,4,3.19357428e-05,3.15826658e-05,fit
T7,300,out,6,4.05,3.20987458e-05,3.51645928e-05,fit
T7,300,out,6,4.1,3.2258256e-05,3.17303913e-05,fit
T7,300,out,6,4.15,3.24143701e-05,3.25425266e-05,fit
T7,300,out,6,4.2,3.25671831e-05,3.04593714e-05,fit
T7,300,out,6,4.25,3.27167884e-05,3.31227928e-05,fit
T7,300,out,6,4.3,3.28632775e-05,3.20406298e-05,fit
T7,300,out,6,4.35,3.300674e-05,3.32903606e-05,fit
T7,300,out,6,4.4,3.31472641e-05,3.17920837e-05,fit
T7,300,out,6,4.45,3.32849358e-05,3.2250689e-05,fit
T7,300,out,6,4.5,3.34198393e-05,3.37545504e-05,fit
T7,300,out,6,4.55,3.3552057e-05,3.39058696e-05,fit
T7,300,out,6,4.6,3.36816695e-05,3.37336952e-05,fit
T7,300,out,6,4.65,3.38087554e-05,3.28916415e-05,fit
T7,300,out,6,4.7,3.39333916e-05,3.44045738e-05,fit
T7,300,out,6,4.75,3.40556529e-05,3.3229079e-05,fit
T7,300,out,6,4.8,3.41756124e-05,3.51276112e-05,fit
T7,300,out,6,4.85,3.42933414e-05,3.51861329e-05,fit
T7,300,out,6,4.9,3.44089093e-05,3.53669453e-05,fit
T7,300,out,6,4.95,3.45223836e-05,3.42083658e-05,fit
T7,300,out,6,5,3.46338303e-05,3.46915587e-05,fit
T7,300,out,6,5.05,3.47433134e-05,3.25648721e-05,fit
T7,300,out,6,5.1,3.4850895e-05,3.49871451e-05,fit
T7,300,out,6,5.15,3.49566359e-05,3.45627907e-05,fit
T7,300,out,6,5.2,3.5060595e-05,3.61098574e-05,fit
T7,300,out,6,5.25,3.51628293e-05,3.62281395e-05,fit
T7,300,out,6,5.3,3.52633946e-05,3.60239165e-05,fit
T7,300,out,6,5.35,3.53623447e-05,3.49943613e-05,fit
T7,300,out,6,5.4,3.54597322e-05,3.70757972e-05,fit
T7,300,out,6,5.45,3.55556077e-05,3.49715126e-05,fit
T7,300,out,6,5.5,3.56500208e-05,3.65923128e-05,fit
T7,300,out,6,5.55,3.57430192e-05,3.82683015e-05,fit
T7,300,out,6,5.6,3.58346494e-05,3.38916876e-05,fit
T7,300,out,6,5.65,3.59249563e-05,3.73092778e-05,fit
T7,300,out,6,5.7,3.60139836e-05,3.54140179e-05,fit
T7,300,out,6,5.75,3.61017735e-05,3.56071316e-05,fit
T7,300,out,6,5.8,3.6188367e-05,3.60368425e-05,fit
T7,300,out,6,5.85,3.62738038e-05,3.58204234e-05,fit
T7,300,out,6,5.9,3.63581223e-05,3.78086324e-05,fit
T7,300,out,6,5.95,3.64413597e-05,3.84526596e-05,fit
T7,300,out,6,6,3.65235521e-05,3.50254137e-05,fit
T8,300,out,2,-0,0,3.94739062e-15,fit
T8,300,out,2,0.05,8.00950559e-08,8.34989486e-08,fit
T8,300,out,2,0.1,1.54382494e-07,1.50783706e-07,fit
T8,300,out,2,0.15,2.2239476e-07,2.13436953e-07,fit
T8,300,out,2,0.2,2.8373902e-07,2.74134016e-07,fit
T8,300,out,2,0.25,3.38204439e-07,3.37912723e-07,fit
T8,300,out,2,0.3,3.85813371e-07,3.83175286e-07,fit
T8,300,out,2,0.35,4.26825305e-07,4.28010067e-07,fit
T8,300,out,2,0.4,4.61702665e-07,4.35485666e-07,fit
T8,300,out,2,0.45,4.91052589e-07,4.83348965e-07,fit
T8,300,out,2,0.5,5.15560616e-07,5.20758131e-07,fit
T8,300,out,2,0.55,5.35929694e-07,5.43818209e-07,fit
T8,300,out,2,0.6,5.52832767e-07,5.59067174e-07,fit
T8,300,out,2,0.65,5.66881733e-07,5.5247251e-07,fit
T8,300,out,2,0.7,5.78611484e-07,5.94946748e-07,fit
T8,300,out,2,0.75,5.88475655e-07,5.87704697e-07,fit
T8,300,out,2,0.8,5.96850157e-07,6.0604845e-07,fit
T8,300,out,2,0.85,6.04041103e-07,5.85032553e-07,fit
T8,300,out,2,0.9,6.10294575e-07,6.33994778e-07,fit
T8,300,out,2,0.95,6.15806584e-07,6.23252672e-07,fit
T8,300,out,2,1,6.20732286e-07,6.10890338e-07,fit
T8,300,out,2,1.05,6.25194026e-07,6.20519478e-07,fit
T8,300,out,2,1.1,6.29288083e-07,6.07560538e-07,fit
T8,300,out,2,1.15,6.33090191e-07,6.27666584e-07,fit
T8,300,out,2,1.2,6.36659966e-07,6.50287961e-07,fit
T8,300,out,2,1.25,6.40044407e-07,6.55483452e-07,fit
T8,300,out,2,1.3,6.43280662e-07,6.44294747e-07,fit
T8,300,out,2,1.35,6.46398169e-07,6.12894564e-07,fit
T8,300,out,2,1.4,6.4942034e-07,6.74872056e-07,fit
T8,300,out,2,1.45,6.52365855e-07,6.58376799e-07,fit
T8,300,out,2,1.5,6.55249682e-07,6.74308616e-07,fit
T8,300,out,2,1.55,6.58083856e-07,6.84071591e-07,fit
T8,300,out,2,1.6,6.60878098e-07,6.57637303e-07,fit
T8,300,out,2,1.65,6.63640287e-07,6.74868127e-07,fit
T8,300,out,2,1.7,6.66376841e-07,6.59282622e-07,fit
T8,300,out,2,1.75,6.69093002e-07,6.48292066e-07,fit
T8,300,out,2,1.8,6.71793077e-07,6.89962512e-07,fit
T8,300,out,2,1.85,6.74480613e-07,6.60215263e-07,fit
T8,300,out,2,1.9,6.77158544e-07,6.84208468e-07,fit
T8,300,out,2,1.95,6.79829308e-07,6.9822154e-07,fit
T8,300,out,2,2,6.82494937e-07,7.10007085e-07,fit
T8,300,out,2,2.05,6.85157132e-07,6.82731035e-07,fit
T8,300,out,2,2.1,6.8781732e-07,6.80938633e-07,fit
T8,300,out,2,2.15,6.90476707e-07,7.12617197e-07,fit
T8,300,out,2,2.2,6.9313631e-07,6.86620418e-07,fit
T8,300,out,2,2.25,6.95796993e-07,7.19432294e-07,fit
T8,300,out,2,2.3,6.98459493e-07,6.94299281e-07,fit
T8,300,out,2,2.35,7.0112444e-07,6.92023433e-07,fit
T8,300,out,2,2.4,7.03792371e-07,7.28845048e-07,fit
T8,300,out,2,2.45,7.06463752e-07,6.7615385e-07,fit
T8,300,out,2,2.5,7.09138982e-07,7.01137501e-07,fit
T8,300,out,2,2.55,7.11818407e-07,6.64197527e-07,fit
T8,300,out,2,2.6,7.14502329e-07,7.11493041e-07,fit
T8,300,out,2,2.65,7.17191009e-07,7.30315963e-07,fit
T8,300,out,2,2.7,7.19884676e-07,7.21834884e-07,fit
T8,300,out,2,2.75,7.22583529e-07,7.40707654e-07,fit
T8,300,out,2,2.8,7.25287746e-07,7.29001909e-07,fit
T8,300,out,2,2.85,7.27997482e-07,7.23006227e-07,fit
T8,300,out,2,2.9,7.30712872e-07,7.36655486e-07,fit
T8,300,out,2,2.95,7.3343404e-07,7.09111522e-07,fit
T8,300,out,2,3,7.36161093e-07,6.91934947e-07,fit
T8,300,out,2,3.05,7.38894127e-07,7.05350046e-07,fit
T8,300,out,2,3.1,7.41633229e-07,7.53569249e-07,fit
T8,300,out,2,3.15,7.44378476e-07,7.70270907e-07,fit
T8,300,out,2,3.2,7.47129939e-07,7.35301204e-07,fit
T8,300,out,2,3.25,7.49887679e-07,7.26819212e-07,fit
T8,300,out,2,3.3,7.52651753e-07,7.52656977e-07,fit
T8,300,out,2,3.35,7.55422214e-07,7.51012007e-07,fit
T8,300,out,2,3.4,7.58199109e-07,7.42973078e-07,fit
T8,300,out,2,3.45,7.6098248e-07,7.3632703e-07,fit
T8,300,out,2,3.5,7.63772368e-07,8.2186089e-07,fit
T8,300,out,2,3.55,7.66568808e-07,7.99544896e-07,fit
T8,300,out,2,3.6,7.69371835e-07,7.70798423e-07,fit
T8,300,out,2,3.65,7.72181478e-07,8.19493924e-07,fit
T8,300,out,2,3.7,7.74997767e-07,7.96699894e-07,fit
T8,300,out,2,3.75,7.7782073e-07,7.79938314e-07,fit
T8,300,out,2,3.8,7.8065039e-07,7.91347201e-07,fit
T8,300,out,2,3.85,7.83486771e-07,7.68961988e-07,fit
T8,300,out,2,3.9,7.86329897e-07,8.2943889e-07,fit
T8,300,out,2,3.95,7.89179787e-07,7.6948537e-07,fit
T8,300,out,2,4,7.9203646e-07,7.56410844e-07,fit
T8,300,out,2,4.05,7.94899937e-07,7.7995994e-07,fit
T8,300,out,2,4.1,7.97770235e-07,7.9689753e-07,fit
T8,300,out,2,4.15,8.0064737e-07,7.80648143e-07,fit
T8,300,out,2,4.2,8.03531359e-07,8.36336542e-07,fit
T8,300,out,2,4.25,8.06422218e-07,7.90646377e-07,fit
T8,300,out,2,4.3,8.09319961e-07,8.48458778e-07,fit
T8,300,out,2,4.35,8.12224603e-07,8.29986175e-07,fit
T8,300,out,2,4.4,8.15136157e-07,7.57445188e-07,fit
T8,300,out,2,4.45,8.18054638e-07,8.61722609e-07,fit
T8,300,out,2,4.5,8.20980058e-07,8.29035931e-07,fit
T8,300,out,2,4.55,8.2391243e-07,8.07728197e-07,fit
T8,300,out,2,4.6,8.26851766e-07,8.37952299e-07,fit
T8,300,out,2,4.65,8.29798078e-07,8.11491747e-07,fit
T8,300,out,2,4.7,8.32751379e-07,8.4680012e-07,fit
T8,300,out,2,4.75,8.35711679e-07,8.47891757e-07,fit
T8,300,out,2,4.8,8.38678989e-07,7.93116528e-07,fit
T8,300,out,2,4.85,8.41653321e-07,8.2232606e-07,fit
T8,300,out,2,4.9,8.44634686e-07,8.71628725e-07,fit
T8,300,out,2,4.95,8.47623094e-07,8.74726189e-07,fit
T8,300,out,2,5,8.50618556e-07,9.33764055e-07,fit
T8,300,out,2,5.05,8.53621082e-07,8.35557919e-07,fit
T8,300,out,2,5.1,8.56630682e-07,8.77248334e-07,fit
T8,300,out,2,5.15,8.59647366e-07,8.52083633e-07,fit
T8,300,out,2,5.2,8.62671145e-07,8.60056529e-07,fit
T8,300,out,2,5.25,8.65702027e-07,8.50250181e-07,fit
T8,300,out,2,5.3,8.68740024e-07,8.67449471e-07,fit
T8,300,out,2,5.35,8.71785144e-07,8.82187397e-07,fit
T8,300,out,2,5.4,8.74837397e-07,9.10321979e-07,fit
T8,300,out,2,5.45,8.77896792e-07,8.9148199e-07,fit
T8,300,out,2,5.5,8.8096334e-07,8.64702037e-07,fit
T8,300,out,2,5.55,8.84037048e-07,8.7062614e-07,fit
T8,300,out,2,5.6,8.87117927e-07,8.88762311e-07,fit
T8,300,out,2,5.65,8.90205986e-07,8.94984179e-07,fit
T8,300,out,2,5.7,8.93301234e-07,8.60833135e-07,fit
T8,300,out,2,5.75,8.96403679e-07,8.73760142e-07,fit
T8,300,out,2,5.8,8.99513332e-07,9.42438284e-07,fit
T8,300,out,2,5.85,9.02630201e-07,8.89752343e-07,fit
T8,300,out,2,5.9,9.05754295e-07,8.87806678e-07,fit
T8,300,out,2,5.95,9.08885623e-07,9.07079964e-07,fit
T8,300,out,2,6,9.12024193e-07,9.03820688e-07,fit
T8,300,out,3,-0,0,1.61547177e-15,fit
T8,300,out,3,0.05,2.15130821e-07,2.24695295e-07,fit
T8,300,out,3,0.1,4.24449169e-07,4.26256437e-07,fit
T8,300,out,3,0.15,6.27761574e-07,6.38042476e-07,fit
T8,300,out,3,0.2,8.24845118e-07,8.4920103e-07,fit
T8,300,out,3,0.25,1.01546856e-06,1.00365287e-06,fit
T8,300,out,3,0.3,1.19940674e-06,1.20708473e-06,fit
T8,300,out,3,0.35,1.37645185e-06,1.33912619e-06,fit
T8,300,out,3,0.4,1.54642242e-06,1.58066975e-06,fit
T8,300,out,3,0.45,1.70917064e-06,1.71477958e-06,fit
T8,300,out,3,0.5,1.86458786e-06,1.80544806e-06,fit
T8,300,out,3,0.55,2.01260859e-06,1.99942007e-06,fit
T8,300,out,3,0.6,2.15321287e-06,2.13167804e-06,fit
T8,300,out,3,0.65,2.2864271e-06,2.2287713e-06,fit
T8,300,out,3,0.7,2.4123235e-06,2.46565189e-06,fit
T8,300,out,3,0.75,2.53101827e-06,2.55858975e-06,fit
T8,300,out,3,0.8,2.64266859e-06,2.61009265e-06,fit
T8,300,out,3,0.85,2.74746877e-06,2.78527732e-06,fit
T8,300,out,3,0.9,2.8456457e-06,2.57692973e-06,fit
T8,300,out,3,0.95,2.93745382e-06,2.96153267e-06,fit
T8,300,out,3,1,3.02316987e-06,3.04775231e-06,fit
T8,300,out,3,1.05,3.1030876e-06,3.11047405e-06,fit
T8,300,out,3,1.1,3.17751259e-06,3.08414792e-06,fit
T8,300,out,3,1.15,3.24675743e-06,3.30996098e-06,fit
T8,300,out,3,1.2,3.31113723e-06,3.26931472e-06,fit
T8,300,out,3,1.25,3.37096563e-06,3.42606818e-06,fit
T8,300,out,3,1.3,3.42655136e-06,3.2962845e-06,fit
T8,300,out,3,1.35,3.47819536e-06,3.53972196e-06,fit
T8,300,out,3,1.4,3.52618834e-06,3.60902395e-06,fit
T8,300,out,3,1.45,3.57080903e-06,3.3434249e-06,fit
T8,300,out,3,1.5,3.61232274e-06,3.64144398e-06,fit
T8,300,out,3,1.55,3.65098045e-06,3.62098447e-06,fit
T8,300,out,3,1.6,3.68701827e-06,3.71338128e-06,fit
T8,300,out,3,1.65,3.72065718e-06,3.62644654e-06,fit
T8,300,out,3,1.7,3.7521031e-06,3.86876771e-06,fit
T8,300,out,3,1.75,3.78154712e-06,3.79451155e-06,fit
T8,300,out,3,1.8,3.80916598e-06,3.91066846e-06,fit
T8,300,out,3,1.85,3.83512258e-06,3.75561249e-06,fit
T8,300,out,3,1.9,3.85956668e-06,3.65461981e-06,fit
T8,300,out,3,1.95,3.88263559e-06,3.80533489e-06,fit
T8,300,out,3,2,3.90445497e-06,4.00674063e-06,fit
T8,300,out,3,2.05,3.92513956e-06,3.86339077e-06,fit
T8,300,out,3,2.1,3.94479399e-06,3.88102974e-06,fit
T8,300,out,3,2.15,3.96351351e-06,4.02751831e-06,fit
T8,300,out,3,2.2,3.98138476e-06,3.98985534e-06,fit
T8,300,out,3,2.25,3.99848643e-06,4.0189921e-06,fit
T8,300,out,3,2.3,4.01488994e-06,4.00243893e-06,fit
T8,300,out,3,2.35,4.03066012e-06,3.92643496e-06,fit
T8,300,out,3,2.4,4.04585569e-06,3.9992351e-06,fit
T8,300,out,3,2.45,4.0605299e-06,3.92689463e-06,fit
T8,300,out,3,2.5,4.074731e-06,4.01766195e-06,fit
T8,300,out,3,2.55,4.08850267e-06,4.06744847e-06,fit
T8,300,out,3,2.6,4.1018845e-06,4.10119331e-06,fit
T8,300,out,3,2.65,4.11491234e-06,4.17550718e-06,fit
T8,300,out,3,2.7,4.12761866e-06,4.02820192e-06,fit
T8,300,out,3,2.75,4.1400329e-06,3.96837007e-06,fit
T8,300,out,3,2.8,4.15218172e-06,3.98566383e-06,fit
T8,300,out,3,2.85,4.1640893e-06,4.03510714e-06,fit
T8,300,out,3,2.9,4.17577756e-06,4.24886665e-06,fit
T8,300,out,3,2.95,4.18726639e-06,3.96812847e-06,fit
T8,300,out,3,3,4.19857385e-06,4.02686079e-06,fit
T8,300,out,3,3.05,4.20971632e-06,4.17417603e-06,fit
T8,300,out,3,3.1,4.2207087e-06,4.19593849e-06,fit
T8,300,out,3,3.15,4.23156452e-06,4.0848796e-06,fit
T8,300,out,3,3.2,4.2422961e-06,4.2457811e-06,fit
T8,300,out,3,3.25,4.25291464e-06,4.20400558e-06,fit
T8,300,out,3,3.3,4.26343033e-06,4.25089755e-06,fit
T8,300,out,3,3.35,4.27385249e-06,4.13834799e-06,fit
T8,300,out,3,3.4,4.28418958e-06,4.2959155e-06,fit
T8,300,out,3,3.45,4.29444933e-06,4.22404899e-06,fit
T8,300,out,3,3.5,4.3046388e-06,4.34562654e-06,fit
T8,300,out,3,3.55,4.31476445e-06,4.20229626e-06,fit
T8,300,out,3,3.6,4.32483217e-06,4.31285522e-06,fit
T8,300,out,3,3.65,4.33484736e-06,4.39981391e-06,fit
T8,300,out,3,3.7,4.34481494e-06,4.03904235e-06,fit
T8,300,out,3,3.75,4.35473944e-06,4.24597402e-06,fit
T8,300,out,3,3.8,4.36462502e-06,4.34292956e-06,fit
T8,300,out,3,3.85,4.37447548e-06,4.5311311e-06,fit
T8,300,out,3,3.9,4.3842943e-06,4.38624292e-06,fit
T8,300,out,3,3.95,4.39408469e-06,4.55685223e-06,fit
T8,300,out,3,4,4.40384962e-06,4.33256834e-06,fit
T8,300,out,3,4.05,4.41359178e-06,4.27952099e-06,fit
T8,300,out,3,4.1,4.42331369e-06,4.37714962e-06,fit
T8,300,out,3,4.15,4.43301763e-06,4.47432367e-06,fit
T8,300,out,3,4.2,4.44270574e-06,4.528845e-06,fit
T8,300,out,3,4.25,4.45237996e-06,4.54607914e-06,fit
T8,300,out,3,4.3,4.46204212e-06,4.35889797e-06,fit
T8,300,out,3,4.35,4.47169387e-06,4.55820813e-06,fit
T8,300,out,3,4.4,4.48133677e-06,4.52082375e-06,fit
T8,300,out,3,4.45,4.49097223e-06,4.37573376e-06,fit
T8,300,out,3,4.5,4.50060159e-06,4.58200297e-06,fit
T8,300,out,3,4.55,4.51022606e-06,4.614509e-06,fit
T8,300,out,3,4.6,4.51984679e-06,4.35918647e-06,fit
T8,300,out,3,4.65,4.52946482e-06,4.53046684e-06,fit
T8,300,out,3,4.7,4.53908113e-06,4.48941852e-06,fit
T8,300,out,3,4.75,4.54869664e-06,4.11941596e-06,fit
T8,300,out,3,4.8,4.55831218e-06,4.59694154e-06,fit
T8,300,out,3,4.85,4.56792854e-06,4.35176935e-06,fit
T8,300,out,3,4.9,4.57754646e-06,4.5578371e-06,fit
T8,300,out,3,4.95,4.5871666e-06,4.40202667e-06,fit
T8,300,out,3,5,4.59678961e-06,4.47658204e-06,fit
T8,300,out,3,5.05,4.60641608e-06,4.5769077e-06,fit
T8,300,out,3,5.1,4.61604656e-06,4.58973398e-06,fit
T8,300,out,3,5.15,4.62568156e-06,4.60069808e-06,fit
T8,300,out,3,5.2,4.63532156e-06,4.63974861e-06,fit
T8,300,out,3,5.25,4.64496703e-06,4.5647988e-06,fit
T8,300,out,3,5.3,4.65461836e-06,4.58839128e-06,fit
T8,300,out,3,5.35,4.66427597e-06,4.69469343e-06,fit
T8,300,out,3,5.4,4.67394021e-06,4.81076259e-06,fit
T8,300,out,3,5.45,4.68361144e-06,4.66360714e-06,fit
T8,300,out,3,5.5,4.69328998e-06,4.66246117e-06,fit
T8,300,out,3,5.55,4.70297612e-06,4.71311713e-06,fit
T8,300,out,3,5.6,4.71267017e-06,4.75904651e-06,fit
T8,300,out,3,5.65,4.72237238e-06,4.57869688e-06,fit
T8,300,out,3,5.7,4.73208301e-06,4.88017274e-06,fit
T8,300,out,3,5.75,4.7418023e-06,4.65282673e-06,fit
T8,300,out,3,5.8,4.75153046e-06,4.56560277e-06,fit
T8,300,out,3,5.85,4.76126772e-06,5.0242619e-06,fit
T8,300,out,3,5.9,4.77101426e-06,5.01065864e-06,fit
T8,300,out,3,5.95,4.78077027e-06,4.63226353e-06,fit
T8,300,out,3,6,4.79053594e-06,4.72036578e-06,fit
T8,300,out,4,-0,0,2.00987148e-15,fit
T8,300,out,4,0.05,3.51485353e-07,3.68408979e-07,fit
T8,300,out,4,0.1,6.97323483e-07,7.4430713e-07,fit
T8,300,out,4,0.15,1.03740024e-06,1.04047946e-06,fit
T8,300,out,4,0.2,1.37157983e-06,1.40542626e-06,fit
T8,300,out,4,0.25,1.69971385e-06,1.75692865e-06,fit
T8,300,out,4,0.3,2.02164705e-06,2.06158094e-06,fit
T8,300,out,4,0.35,2.33722183e-06,2.26910087e-06,fit
T8,300,out,4,0.4,2.64628187e-06,2.64429369e-06,fit
T8,300,out,4,0.45,2.94867525e-06,2.90090147e-06,fit
T8,300,out,4,0.5,3.24425722e-06,3.28158526e-06,fit
T8,300,out,4,0.55,3.5328926e-06,3.59283125e-06,fit
T8,300,out,4,0.6,3.81445786e-06,3.73351167e-06,fit
T8,300,out,4,0.65,4.08884298e-06,4.08582788e-06,fit
T8,300,out,4,0.7,4.35595301e-06,4.30423387e-06,fit
T8,300,out,4,0.75,4.61570938e-06,4.60121782e-06,fit
T8,300,out,4,0.8,4.86805093e-06,5.11657461e-06,fit
T8,300,out,4,0.85,5.11293469e-06,5.02451842e-06,fit
T8,300,out,4,0.9,5.35033644e-06,5.5049452e-06,fit
T8,300,out,4,0.95,5.58025099e-06,5.39918959e-06,fit
T8,300,out,4,1,5.80269222e-06,5.6337942e-06,fit
T8,300,out,4,1.05,6.01769292e-06,6.21738608e-06,fit
T8,300,out,4,1.1,6.22530439e-06,6.27845251e-06,fit
T8,300,out,4,1.15,6.42559587e-06,6.4460112e-06,fit
T8,300,out,4,1.2,6.61865378e-06,6.47159793e-06,fit
T8,300,out,4,1.25,6.8045808e-06,6.84978401e-06,fit
T8,300,out,4,1.3,6.98349485e-06,6.6693215e-06,fit
T8,300,out,4,1.35,7.15552789e-06,6.88668773e-06,fit
T8,300,out,4,1.4,7.32082472e-06,7.56360785e-06,fit
T8,300,out,4,1.45,7.47954169e-06,7.54859839e-06,fit
T8,300,out,4,1.5,7.63184528e-06,7.60264056e-06,fit
T8,300,out,4,1.55,7.77791082e-06,7.71425103e-06,fit
T8,300,out,4,1.6,7.91792107e-06,8.36182546e-06,fit
T8,300,out,4,1.65,8.05206491e-06,7.90528617e-06,fit
T8,300,out,4,1.7,8.18053599e-06,8.29421032e-06,fit
T8,300,out,4,1.75,8.30353152e-06,8.62068052e-06,fit
T8,300,out,4,1.8,8.42125102e-06,8.92119808e-06,fit
T8,300,out,4,1.85,8.53389522e-06,9.00281673e-06,fit
T8,300,out,4,1.9,8.641665e-06,8.42300173e-06,fit
T8,300,out,4,1.95,8.74476041e-06,8.95828363e-06,fit
T8,300,out,4,2,8.84337981e-06,9.11681874e-06,fit
T8,300,out,4,2.05,8.93771906e-06,9.03646734e-06,fit
T8,300,out,4,2.1,9.0279708e-06,9.0709195e-06,fit
T8,300,out,4,2.15,9.11432389e-06,8.90593477e-06,fit
T8,300,out,4,2.2,9.1969628e-06,9.52931569e-06,fit
T8,300,out,4,2.25,9.27606722e-06,9.25615469e-06,fit
T8,300,out,4,2.3,9.35181166e-06,9.12101199e-06,fit
T8,300,out,4,2.35,9.42436517e-06,9.24704417e-06,fit
T8,300,out,4,2.4,9.49389106e-06,9.38386579e-06,fit
T8,300,out,4,2.45,9.56054678e-06,9.46911449e-06,fit
T8,300,out,4,2.5,9.62448378e-06,1.00979693e-05,fit
T8,300,out,4,2.55,9.68584747e-06,9.54910825e-06,fit
T8,300,out,4,2.6,9.74477715e-06,9.46464125e-06,fit
T8,300,out,4,2.65,9.80140609e-06,9.98520598e-06,fit
T8,300,out,4,2.7,9.85586157e-06,9.8988439e-06,fit
T8,300,out,4,2.75,9.90826493e-06,9.73655737e-06,fit
T8,300,out,4,2.8,9.95873174e-06,9.51081439e-06,fit
T8,300,out,4,2.85,1.00073719e-05,9.59849825e-06,fit
T8,300,out,4,2.9,1.00542898e-05,1.00647889e-05,fit
T8,300,out,4,2.95,1.00995845e-05,1.03475407e-05,fit
T8,300,out,4,3,1.01433498e-05,1.05329931e-05,fit
T8,300,out,4,3.05,1.01856747e-05,9.59541202e-06,fit
T8,300,out,4,3.1,1.02266433e-05,9.96022055e-06,fit
T8,300,out,4,3.15,1.0266335e-05,1.01264564e-05,fit
T8,300,out,4,3.2,1.03048251e-05,1.03251803e-05,fit
T8,300,out,4,3.25,1.03421843e-05,1.01264959e-05,fit
T8,300,out,4,3.3,1.03784796e-05,1.05858831e-05,fit
T8,300,out,4,3.35,1.04137741e-05,1.07616293e-05,fit
T8,300,out,4,3.4,1.04481272e-05,1.07557598e-05,fit
T8,300,out,4,3.45,1.04815949e-05,1.01758255e-05,fit
T8,300,out,4,3.5,1.051423e-05,1.0996315e-05,fit
T8,300,out,4,3.55,1.05460821e-05,1.00637083e-05,fit
T8,300,out,4,3.6,1.05771979e-05,1.02313126e-05,fit
T8,300,out,4,3.65,1.06076215e-05,1.12144412e-05,fit
T8,300,out,4,3.7,1.0637394e-05,1.04512997e-05,fit
T8,300,out,4,3.75,1.06665545e-05,1.05275988e-05,fit
T8,300,out,4,3.8,1.06951393e-05,1.06213178e-05,fit
T8,300,out,4,3.85,1.0723183e-05,1.04918627e-05,fit
T8,300,out,4,3.9,1.07507178e-05,1.15484574e-05,fit
T8,300,out,4,3.95,1.0777774e-05,1.06563049e-05,fit
T8,300,out,4,4,1.08043802e-05,1.11429356e-05,fit
T8,300,out,4,4.05,1.08305632e-05,1.09924009e-05,fit
T8,300,out,4,4.1,1.08563482e-05,1.07935759e-05,fit
T8,300,out,4,4.15,1.08817588e-05,1.1312173e-05,fit
T8,300,out,4,4.2,1.09068173e-05,1.09944401e-05,fit
T8,300,out,4,4.25,1.09315447e-05,1.05703657e-05,fit
T8,300,out,4,4.3,1.09559606e-05,1.14471627e-05,fit
T8,300,out,4,4.35,1.09800835e-05,1.04651677e-05,fit
T8,300,out,4,4.4,1.10039307e-05,1.11824276e-05,fit
T8,300,out,4,4.45,1.10275186e-05,1.1135281e-05,fit
T8,300,out,4,4.5,1.10508626e-05,1.11514565e-05,fit
T8,300,out,4,4.55,1.1073977e-05,1.08567146e-05,fit
T8,300,out,4,4.6,1.10968756e-05,1.09201108e-05,fit
T8,300,out,4,4.65,1.11195711e-05,1.10743879e-05,fit
T8,300,out,4,4.7,1.11420754e-05,1.09038876e-05,fit
T8,300,out,4,4.75,1.11644001e-05,1.08917829e-05,fit
T8,300,out,4,4.8,1.11865556e-05,1.14487596e-05,fit
T8,300,out,4,4.85,1.12085521e-05,1.16593663e-05,fit
T8,300,out,4,4.9,1.12303989e-05,1.09325068e-05,fit
T8,300,out,4,4.95,1.12521051e-05,1.20202754e-05,fit
T8,300,out,4,5,1.12736789e-05,1.13688593e-05,fit
T8,300,out,4,5.05,1.12951283e-05,1.1754213e-05,fit
T8,300,out,4,5.1,1.13164607e-05,1.07126444e-05,fit
T8,300,out,4,5.15,1.13376832e-05,1.13094634e-05,fit
T8,300,out,4,5.2,1.13588024e-05,1.11634649e-05,fit
T8,300,out,4,5.25,1.13798244e-05,1.11893392e-05,fit
T8,300,out,4,5.3,1.14007553e-05,1.11231234e-05,fit
T8,300,out,4,5.35,1.14216006e-05,1.12827045e-05,fit
T8,300,out,4,5.4,1.14423655e-05,1.1303439e-05,fit
T8,300,out,4,5.45,1.1463055e-05,1.19574187e-05,fit
T8,300,out,4,5.5,1.14836738e-05,1.1515166e-05,fit
T8,300,out,4,5.55,1.15042262e-05,1.15460859e-05,fit
T8,300,out,4,5.6,1.15247166e-05,1.17833469e-05,fit
T8,300,out,4,5.65,1.15451487e-05,1.17400866e-05,fit
T8,300,out,4,5.7,1.15655264e-05,1.20385358e-05,fit
T8,300,out,4,5.75,1.15858533e-05,1.16431971e-05,fit
T8,300,out,4,5.8,1.16061325e-05,1.12878581e-05,fit
T8,300,out,4,5.85,1.16263674e-05,1.14873161e-05,fit
T8,300,out,4,5.9,1.16465608e-05,1.2067118e-05,fit
T8,300,out,4,5.95,1.16667157e-05,1.19677782e-05,fit
T8,300,out,4,6,1.16868347e-05,1.18268092e-05,fit
T8,300,out,6,-0,0,5.01748354e-15,fit
T8,300,out,6,0.05,6.12799401e-07,5.77494569e-07,fit
T8,300,out,6,0.1,1.2204969e-06,1.27728706e-06,fit
T8,300,out,6,0.15,1.82303063e-06,1.84350654e-06,fit
T8,300,out,6,0.2,2.42032729e-06,2.33736818e-06,fit
T8,300,out,6,0.25,3.01230556e-06,2.88705024e-06,fit
T8,300,out,6,0.3,3.59887815e-06,3.42634077e-06,fit
T8,300,out,6,0.35,4.17995328e-06,4.1298852e-06,fit
T8,300,out,6,0.4,4.75543591e-06,4.93906333e-06,fit
T8,300,out,6,0.45,5.32522868e-06,5.18340516e-06,fit
T8,300,out,6,0.5,5.8892328e-06,6.10984474e-06,fit
T8,300,out,6,0.55,6.44734884e-06,6.35751057e-06,fit
T8,300,out,6,0.6,6.99947737e-06,7.06528857e-06,fit
T8,300,out,6,0.65,7.54551968e-06,7.48855668e-06,fit
T8,300,out,6,0.7,8.08537827e-06,8.31878931e-06,fit
T8,300,out,6,0.75,8.61895749e-06,8.46422654e-06,fit
T8,300,out,6,0.8,9.14616396e-06,9.32296179e-06,fit
T8,300,out,6,0.85,9.66690713e-06,9.91013656e-06,fit
T8,300,out,6,0.9,1.01810996e-05,1.02676638e-05,fit
T8,300,out,6,0.95,1.06886578e-05,1.09395005e-05,fit
T8,300,out,6,1,1.11895019e-05,1.12410231e-05,fit
T8,300,out,6,1.05,1.16835566e-05,1.13910174e-05,fit
T8,300,out,6,1.1,1.21707514e-05,1.14449413e-05,fit
T8,300,out,6,1.15,1.26510206e-05,1.26342373e-05,fit
T8,300,out,6,1.2,1.31243037e-05,1.31789755e-05,fit
T8,300,out,6,1.25,1.35905461e-05,1.45379551e-05,fit
T8,300,out,6,1.3,1.40496984e-05,1.4406704e-05,fit
T8,300,out,6,1.35,1.45017174e-05,1.38214082e-05,fit
T8,300,out,6,1.4,1.49465659e-05,1.55787886e-05,fit
T8,300,out,6,1.45,1.53842128e-05,1.51962601e-05,fit
T8,300,out,6,1.5,1.58146332e-05,1.59159209e-05,fit
T8,300,out,6,1.55,1.62378089e-05,1.62715702e-05,fit
T8,300,out,6,1.6,1.66537277e-05,1.66251696e-05,fit
T8,300,out,6,1.65,1.70623839e-05,1.71247249e-05,fit
T8,300,out,6,1.7,1.74637783e-05,1.68902814e-05,fit
T8,300,out,6,1.75,1.78579181e-05,1.79911193e-05,fit
T8,300,out,6,1.8,1.82448168e-05,1.89773659e-05,fit
T8,300,out,6,1.85,1.86244939e-05,1.77183783e-05,fit
T8,300,out,6,1.9,1.89969754e-05,1.80542403e-05,fit
T8,300,out,6,1.95,1.93622932e-05,1.95859541e-05,fit
T8,300,out,6,2,1.9720485e-05,1.97089859e-05,fit
T8,300,out,6,2.05,2.00715943e-05,2.0276164e-05,fit
T8,300,out,6,2.1,2.04156703e-05,2.19315251e-05,fit
T8,300,out,6,2.15,2.07527675e-05,2.05467905e-05,fit
T8,300,out,6,2.2,2.10829454e-05,2.01993416e-05,fit
T8,300,out,6,2.25,2.14062687e-05,2.0235154e-05,fit
T8,300,out,6,2.3,2.17228067e-05,2.22001128e-05,fit
T8,300,out,6,2.35,2.20326334e-05,2.07998058e-05,fit
T8,300,out,6,2.4,2.23358268e-05,2.2329719e-05,fit
T8,300,out,6,2.45,2.26324691e-05,2.34157238e-05,fit
T8,300,out,6,2.5,2.29226462e-05,2.19857203e-05,fit
T8,300,out,6,2.55,2.32064476e-05,2.38561166e-05,fit
T8,300,out,6,2.6,2.34839659e-05,2.38650889e-05,fit
T8,300,out,6,2.65,2.37552969e-05,2.46608749e-05,fit
T8,300,out,6,2.7,2.40205389e-05,2.52026395e-05,fit
T8,300,out,6,2.75,2.42797929e-05,2.3961419e-05,fit
T8,300,out,6,2.8,2.45331618e-05,2.3520423e-05,fit
T8,300,out,6,2.85,2.47807509e-05,2.56342878e-05,fit
T8,300,out,6,2.9,2.50226668e-05,2.5030614e-05,fit
T8,300,out,6,2.95,2.52590179e-05,2.46678839e-05,fit
T8,300,out,6,3,2.54899136e-05,2.53320057e-05,fit
T8,300,out,6,3.05,2.57154644e-05,2.63694971e-05,fit
T8,300,out,6,3.1,2.59357816e-05,2.56535026e-05,fit
T8,300,out,6,3.15,2.6150977e-05,2.67748066e-05,fit
T8,300,out,6,3.2,2.63611629e-05,2.80181822e-05,fit
T8,300,out,6,3.25,2.65664515e-05,2.66530552e-05,fit
T8,300,out,6,3.3,2.67669554e-05,2.65196066e-05,fit
T8,300,out,6,3.35,2.69627865e-05,2.7088282e-05,fit
T8,300,out,6,3.4,2.71540566e-05,2.45528609e-05,fit
T8,300,out,6,3.45,2.73408769e-05,2.89778491e-05,fit
T8,300,out,6,3.5,2.7523358e-05,2.76643253e-05,fit
T8,300,out,6,3.55,2.77016096e-05,2.89296991e-05,fit
T8,300,out,6,3.6,2.78757403e-05,2.79655445e-05,fit
T8,300,out,6,3.65,2.80458579e-05,2.71327507e-05,fit
T8,300,out,6,3.7,2.82120687e-05,2.77949653e-05,fit
T8,300,out,6,3.75,2.83744779e-05,2.9256352e-05,fit
T8,300,out,6,3.8,2.85331892e-05,2.85684913e-05,fit
T8,300,out,6,3.85,2.86883049e-05,2.84083088e-05,fit
T8,300,out,6,3.9,2.88399256e-05,2.94937122e-05,fit
T8,300,out,6,3.95,2.89881505e-05,2.85303478e-05,fit
T8,300,out,6,4,2.91330769e-05,2.95797101e-05,fit
T8,300,out,6,4.05,2.92748003e-05,2.8802178e-05,fit
T8,300,out,6,4.1,2.94134147e-05,3.18282025e-05,fit
T8,300,out,6,4.15,2.9549012e-05,2.86049664e-05,fit
T8,300,out,6,4.2,2.96816823e-05,2.90195345e-05,fit
T8,300,out,6,4.25,2.98115139e-05,3.01835985e-05,fit
T8,300,out,6,4.3,2.9938593e-05,2.96651406e-05,fit
T8,300,out,6,4.35,3.00630041e-05,2.99323788e-05,fit
T8,300,out,6,4.4,3.01848295e-05,3.06777081e-05,fit
T8,300,out,6,4.45,3.03041498e-05,2.94912192e-05,fit
T8,300,out,6,4.5,3.04210435e-05,3.05826975e-05,fit
T8,300,out,6,4.55,3.05355872e-05,3.27527412e-05,fit
T8,300,out,6,4.6,3.06478556e-05,3.04738208e-05,fit
T8,300,out,6,4.65,3.07579213e-05,2.97304776e-05,fit
T8,300,out,6,4.7,3.08658552e-05,3.07077637e-05,fit
T8,300,out,6,4.75,3.09717262e-05,2.91780733e-05,fit
T8,300,out,6,4.8,3.10756014e-05,3.16079318e-05,fit
T8,300,out,6,4.85,3.11775458e-05,3.02333313e-05,fit
T8,300,out,6,4.9,3.1277623e-05,2.9793857e-05,fit
T8,300,out,6,4.95,3.13758944e-05,2.92359314e-05,fit
T8,300,out,6,5,3.14724198e-05,3.16831741e-05,fit
T8,300,out,6,5.05,3.15672573e-05,3.12876303e-05,fit
T8,300,out,6,5.1,3.1660463e-05,3.11935741e-05,fit
T8,300,out,6,5.15,3.17520918e-05,3.29877079e-05,fit
T8,300,out,6,5.2,3.18421965e-05,3.14214813e-05,fit
T8,300,out,6,5.25,3.19308285e-05,3.45988971e-05,fit
T8,300,out,6,5.3,3.20180375e-05,3.15476924e-05,fit
T8,300,out,6,5.35,3.21038719e-05,3.20265391e-05,fit
T8,300,out,6,5.4,3.21883784e-05,3.22918537e-05,fit
T8,300,out,6,5.45,3.22716021e-05,3.26182179e-05,fit
T8,300,out,6,5.5,3.23535869e-05,3.22381567e-05,fit
T8,300,out,6,5.55,3.24343751e-05,3.22278581e-05,fit
T8,300,out,6,5.6,3.25140079e-05,3.21587777e-05,fit
T8,300,out,6,5.65,3.2592525e-05,3.32686699e-05,fit
T8,300,out,6,5.7,3.26699647e-05,3.26455089e-05,fit
T8,300,out,6,5.75,3.27463641e-05,3.28502297e-05,fit
T8,300,out,6,5.8,3.28217593e-05,3.19328867e-05,fit
T8,300,out,6,5.85,3.28961849e-05,3.23860073e-05,fit
T8,300,out,6,5.9,3.29696745e-05,3.31934207e-05,fit
T8,300,out,6,5.95,3.30422606e-05,3.30939528e-05,fit
T8,300,out,6,6,3.31139745e-05,3.40692183e-05,fit
T7,1000,tr,-2,0.1,2.02e-14,1.69285133e-14,fit
T7,1000,tr,-1.95,0.1,2.02e-14,1.43978825e-14,fit
T7,1000,tr,-1.9,0.1,2.02e-14,2.24675903e-14,fit
T7,1000,tr,-1.85,0.1,2.02e-14,1.64789142e-14,fit
T7,1000,tr,-1.8,0.1,2.02e-14,1.85773053e-14,fit
T7,1000,tr,-1.75,0.1,2.02e-14,1.51861167e-14,fit
T7,1000,tr,-1.7,0.1,2.02e-14,1.40135698e-14,fit
T7,1000,tr,-1.65,0.1,2.02e-14,1.22448609e-14,fit
T7,1000,tr,-1.6,0.1,2.02e-14,2.08834096e-14,fit
T7,1000,tr,-1.55,0.1,2.02e-14,1.92348084e-14,fit
T7,1000,tr,-1.5,0.1,2.02e-14,2.52958039e-14,fit
T7,1000,tr,-1.45,0.1,2.02e-14,1.3816656e-14,fit
T7,1000,tr,-1.4,0.1,2.02e-14,2.24674074e-14,fit
T7,1000,tr,-1.35,0.1,2.02e-14,2.6162856e-14,fit
T7,1000,tr,-1.3,0.1,2.02e-14,2.18586434e-14,fit
T7,1000,tr,-1.25,0.1,2.02e-14,1.66411795e-14,fit
T7,1000,tr,-1.2,0.1,2.02e-14,1.12050618e-14,fit
T7,1000,tr,-1.15,0.1,2.02e-14,1.98318234e-14,fit
T7,1000,tr,-1.1,0.1,2.02e-14,9.14023352e-15,fit
T7,1000,tr,-1.05,0.1,2.02e-14,2.07509993e-14,fit
T7,1000,tr,-1,0.1,2.02e-14,1.45428855e-14,fit
T7,1000,tr,-0.95,0.1,2.02e-14,1.65993749e-14,fit
T7,1000,tr,-0.9,0.1,2.02e-14,2.74681716e-14,fit
T7,1000,tr,-0.85,0.1,2.02e-14,2.544751e-14,fit
T7,1000,tr,-0.8,0.1,2.02e-14,2.10027419e-14,fit
T7,1000,tr,-0.75,0.1,2.02e-14,2.1723654e-14,fit
T7,1000,tr,-0.7,0.1,2.02000001e-14,3.00191293e-14,fit
T7,1000,tr,-0.65,0.1,2.02000002e-14,2.15536857e-14,fit
T7,1000,tr,-0.6,0.1,2.02000006e-14,1.70063551e-14,fit
T7,1000,tr,-0.55,0.1,2.02000014e-14,1.90227032e-14,fit
T7,1000,tr,-0.5,0.1,2.02000035e-14,2.52391311e-14,fit
T7,1000,tr,-0.45,0.1,2.02000085e-14,2.91345365e-14,fit
T7,1000,tr,-0.4,0.1,2.02000205e-14,2.55939538e-14,fit
T7,1000,tr,-0.35,0.1,2.02000498e-14,2.43983252e-14,fit
T7,1000,tr,-0.3,0.1,2.02001206e-14,2.24144981e-14,fit
T7,1000,tr,-0.25,0.1,2.02002923e-14,2.65590026e-14,fit
T7,1000,tr,-0.2,0.1,2.02007085e-14,1.5047317e-14,fit
T7,1000,tr,-0.15,0.1,2.02017172e-14,1.64790756e-14,fit
T7,1000,tr,-0.1,0.1,2.02041622e-14,3.48163676e-14,fit
T7,1000,tr,-0.05,0.1,2.02100881e-14,2.99026961e-14,fit
T7,1000,tr,1.20736754e-15,0.1,2.02244512e-14,1.7414414e-14,fit
T7,1000,tr,0.05,0.1,2.02761867e-14,2.20953081e-14,fit
T7,1000,tr,0.1,0.1,2.03846486e-14,1.24405027e-14,fit
T7,1000,tr,0.15,0.1,2.06475025e-14,1.72485554e-14,fit
T7,1000,tr,0.2,0.1,2.12844729e-14,2.28888473e-14,fit
T7,1000,tr,0.25,0.1,2.28278616e-14,1.66696024e-14,fit
T7,1000,tr,0.3,0.1,2.6566882e-14,3.05051428e-14,fit
T7,1000,tr,0.35,0.1,3.56227338e-14,4.03664803e-14,fit
T7,1000,tr,0.4,0.1,5.75474182e-14,6.37160118e-14,fit
T7,1000,tr,0.45,0.1,1.10597374e-13,1.13661388e-13,fit
T7,1000,tr,0.5,0.1,2.3884714e-13,2.47270717e-13,fit
T7,1000,tr,0.55,0.1,5.48486564e-13,5.61787616e-13,fit
T7,1000,tr,0.6,0.1,1.29458643e-12,1.30920953e-12,fit
T7,1000,tr,0.65,0.1,3.0870518e-12,3.24845567e-12,fit
T7,1000,tr,0.7,0.1,7.37435135e-12,7.44851208e-12,fit
T7,1000,tr,0.75,0.1,1.75618138e-11,1.84185159e-11,fit
T7,1000,tr,0.8,0.1,4.15364249e-11,4.20552459e-11,fit
T7,1000,tr,0.85,0.1,9.71694077e-11,9.98367251e-11,fit
T7,1000,tr,0.9,0.1,2.23694616e-10,2.21507303e-10,fit
T7,1000,tr,0.95,0.1,5.03444028e-10,4.97310494e-10,fit
T7,1000,tr,1,0.1,1.09836567e-09,1.09695097e-09,fit
T7,1000,tr,1.05,0.1,2.29704521e-09,2.33050841e-09,fit
T7,1000,tr,1.1,0.1,4.53264157e-09,4.75826756e-09,fit
T7,1000,tr,1.15,0.1,8.27562479e-09,7.88390739e-09,fit
T7,1000,tr,1.2,0.1,1.37899564e-08,1.49547493e-08,fit
T7,1000,tr,1.25,0.1,2.10084139e-08,2.07447409e-08,fit
T7,1000,tr,1.3,0.1,2.9663754e-08,2.9393194e-08,fit
T7,1000,tr,1.35,0.1,3.94583934e-08,4.05240485e-08,fit
T7,1000,tr,1.4,0.1,5.01363364e-08,5.09131726e-08,fit
T7,1000,tr,1.45,0.1,6.14939856e-08,6.4903638e-08,fit
T7,1000,tr,1.5,0.1,7.33741841e-08,7.26227814e-08,fit
T7,1000,tr,1.55,0.1,8.56578245e-08,9.04693403e-08,fit
T7,1000,tr,1.6,0.1,9.82557864e-08,9.73274444e-08,fit
T7,1000,tr,1.65,0.1,1.11101843e-07,1.12909765e-07,fit
T7,1000,tr,1.7,0.1,1.241468e-07,1.16914723e-07,fit
T7,1000,tr,1.75,0.1,1.37353916e-07,1.44445564e-07,fit
T7,1000,tr,1.8,0.1,1.50695444e-07,1.4906116e-07,fit
T7,1000,tr,1.85,0.1,1.64150115e-07,1.73013008e-07,fit
T7,1000,tr,1.9,0.1,1.77701324e-07,1.79097819e-07,fit
T7,1000,tr,1.95,0.1,1.91335844e-07,1.94358309e-07,fit
T7,1000,tr,2,0.1,2.05042917e-07,2.06958245e-07,fit
T7,1000,tr,2.05,0.1,2.18813614e-07,2.10267195e-07,fit
T7,1000,tr,2.1,0.1,2.3264038e-07,2.32002848e-07,fit
T7,1000,tr,2.15,0.1,2.46516716e-07,2.3664446e-07,fit
T7,1000,tr,2.2,0.1,2.6043694e-07,2.56140342e-07,fit
T7,1000,tr,2.25,0.1,2.74396029e-07,2.76051753e-07,fit
T7,1000,tr,2.3,0.1,2.8838949e-07,2.82867887e-07,fit
T7,1000,tr,2.35,0.1,3.02413266e-07,2.99363325e-07,fit
T7,1000,tr,2.4,0.1,3.16463672e-07,3.29350784e-07,fit
T7,1000,tr,2.45,0.1,3.3053734e-07,3.3102555e-07,fit
T7,1000,tr,2.5,0.1,3.44631173e-07,3.46520652e-07,fit
T7,1000,tr,2.55,0.1,3.58742313e-07,3.6890835e-07,fit
T7,1000,tr,2.6,0.1,3.72868116e-07,3.65085728e-07,fit
T7,1000,tr,2.65,0.1,3.87006126e-07,3.92905295e-07,fit
T7,1000,tr,2.7,0.1,4.01154054e-07,3.98158946e-07,fit
T7,1000,tr,2.75,0.1,4.15309769e-07,4.10070824e-07,fit
T7,1000,tr,2.8,0.1,4.29471276e-07,4.19412836e-07,fit
T7,1000,tr,2.85,0.1,4.43636707e-07,4.21008489e-07,fit
T7,1000,tr,2.9,0.1,4.57804312e-07,4.60029374e-07,fit
T7,1000,tr,2.95,0.1,4.71972445e-07,4.79777052e-07,fit
T7,1000,tr,3,0.1,4.8613956e-07,4.74295567e-07,fit
T7,1000,tr,3.05,0.1,5.00304203e-07,4.85434774e-07,fit
T7,1000,tr,3.1,0.1,5.14465002e-07,4.91500194e-07,fit
T7,1000,tr,3.15,0.1,5.28620662e-07,5.64671088e-07,fit
T7,1000,tr,3.2,0.1,5.42769963e-07,5.41383691e-07,fit
T7,1000,tr,3.25,0.1,5.56911751e-07,5.44899783e-07,fit
T7,1000,tr,3.3,0.1,5.71044935e-07,5.45894385e-07,fit
T7,1000,tr,3.35,0.1,5.85168481e-07,6.07130543e-07,fit
T7,1000,tr,3.4,0.1,5.99281414e-07,5.98657473e-07,fit
T7,1000,tr,3.45,0.1,6.13382806e-07,6.07742109e-07,fit
T7,1000,tr,3.5,0.1,6.2747178e-07,6.16891724e-07,fit
T7,1000,tr,3.55,0.1,6.41547503e-07,6.36332622e-07,fit
T7,1000,tr,3.6,0.1,6.55609185e-07,6.38315846e-07,fit
T7,1000,tr,3.65,0.1,6.69656077e-07,6.59614571e-07,fit
T7,1000,tr,3.7,0.1,6.83687464e-07,7.21796945e-07,fit
T7,1000,tr,3.75,0.1,6.97702672e-07,6.78358072e-07,fit
T7,1000,tr,3.8,0.1,7.11701057e-07,7.22403884e-07,fit
T7,1000,tr,3.85,0.1,7.25682008e-07,7.33150229e-07,fit
T7,1000,tr,3.9,0.1,7.39644943e-07,7.4360202e-07,fit
T7,1000,tr,3.95,0.1,7.5358931e-07,7.98520184e-07,fit
T7,1000,tr,4,0.1,7.67514583e-07,8.04682365e-07,fit
T7,1000,tr,4.05,0.1,7.81420262e-07,8.0500526e-07,fit
T7,1000,tr,4.1,0.1,7.9530587e-07,8.11624513e-07,fit
T7,1000,tr,4.15,0.1,8.09170956e-07,8.13111338e-07,fit
T7,1000,tr,4.2,0.1,8.23015087e-07,8.33752081e-07,fit
T7,1000,tr,4.25,0.1,8.36837853e-07,8.54261539e-07,fit
T7,1000,tr,4.3,0.1,8.50638865e-07,8.55960726e-07,fit
T7,1000,tr,4.35,0.1,8.64417751e-07,8.3145672e-07,fit
T7,1000,tr,4.4,0.1,8.78174157e-07,8.43925812e-07,fit
T7,1000,tr,4.45,0.1,8.91907746e-07,9.36449649e-07,fit
T7,1000,tr,4.5,0.1,9.05618199e-07,9.18019469e-07,fit
T7,1000,tr,4.55,0.1,9.19305212e-07,9.29943181e-07,fit
T7,1000,tr,4.6,0.1,9.32968494e-07,9.39059874e-07,fit
T7,1000,tr,4.65,0.1,9.4660777e-07,9.75857912e-07,fit
T7,1000,tr,4.7,0.1,9.60222779e-07,1.00199336e-06,fit
T7,1000,tr,4.75,0.1,9.73813272e-07,9.37605718e-07,fit
T7,1000,tr,4.8,0.1,9.87379013e-07,1.0048267e-06,fit
T7,1000,tr,4.85,0.1,1.00091978e-06,1.08338484e-06,fit
T7,1000,tr,4.9,0.1,1.01443535e-06,1.0483667e-06,fit
T7,1000,tr,4.95,0.1,1.02792553e-06,1.04452098e-06,fit
T7,1000,tr,5,0.1,1.04139013e-06,1.06668382e-06,fit
T7,1000,tr,5.05,0.1,1.05482897e-06,1.02118879e-06,fit
T7,1000,tr,5.1,0.1,1.06824187e-06,1.02456925e-06,fit
T7,1000,tr,5.15,0.1,1.08162867e-06,1.06164159e-06,fit
T7,1000,tr,5.2,0.1,1.09498921e-06,1.06005638e-06,fit
T7,1000,tr,5.25,0.1,1.10832336e-06,1.13548881e-06,fit
T7,1000,tr,5.3,0.1,1.12163098e-06,1.16231493e-06,fit
T7,1000,tr,5.35,0.1,1.13491193e-06,1.14264519e-06,fit
T7,1000,tr,5.4,0.1,1.14816609e-06,1.17747418e-06,fit
T7,1000,tr,5.45,0.1,1.16139335e-06,1.19403761e-06,fit
T7,1000,tr,5.5,0.1,1.1745936e-06,1.13165214e-06,fit
T7,1000,tr,5.55,0.1,1.18776675e-06,1.22762542e-06,fit
T7,1000,tr,5.6,0.1,1.20091269e-06,1.27191281e-06,fit
T7,1000,tr,5.65,0.1,1.21403133e-06,1.216233e-06,fit
T7,1000,tr,5.7,0.1,1.22712261e-06,1.26364652e-06,fit
T7,1000,tr,5.75,0.1,1.24018643e-06,1.235959e-06,fit
T7,1000,tr,5.8,0.1,1.25322273e-06,1.25790736e-06,fit
T7,1000,tr,5.85,0.1,1.26623145e-06,1.20925167e-06,fit
T7,1000,tr,5.9,0.1,1.27921251e-06,1.20192397e-06,fit
T7,1000,tr,5.95,0.1,1.29216587e-06,1.22129869e-06,fit
T7,1000,tr,6,0.1,1.30509148e-06,1.33797138e-06,fit
T7,1000,tr,6.05,0.1,1.31798929e-06,1.34891756e-06,fit
T7,1000,tr,6.1,0.1,1.33085925e-06,1.35159427e-06,fit
T7,1000,tr,6.15,0.1,1.34370133e-06,1.34417002e-06,fit
T7,1000,tr,6.2,0.1,1.3565155e-06,1.28974881e-06,fit
T7,1000,tr,6.25,0.1,1.36930172e-06,1.3466645e-06,fit
T7,1000,tr,6.3,0.1,1.38205997e-06,1.38729207e-06,fit
T7,1000,tr,6.35,0.1,1.39479023e-06,1.35746242e-06,fit
T7,1000,tr,6.4,0.1,1.40749248e-06,1.3778969e-06,fit
T7,1000,tr,6.45,0.1,1.42016671e-06,1.49230425e-06,fit
T7,1000,tr,6.5,0.1,1.43281289e-06,1.45390339e-06,fit
T7,1000,tr,6.55,0.1,1.44543103e-06,1.48927484e-06,fit
T7,1000,tr,6.6,0.1,1.45802111e-06,1.39342928e-06,fit
T7,1000,tr,6.65,0.1,1.47058314e-06,1.46657532e-06,fit
T7,1000,tr,6.7,0.1,1.48311711e-06,1.33129943e-06,fit
T7,1000,tr,6.75,0.1,1.49562303e-06,1.54332826e-06,fit
T7,1000,tr,6.8,0.1,1.5081009e-06,1.48563725e-06,fit
T7,1000,tr,6.85,0.1,1.52055073e-06,1.40979059e-06,fit
T7,1000,tr,6.9,0.1,1.53297253e-06,1.42941498e-06,fit
T7,1000,tr,6.95,0.1,1.54536631e-06,1.53300134e-06,fit
T7,1000,tr,7,0.1,1.5577321e-06,1.56404746e-06,fit
T7,1000,tr,7.05,0.1,1.57006989e-06,1.62134756e-06,fit
T7,1000,tr,7.1,0.1,1.58237973e-06,1.51448636e-06,fit
T7,1000,tr,7.15,0.1,1.59466162e-06,1.72217396e-06,fit
T7,1000,tr,7.2,0.1,1.60691559e-06,1.60694955e-06,fit
T7,1000,tr,7.25,0.1,1.61914166e-06,1.66769257e-06,fit
T7,1000,tr,7.3,0.1,1.63133987e-06,1.60061807e-06,fit
T7,1000,tr,7.35,0.1,1.64351024e-06,1.66394857e-06,fit
T7,1000,tr,7.4,0.1,1.6556528e-06,1.63153044e-06,fit
T7,1000,tr,7.45,0.1,1.66776759e-06,1.77829791e-06,fit
T7,1000,tr,7.5,0.1,1.67985463e-06,1.67903072e-06,fit
T7,1000,tr,7.55,0.1,1.69191398e-06,1.5780074e-06,fit
T7,1000,tr,7.6,0.1,1.70394565e-06,1.71953919e-06,fit
T7,1000,tr,7.65,0.1,1.71594969e-06,1.82514652e-06,fit
T7,1000,tr,7.7,0.1,1.72792614e-06,1.71347618e-06,fit
T7,1000,tr,7.75,0.1,1.73987504e-06,1.73546652e-06,fit
T7,1000,tr,7.8,0.1,1.75179644e-06,1.78586291e-06,fit
T7,1000,tr,7.85,0.1,1.76369038e-06,1.8796887e-06,fit
T7,1000,tr,7.9,0.1,1.77555689e-06,1.77289366e-06,fit
T7,1000,tr,7.95,0.1,1.78739604e-06,1.77378562e-06,fit
T7,1000,tr,8,0.1,1.79920786e-06,1.83133415e-06,fit
T7,1000,tr,-2,5,1.5e-12,1.45857921e-12,fit
T7,1000,tr,-1.95,5,1.5e-12,1.50383175e-12,fit
T7,1000,tr,-1.9,5,1.5e-12,1.56910296e-12,fit
T7,1000,tr,-1.85,5,1.5e-12,1.53673307e-12,fit
T7,1000,tr,-1.8,5,1.5e-12,1.55153963e-12,fit
T7,1000,tr,-1.75,5,1.5e-12,1.51671809e-12,fit
T7,1000,tr,-1.7,5,1.5e-12,1.42617352e-12,fit
T7,1000,tr,-1.65,5,1.5e-12,1.54724986e-12,fit
T7,1000,tr,-1.6,5,1.5e-12,1.56584673e-12,fit
T7,1000,tr,-1.55,5,1.5e-12,1.49779585e-12,fit
T7,1000,tr,-1.5,5,1.5e-12,1.48267622e-12,fit
T7,1000,tr,-1.45,5,1.5e-12,1.56623068e-12,fit
T7,1000,tr,-1.4,5,1.5e-12,1.49734121e-12,fit
T7,1000,tr,-1.35,5,1.5e-12,1.43318863e-12,fit
T7,1000,tr,-1.3,5,1.5e-12,1.49634607e-12,fit
T7,1000,tr,-1.25,5,1.5e-12,1.59294187e-12,fit
T7,1000,tr,-1.2,5,1.5e-12,1.5567844e-12,fit
T7,1000,tr,-1.15,5,1.5e-12,1.43631229e-12,fit
T7,1000,tr,-1.1,5,1.5e-12,1.41347369e-12,fit
T7,1000,tr,-1.05,5,1.5e-12,1.56784495e-12,fit
T7,1000,tr,-1,5,1.5e-12,1.51142494e-12,fit
T7,1000,tr,-0.95,5,1.5e-12,1.48199348e-12,fit
T7,1000,tr,-0.9,5,1.5e-12,1.46997765e-12,fit
T7,1000,tr,-0.85,5,1.5e-12,1.52138992e-12,fit
T7,1000,tr,-0.8,5,1.5e-12,1.50554074e-12,fit
T7,1000,tr,-0.75,5,1.5e-12,1.4663889e-12,fit
T7,1000,tr,-0.7,5,1.5e-12,1.51085729e-12,fit
T7,1000,tr,-0.65,5,1.5e-12,1.60223026e-12,fit
T7,1000,tr,-0.6,5,1.5e-12,1.46857506e-12,fit
T7,1000,tr,-0.55,5,1.50000001e-12,1.56394327e-12,fit
T7,1000,tr,-0.5,5,1.50000002e-12,1.50231555e-12,fit
T7,1000,tr,-0.45,5,1.50000005e-12,1.48511776e-12,fit
T7,1000,tr,-0.4,5,1.50000013e-12,1.54242874e-12,fit
T7,1000,tr,-0.35,5,1.50000031e-12,1.58188663e-12,fit
T7,1000,tr,-0.3,5,1.50000075e-12,1.52390726e-12,fit
T7,1000,tr,-0.25,5,1.50000182e-12,1.44001347e-12,fit
T7,1000,tr,-0.2,5,1.50000441e-12,1.60566667e-12,fit
T7,1000,tr,-0.15,5,1.50001069e-12,1.53098745e-12,fit
T7,1000,tr,-0.1,5,1.50002591e-12,1.46092092e-12,fit
T7,1000,tr,-0.05,5,1.5000628e-12,1.46039119e-12,fit
T7,1000,tr,1.20736754e-15,5,1.5001522e-12,1.44502668e-12,fit
T7,1000,tr,0.05,5,1.50047418e-12,1.53215621e-12,fit
T7,1000,tr,0.1,5,1.50114913e-12,1.52901751e-12,fit
T7,1000,tr,0.15,5,1.50278454e-12,1.48253212e-12,fit
T7,1000,tr,0.2,5,1.50674653e-12,1.54277195e-12,fit
T7,1000,tr,0.25,5,1.51634253e-12,1.50700362e-12,fit
T7,1000,tr,0.3,5,1.53957537e-12,1.55198769e-12,fit
T7,1000,tr,0.35,5,1.59579218e-12,1.64802189e-12,fit
T7,1000,tr,0.4,5,1.73170365e-12,1.6571656e-12,fit
T7,1000,tr,0.45,5,2.05986197e-12,2.08595071e-12,fit
T7,1000,tr,0.5,5,2.85066001e-12,2.96973952e-12,fit
T7,1000,tr,0.55,5,4.75078172e-12,4.85097918e-12,fit
T7,1000,tr,0.6,5,9.2965453e-12,9.60883317e-12,fit
T7,1000,tr,0.65,5,2.01015694e-11,2.02803505e-11,fit
T7,1000,tr,0.7,5,4.55412603e-11,4.68281257e-11,fit
T7,1000,tr,0.75,5,1.04613599e-10,1.04144326e-10,fit
T7,1000,tr,0.8,5,2.39092604e-10,2.31301382e-10,fit
T7,1000,tr,0.85,5,5.36885537e-10,5.2193585e-10,fit
T7,1000,tr,0.9,5,1.17214382e-09,1.12931501e-09,fit
T7,1000,tr,0.95,5,2.46337357e-09,2.52519693e-09,fit
T7,1000,tr,1,5,4.93713155e-09,4.96211212e-09,fit
T7,1000,tr,1.05,5,9.36494579e-09,9.10052864e-09,fit
T7,1000,tr,1.1,5,1.67340679e-08,1.62403819e-08,fit
T7,1000,tr,1.15,5,2.8140313e-08,2.79069222e-08,fit
T7,1000,tr,1.2,5,4.46413573e-08,4.37306882e-08,fit
T7,1000,tr,1.25,5,6.71343453e-08,6.62197354e-08,fit
T7,1000,tr,1.3,5,9.62986143e-08,9.20334437e-08,fit
T7,1000,tr,1.35,5,1.32601443e-07,1.27583512e-07,fit
T7,1000,tr,1.4,5,1.76339651e-07,1.76272899e-07,fit
T7,1000,tr,1.45,5,2.2768996e-07,2.22291774e-07,fit
T7,1000,tr,1.5,5,2.86752478e-07,2.751926e-07,fit
T7,1000,tr,1.55,5,3.53582306e-07,3.54724487e-07,fit
T7,1000,tr,1.6,5,4.2821004e-07,4.32359496e-07,fit
T7,1000,tr,1.65,5,5.10653954e-07,5.1180438e-07,fit
T7,1000,tr,1.7,5,6.00926658e-07,5.97640575e-07,fit
T7,1000,tr,1.75,5,6.99038388e-07,6.73699937e-07,fit
T7,1000,tr,1.8,5,8.04998384e-07,7.70620004e-07,fit
T7,1000,tr,1.85,5,9.1881527e-07,9.21937389e-07,fit
T7,1000,tr,1.9,5,1.04049696e-06,1.05791432e-06,fit
T7,1000,tr,1.95,5,1.17005039e-06,1.15777619e-06,fit
T7,1000,tr,2,5,1.3074812e-06,1.26903504e-06,fit
T7,1000,tr,2.05,5,1.45279347e-06,1.45674858e-06,fit
T7,1000,tr,2.1,5,1.60598951e-06,1.63051615e-06,fit
T7,1000,tr,2.15,5,1.76706968e-06,1.79797501e-06,fit
T7,1000,tr,2.2,5,1.93603233e-06,2.02487263e-06,fit
T7,1000,tr,2.25,5,2.11287371e-06,2.04621468e-06,fit
T7,1000,tr,2.3,5,2.29758793e-06,2.19861673e-06,fit
T7,1000,tr,2.35,5,2.49016697e-06,2.54003451e-06,fit
T7,1000,tr,2.4,5,2.69060065e-06,2.65500332e-06,fit
T7,1000,tr,2.45,5,2.89887667e-06,2.92545728e-06,fit
T7,1000,tr,2.5,5,3.11498059e-06,3.11149709e-06,fit
T7,1000,tr,2.55,5,3.33889586e-06,3.2268537e-06,fit
T7,1000,tr,2.6,5,3.57060379e-06,3.56850084e-06,fit
T7,1000,tr,2.65,5,3.8100836e-06,3.74589355e-06,fit
T7,1000,tr,2.7,5,4.05731237e-06,4.17908055e-06,fit
T7,1000,tr,2.75,5,4.31226506e-06,4.3476616e-06,fit
T7,1000,tr,2.8,5,4.57491451e-06,4.52160524e-06,fit
T7,1000,tr,2.85,5,4.8452314e-06,4.85912241e-06,fit
T7,1000,tr,2.9,5,5.12318424e-06,5.05289442e-06,fit
T7,1000,tr,2.95,5,5.40873939e-06,5.62023521e-06,fit
T7,1000,tr,3,5,5.701861e-06,5.52089548e-06,fit
T7,1000,tr,3.05,5,6.00251098e-06,6.1185045e-06,fit
T7,1000,tr,3.1,5,6.31064905e-06,6.24984764e-06,fit
T7,1000,tr,3.15,5,6.62623266e-06,6.49612841e-06,fit
T7,1000,tr,3.2,5,6.94921697e-06,6.52588973e-06,fit
T7,1000,tr,3.25,5,7.2795549e-06,7.28001665e-06,fit
T7,1000,tr,3.3,5,7.61719705e-06,7.9199197e-06,fit
T7,1000,tr,3.35,5,7.96209174e-06,8.57875949e-06,fit
T7,1000,tr,3.4,5,8.31418498e-06,8.6127391e-06,fit
T7,1000,tr,3.45,5,8.67342047e-06,8.91121605e-06,fit
T7,1000,tr,3.5,5,9.03973961e-06,8.67333673e-06,fit
T7,1000,tr,3.55,5,9.41308153e-06,9.27257444e-06,fit
T7,1000,tr,3.6,5,9.79338306e-06,1.0081443e-05,fit
T7,1000,tr,3.65,5,1.01805788e-05,1.0109013e-05,fit
T7,1000,tr,3.7,5,1.05746011e-05,1.04738301e-05,fit
T7,1000,tr,3.75,5,1.097538e-05,1.07742309e-05,fit
T7,1000,tr,3.8,5,1.13828436e-05,1.10955564e-05,fit
T7,1000,tr,3.85,5,1.17969178e-05,1.16492008e-05,fit
T7,1000,tr,3.9,5,1.22175262e-05,1.20578677e-05,fit
T7,1000,tr,3.95,5,1.26445907e-05,1.22589473e-05,fit
T7,1000,tr,4,5,1.30780309e-05,1.3477798e-05,fit
T7,1000,tr,4.05,5,1.35177647e-05,1.31775689e-05,fit
T7,1000,tr,4.1,5,1.39637082e-05,1.41371013e-05,fit
T7,1000,tr,4.15,5,1.44157755e-05,1.40705762e-05,fit
T7,1000,tr,4.2,5,1.48738791e-05,1.51416493e-05,fit
T7,1000,tr,4.25,5,1.53379298e-05,1.52500959e-05,fit
T7,1000,tr,4.3,5,1.58078371e-05,1.56220323e-05,fit
T7,1000,tr,4.35,5,1.62835088e-05,1.67981653e-05,fit
T7,1000,tr,4.4,5,1.67648514e-05,1.71406083e-05,fit
T7,1000,tr,4.45,5,1.725177e-05,1.79076193e-05,fit
T7,1000,tr,4.5,5,1.77441686e-05,1.72907413e-05,fit
T7,1000,tr,4.55,5,1.82419503e-05,1.73397365e-05,fit
T7,1000,tr,4.6,5,1.87450167e-05,1.85727173e-05,fit
T7,1000,tr,4.65,5,1.9253269e-05,1.87073111e-05,fit
T7,1000,tr,4.7,5,1.97666073e-05,2.05210183e-05,fit
T7,1000,tr,4.75,5,2.02849311e-05,2.05998883e-05,fit
T7,1000,tr,4.8,5,2.08081391e-05,2.15588979e-05,fit
T7,1000,tr,4.85,5,2.13361297e-05,2.10179203e-05,fit
T7,1000,tr,4.9,5,2.18688007e-05,2.25673476e-05,fit
T7,1000,tr,4.95,5,2.24060498e-05,2.22465222e-05,fit
T7,1000,tr,5,5,2.29477742e-05,2.20194574e-05,fit
T7,1000,tr,5.05,5,2.34938711e-05,2.27727895e-05,fit
T7,1000,tr,5.1,5,2.40442377e-05,2.42789335e-05,fit
T7,1000,tr,5.15,5,2.4598771e-05,2.32002756e-05,fit
T7,1000,tr,5.2,5,2.51573684e-05,2.71345362e-05,fit
T7,1000,tr,5.25,5,2.57199274e-05,2.60600988e-05,fit
T7,1000,tr,5.3,5,2.62863458e-05,2.49107169e-05,fit
T7,1000,tr,5.35,5,2.68565216e-05,2.73683465e-05,fit
T7,1000,tr,5.4,5,2.74303536e-05,2.80653771e-05,fit
T7,1000,tr,5.45,5,2.80077409e-05,2.74350406e-05,fit
T7,1000,tr,5.5,5,2.85885831e-05,2.71529115e-05,fit
T7,1000,tr,5.55,5,2.91727807e-05,2.94726122e-05,fit
T7,1000,tr,5.6,5,2.97602349e-05,3.09060955e-05,fit
T7,1000,tr,5.65,5,3.03508474e-05,3.00034626e-05,fit
T7,1000,tr,5.7,5,3.09445212e-05,2.98367822e-05,fit
T7,1000,tr,5.75,5,3.15411598e-05,3.16269306e-05,fit
T7,1000,tr,5.8,5,3.21406679e-05,3.44288829e-05,fit
T7,1000,tr,5.85,5,3.27429511e-05,3.30034561e-05,fit
T7,1000,tr,5.9,5,3.33479161e-05,3.21250294e-05,fit
T7,1000,tr,5.95,5,3.39554707e-05,3.43103287e-05,fit
T7,1000,tr,6,5,3.45655238e-05,3.46276072e-05,fit
T7,1000,tr,6.05,5,3.51779854e-05,3.57365589e-05,fit
T7,1000,tr,6.1,5,3.5792767e-05,3.44243157e-05,fit
T7,1000,tr,6.15,5,3.6409781e-05,3.72073155e-05,fit
T7,1000,tr,6.2,5,3.70289411e-05,3.94603054e-05,fit
T7,1000,tr,6.25,5,3.76501626e-05,3.78795179e-05,fit
T7,1000,tr,6.3,5,3.82733618e-05,3.71414246e-05,fit
T7,1000,tr,6.35,5,3.88984563e-05,3.55191084e-05,fit
T7,1000,tr,6.4,5,3.95253653e-05,3.85481364e-05,fit
T7,1000,tr,6.45,5,4.01540093e-05,4.21337433e-05,fit
T7,1000,tr,6.5,5,4.07843099e-05,4.12933148e-05,fit
T7,1000,tr,6.55,5,4.14161905e-05,4.10399563e-05,fit
T7,1000,tr,6.6,5,4.20495755e-05,4.16899374e-05,fit
T7,1000,tr,6.65,5,4.26843911e-05,4.13920401e-05,fit
T7,1000,tr,6.7,5,4.33205644e-05,4.46783282e-05,fit
T7,1000,tr,6.75,5,4.39580244e-05,4.66038906e-05,fit
T7,1000,tr,6.8,5,4.45967012e-05,4.378101e-05,fit
T7,1000,tr,6.85,5,4.52365263e-05,4.36786815e-05,fit
T7,1000,tr,6.9,5,4.58774329e-05,4.58908842e-05,fit
T7,1000,tr,6.95,5,4.65193552e-05,4.66478237e-05,fit
T7,1000,tr,7,5,4.71622289e-05,4.69850722e-05,fit
T7,1000,tr,7.05,5,4.78059913e-05,4.74204371e-05,fit
T7,1000,tr,7.1,5,4.84505809e-05,4.64247482e-05,fit
T7,1000,tr,7.15,5,4.90959374e-05,5.13425299e-05,fit
T7,1000,tr,7.2,5,4.97420021e-05,5.11111128e-05,fit
T7,1000,tr,7.25,5,5.03887176e-05,5.08145606e-05,fit
T7,1000,tr,7.3,5,5.10360277e-05,5.36698785e-05,fit
T7,1000,tr,7.35,5,5.16838775e-05,5.50847494e-05,fit
T7,1000,tr,7.4,5,5.23322136e-05,5.19744139e-05,fit
T7,1000,tr,7.45,5,5.29809838e-05,5.36334341e-05,fit
T7,1000,tr,7.5,5,5.36301369e-05,5.48534282e-05,fit
T7,1000,tr,7.55,5,5.42796233e-05,5.401149e-05,fit
T7,1000,tr,7.6,5,5.49293945e-05,5.73529965e-05,fit
T7,1000,tr,7.65,5,5.5579403e-05,5.48851079e-05,fit
T7,1000,tr,7.7,5,5.62296029e-05,5.52848186e-05,fit
T7,1000,tr,7.75,5,5.68799492e-05,5.88515599e-05,fit
T7,1000,tr,7.8,5,5.75303981e-05,5.46882952e-05,fit
T7,1000,tr,7.85,5,5.8180907e-05,5.82201838e-05,fit
T7,1000,tr,7.9,5,5.88314342e-05,6.07322437e-05,fit
T7,1000,tr,7.95,5,5.94819395e-05,5.65864887e-05,fit
T7,1000,tr,8,5,6.01323834e-05,5.79240763e-05,fit
T8,1000,tr,-2,0.1,2.02e-14,2.16880172e-14,fit
T8,1000,tr,-1.95,0.1,2.02e-14,2.03475136e-14,fit
T8,1000,tr,-1.9,0.1,2.02e-14,2.03380419e-14,fit
T8,1000,tr,-1.85,0.1,2.02e-14,2.52476142e-14,fit
T8,1000,tr,-1.8,0.1,2.02e-14,2.35920124e-14,fit
T8,1000,tr,-1.75,0.1,2.02e-14,2.47190828e-14,fit
T8,1000,tr,-1.7,0.1,2.02e-14,1.40029278e-14,fit
T8,1000,tr,-1.65,0.1,2.02e-14,2.20550108e-14,fit
T8,1000,tr,-1.6,0.1,2.02e-14,2.52669369e-14,fit
T8,1000,tr,-1.55,0.1,2.02e-14,2.4713226e-14,fit
T8,1000,tr,-1.5,0.1,2.02e-14,1.45601785e-14,fit
T8,1000,tr,-1.45,0.1,2.02e-14,1.70163135e-14,fit
T8,1000,tr,-1.4,0.1,2.02e-14,1.48702424e-14,fit
T8,1000,tr,-1.35,0.1,2.02e-14,2.27359244e-14,fit
T8,1000,tr,-1.3,0.1,2.02e-14,1.38408937e-14,fit
T8,1000,tr,-1.25,0.1,2.02e-14,2.83772513e-14,fit
T8,1000,tr,-1.2,0.1,2.02e-14,1.74020422e-14,fit
T8,1000,tr,-1.15,0.1,2.02e-14,2.3137971e-14,fit
T8,1000,tr,-1.1,0.1,2.02e-14,2.14562285e-14,fit
T8,1000,tr,-1.05,0.1,2.02e-14,2.95617248e-14,fit
T8,1000,tr,-1,0.1,2.02e-14,1.28298548e-14,fit
T8,1000,tr,-0.95,0.1,2.02e-14,2.05312667e-14,fit
T8,1000,tr,-0.9,0.1,2.02e-14,2.43021773e-14,fit
T8,1000,tr,-0.85,0.1,2.02e-14,2.79660561e-14,fit
T8,1000,tr,-0.8,0.1,2.02e-14,2.43393462e-14,fit
T8,1000,tr,-0.75,0.1,2.02e-14,2.30410103e-14,fit
T8,1000,tr,-0.7,0.1,2.02e-14,1.27920807e-14,fit
T8,1000,tr,-0.65,0.1,2.02e-14,1.82802534e-14,fit
T8,1000,tr,-0.6,0.1,2.02000001e-14,1.74042853e-14,fit
T8,1000,tr,-0.55,0.1,2.02000002e-14,2.37865478e-14,fit
T8,1000,tr,-0.5,0.1,2.02000006e-14,2.40345173e-14,fit
T8,1000,tr,-0.45,0.1,2.02000013e-14,2.37202534e-14,fit
T8,1000,tr,-0.4,0.1,2.02000029e-14,1.27466146e-14,fit
T8,1000,tr,-0.35,0.1,2.02000068e-14,1.86564815e-14,fit
T8,1000,tr,-0.3,0.1,2.02000156e-14,2.3212953e-14,fit
T8,1000,tr,-0.25,0.1,2.02000358e-14,2.04045951e-14,fit
T8,1000,tr,-0.2,0.1,2.02000824e-14,1.68531066e-14,fit
T8,1000,tr,-0.15,0.1,2.02001895e-14,2.17367128e-14,fit
T8,1000,tr,-0.1,0.1,2.02004359e-14,2.67555229e-14,fit
T8,1000,tr,-0.05,0.1,2.02010026e-14,2.26289387e-14,fit
T8,1000,tr,1.20736754e-15,0.1,2.02023061e-14,2.69764584e-14,fit
T8,1000,tr,0.05,0.1,2.02066562e-14,2.68567396e-14,fit
T8,1000,tr,0.1,0.1,2.02153096e-14,2.81510184e-14,fit
T8,1000,tr,0.15,0.1,2.02352128e-14,2.17533907e-14,fit
T8,1000,tr,0.2,0.1,2.02809896e-14,2.25756578e-14,fit
T8,1000,tr,0.25,0.1,2.03862723e-14,2.7357357e-14,fit
T8,1000,tr,0.3,0.1,2.0628403e-14,1.21260791e-14,fit
T8,1000,tr,0.35,0.1,2.1185224e-14,2.45194819e-14,fit
T8,1000,tr,0.4,0.1,2.24656125e-14,1.26637185e-14,fit
T8,1000,tr,0.45,0.1,2.5409419e-14,2.75331006e-14,fit
T8,1000,tr,0.5,0.1,3.21763298e-14,3.79663974e-14,fit
T8,1000,tr,0.55,0.1,4.77268401e-14,4.41267987e-14,fit
T8,1000,tr,0.6,0.1,8.34468812e-14,9.32442112e-14,fit
T8,1000,tr,0.65,0.1,1.65445096e-13,1.75934729e-13,fit
T8,1000,tr,0.7,0.1,3.53503587e-13,3.6531442e-13,fit
T8,1000,tr,0.75,0.1,7.84217268e-13,7.59497073e-13,fit
T8,1000,tr,0.8,0.1,1.76871735e-12,1.87304178e-12,fit
T8,1000,tr,0.85,0.1,4.01246136e-12,4.17258198e-12,fit
T8,1000,tr,0.9,0.1,9.10438885e-12,8.73349381e-12,fit
T8,1000,tr,0.95,0.1,2.0588926e-11,2.06430493e-11,fit
T8,1000,tr,1,0.1,4.62630724e-11,4.68122048e-11,fit
T8,1000,tr,1.05,0.1,1.02939884e-10,1.06849371e-10,fit
T8,1000,tr,1.1,0.1,2.2586549e-10,2.23108202e-10,fit
T8,1000,tr,1.15,0.1,4.86061907e-10,5.01351165e-10,fit
T8,1000,tr,1.2,0.1,1.01884243e-09,1.02041153e-09,fit
T8,1000,tr,1.25,0.1,2.06107657e-09,2.02789649e-09,fit
T8,1000,tr,1.3,0.1,3.97144417e-09,3.91483685e-09,fit
T8,1000,tr,1.35,0.1,7.16511861e-09,7.13728926e-09,fit
T8,1000,tr,1.4,0.1,1.19301165e-08,1.16283429e-08,fit
T8,1000,tr,1.45,0.1,1.8287317e-08,1.81665531e-08,fit
T8,1000,tr,1.5,0.1,2.60519005e-08,2.58267055e-08,fit
T8,1000,tr,1.55,0.1,3.49752102e-08,3.45724528e-08,fit
T8,1000,tr,1.6,0.1,4.48247388e-08,4.46486036e-08,fit
T8,1000,tr,1.65,0.1,5.54052301e-08,5.57785766e-08,fit
T8,1000,tr,1.7,0.1,6.65589383e-08,6.55110705e-08,fit
T8,1000,tr,1.75,0.1,7.81613549e-08,7.80537114e-08,fit
T8,1000,tr,1.8,0.1,9.01160072e-08,9.23204162e-08,fit
T8,1000,tr,1.85,0.1,1.02349144e-07,1.00512461e-07,fit
T8,1000,tr,1.9,0.1,1.14804803e-07,1.15395171e-07,fit
T8,1000,tr,1.95,0.1,1.27440581e-07,1.31955523e-07,fit
T8,1000,tr,2,0.1,1.40224215e-07,1.45245108e-07,fit
T8,1000,tr,2.05,0.1,1.53130945e-07,1.54533463e-07,fit
T8,1000,tr,2.1,0.1,1.66141528e-07,1.68309054e-07,fit
T8,1000,tr,2.15,0.1,1.79240774e-07,1.74631061e-07,fit
T8,1000,tr,2.2,0.1,1.92416488e-07,1.91021926e-07,fit
T8,1000,tr,2.25,0.1,2.05658696e-07,2.08778358e-07,fit
T8,1000,tr,2.3,0.1,2.18959095e-07,2.14718158e-07,fit
T8,1000,tr,2.35,0.1,2.3231065e-07,2.21777165e-07,fit
T8,1000,tr,2.4,0.1,2.45707308e-07,2.56916675e-07,fit
T8,1000,tr,2.45,0.1,2.59143782e-07,2.59098766e-07,fit
T8,1000,tr,2.5,0.1,2.72615399e-07,2.69358901e-07,fit
T8,1000,tr,2.55,0.1,2.86117986e-07,2.95742963e-07,fit
T8,1000,tr,2.6,0.1,2.9964778e-07,2.9951707e-07,fit
T8,1000,tr,2.65,0.1,3.13201364e-07,3.06115941e-07,fit
T8,1000,tr,2.7,0.1,3.26775616e-07,3.32126197e-07,fit
T8,1000,tr,2.75,0.1,3.40367668e-07,3.4436607e-07,fit
T8,1000,tr,2.8,0.1,3.53974874e-07,3.30626837e-07,fit
T8,1000,tr,2.85,0.1,3.67594784e-07,3.99848036e-07,fit
T8,1000,tr,2.9,0.1,3.81225122e-07,3.82099299e-07,fit
T8,1000,tr,2.95,0.1,3.9486377e-07,3.85255249e-07,fit
T8,1000,tr,3,0.1,4.08508749e-07,4.09795422e-07,fit
T8,1000,tr,3.05,0.1,4.2215821e-07,4.18907485e-07,fit
T8,1000,tr,3.1,0.1,4.3581042e-07,4.17515249e-07,fit
T8,1000,tr,3.15,0.1,4.49463754e-07,4.70624099e-07,fit
T8,1000,tr,3.2,0.1,4.63116684e-07,4.59968756e-07,fit
T8,1000,tr,3.25,0.1,4.76767774e-07,4.72845601e-07,fit
T8,1000,tr,3.3,0.1,4.9041567e-07,5.05240486e-07,fit
T8,1000,tr,3.35,0.1,5.04059096e-07,4.89996366e-07,fit
T8,1000,tr,3.4,0.1,5.17696848e-07,5.62423929e-07,fit
T8,1000,tr,3.45,0.1,5.3132779e-07,5.30157018e-07,fit
T8,1000,tr,3.5,0.1,5.44950846e-07,5.35407719e-07,fit
T8,1000,tr,3.55,0.1,5.58565e-07,5.57525541e-07,fit
T8,1000,tr,3.6,0.1,5.7216929e-07,5.64275292e-07,fit
T8,1000,tr,3.65,0.1,5.85762803e-07,5.84839892e-07,fit
T8,1000,tr,3.7,0.1,5.99344675e-07,6.3185158e-07,fit
T8,1000,tr,3.75,0.1,6.12914089e-07,6.0054809e-07,fit
T8,1000,tr,3.8,0.1,6.26470265e-07,6.72990845e-07,fit
T8,1000,tr,3.85,0.1,6.40012468e-07,6.59427847e-07,fit
T8,1000,tr,3.9,0.1,6.53539996e-07,6.58958709e-07,fit
T8,1000,tr,3.95,0.1,6.67052183e-07,6.59977143e-07,fit
T8,1000,tr,4,0.1,6.80548399e-07,6.80584943e-07,fit
T8,1000,tr,4.05,0.1,6.94028042e-07,7.01510461e-07,fit
T8,1000,tr,4.1,0.1,7.0749054e-07,7.12764695e-07,fit
T8,1000,tr,4.15,0.1,7.2093535e-07,7.07530557e-07,fit
T8,1000,tr,4.2,0.1,7.34361956e-07,7.02060281e-07,fit
T8,1000,tr,4.25,0.1,7.47769867e-07,7.57152323e-07,fit
T8,1000,tr,4.3,0.1,7.61158613e-07,7.47232311e-07,fit
T8,1000,tr,4.35,0.1,7.74527751e-07,7.76846861e-07,fit
T8,1000,tr,4.4,0.1,7.87876857e-07,7.62025694e-07,fit
T8,1000,tr,4.45,0.1,8.01205528e-07,8.03206327e-07,fit
T8,1000,tr,4.5,0.1,8.14513379e-07,8.42133611e-07,fit
T8,1000,tr,4.55,0.1,8.27800047e-07,8.31828852e-07,fit
T8,1000,tr,4.6,0.1,8.41065183e-07,8.83209547e-07,fit
T8,1000,tr,4.65,0.1,8.54308457e-07,8.8385953e-07,fit
T8,1000,tr,4.7,0.1,8.67529555e-07,8.66374774e-07,fit
T8,1000,tr,4.75,0.1,8.80728177e-07,8.70230196e-07,fit
T8,1000,tr,4.8,0.1,8.93904039e-07,9.16516003e-07,fit
T8,1000,tr,4.85,0.1,9.0705687e-07,9.010277e-07,fit
T8,1000,tr,4.9,0.1,9.20186413e-07,8.97362384e-07,fit
T8,1000,tr,4.95,0.1,9.33292423e-07,9.32486159e-07,fit
T8,1000,tr,5,0.1,9.46374669e-07,9.28356473e-07,fit
T8,1000,tr,5.05,0.1,9.59432928e-07,9.82149391e-07,fit
T8,1000,tr,5.1,0.1,9.72466993e-07,9.59933948e-07,fit
T8,1000,tr,5.15,0.1,9.85476664e-07,9.94645657e-07,fit
T8,1000,tr,5.2,0.1,9.98461752e-07,1.01779134e-06,fit
T8,1000,tr,5.25,0.1,1.01142208e-06,9.63176197e-07,fit
T8,1000,tr,5.3,0.1,1.02435748e-06,1.02420393e-06,fit
T8,1000,tr,5.35,0.1,1.03726778e-06,1.03296948e-06,fit
T8,1000,tr,5.4,0.1,1.05015285e-06,1.07640595e-06,fit
T8,1000,tr,5.45,0.1,1.06301253e-06,1.03448611e-06,fit
T8,1000,tr,5.5,0.1,1.07584669e-06,1.12383091e-06,fit
T8,1000,tr,5.55,0.1,1.0886552e-06,1.09920616e-06,fit
T8,1000,tr,5.6,0.1,1.10143795e-06,1.09301903e-06,fit
T8,1000,tr,5.65,0.1,1.11419481e-06,1.08402867e-06,fit
T8,1000,tr,5.7,0.1,1.12692569e-06,1.09275528e-06,fit
T8,1000,tr,5.75,0.1,1.13963047e-06,1.13586897e-06,fit
T8,1000,tr,5.8,0.1,1.15230908e-06,1.17161758e-06,fit
T8,1000,tr,5.85,0.1,1.16496142e-06,1.18543566e-06,fit
T8,1000,tr,5.9,0.1,1.17758742e-06,1.17491975e-06,fit
T8,1000,tr,5.95,0.1,1.19018698e-06,1.18166607e-06,fit
T8,1000,tr,6,0.1,1.20276006e-06,1.17227534e-06,fit
T8,1000,tr,6.05,0.1,1.21530657e-06,1.21476997e-06,fit
T8,1000,tr,6.1,0.1,1.22782646e-06,1.25473698e-06,fit
T8,1000,tr,6.15,0.1,1.24031967e-06,1.17784212e-06,fit
T8,1000,tr,6.2,0.1,1.25278615e-06,1.2226961e-06,fit
T8,1000,tr,6.25,0.1,1.26522586e-06,1.32753231e-06,fit
T8,1000,tr,6.3,0.1,1.27763876e-06,1.3449443e-06,fit
T8,1000,tr,6.35,0.1,1.2900248e-06,1.27370735e-06,fit
T8,1000,tr,6.4,0.1,1.30238395e-06,1.32208958e-06,fit
T8,1000,tr,6.45,0.1,1.31471619e-06,1.32929971e-06,fit
T8,1000,tr,6.5,0.1,1.32702148e-06,1.35983284e-06,fit
T8,1000,tr,6.55,0.1,1.3392998e-06,1.40256782e-06,fit
T8,1000,tr,6.6,0.1,1.35155113e-06,1.35278599e-06,fit
T8,1000,tr,6.65,0.1,1.36377547e-06,1.37989903e-06,fit
T8,1000,tr,6.7,0.1,1.37597278e-06,1.39962758e-06,fit
T8,1000,tr,6.75,0.1,1.38814308e-06,1.46675015e-06,fit
T8,1000,tr,6.8,0.1,1.40028634e-06,1.46023233e-06,fit
T8,1000,tr,6.85,0.1,1.41240256e-06,1.42923289e-06,fit
T8,1000,tr,6.9,0.1,1.42449175e-06,1.42747092e-06,fit
T8,1000,tr,6.95,0.1,1.4365539e-06,1.37234989e-06,fit
T8,1000,tr,7,0.1,1.44858902e-06,1.48932214e-06,fit
T8,1000,tr,7.05,0.1,1.46059711e-06,1.46442255e-06,fit
T8,1000,tr,7.1,0.1,1.4725782e-06,1.47924937e-06,fit
T8,1000,tr,7.15,0.1,1.48453227e-06,1.50821094e-06,fit
T8,1000,tr,7.2,0.1,1.49645936e-06,1.50816314e-06,fit
T8,1000,tr,7.25,0.1,1.50835947e-06,1.48405199e-06,fit
T8,1000,tr,7.3,0.1,1.52023263e-06,1.40278335e-06,fit
T8,1000,tr,7.35,0.1,1.53207885e-06,1.60230767e-06,fit
T8,1000,tr,7.4,0.1,1.54389815e-06,1.52276298e-06,fit
T8,1000,tr,7.45,0.1,1.55569056e-06,1.53673371e-06,fit
T8,1000,tr,7.5,0.1,1.56745611e-06,1.56570288e-06,fit
T8,1000,tr,7.55,0.1,1.57919482e-06,1.5425537e-06,fit
T8,1000,tr,7.6,0.1,1.59090672e-06,1.58011196e-06,fit
T8,1000,tr,7.65,0.1,1.60259185e-06,1.63058253e-06,fit
T8,1000,tr,7.7,0.1,1.61425022e-06,1.60580554e-06,fit
T8,1000,tr,7.75,0.1,1.62588189e-06,1.53067443e-06,fit
T8,1000,tr,7.8,0.1,1.63748687e-06,1.66695171e-06,fit
T8,1000,tr,7.85,0.1,1.64906522e-06,1.69691736e-06,fit
T8,1000,tr,7.9,0.1,1.66061696e-06,1.68828358e-06,fit
T8,1000,tr,7.95,0.1,1.67214214e-06,1.64383334e-06,fit
T8,1000,tr,8,0.1,1.6836408e-06,1.75212575e-06,fit
T8,1000,tr,-2,5,1.5e-12,1.53110116e-12,fit
T8,1000,tr,-1.95,5,1.5e-12,1.51568945e-12,fit
T8,1000,tr,-1.9,5,1.5e-12,1.49826403e-12,fit
T8,1000,tr,-1.85,5,1.5e-12,1.55918653e-12,fit
T8,1000,tr,-1.8,5,1.5e-12,1.50252996e-12,fit
T8,1000,tr,-1.75,5,1.5e-12,1.45907188e-12,fit
T8,1000,tr,-1.7,5,1.5e-12,1.5578895e-12,fit
T8,1000,tr,-1.65,5,1.5e-12,1.47647066e-12,fit
T8,1000,tr,-1.6,5,1.5e-12,1.45799128e-12,fit
T8,1000,tr,-1.55,5,1.5e-12,1.54409176e-12,fit
T8,1000,tr,-1.5,5,1.5e-12,1.53071129e-12,fit
T8,1000,tr,-1.45,5,1.5e-12,1.46971778e-12,fit
T8,1000,tr,-1.4,5,1.5e-12,1.45821785e-12,fit
T8,1000,tr,-1.35,5,1.5e-12,1.57178069e-12,fit
T8,1000,tr,-1.3,5,1.5e-12,1.50999771e-12,fit
T8,1000,tr,-1.25,5,1.5e-12,1.54188836e-12,fit
T8,1000,tr,-1.2,5,1.5e-12,1.47114809e-12,fit
T8,1000,tr,-1.15,5,1.5e-12,1.55486196e-12,fit
T8,1000,tr,-1.1,5,1.5e-12,1.49648873e-12,fit
T8,1000,tr,-1.05,5,1.5e-12,1.42109167e-12,fit
T8,1000,tr,-1,5,1.5e-12,1.48389067e-12,fit
T8,1000,tr,-0.95,5,1.5e-12,1.51113753e-12,fit
T8,1000,tr,-0.9,5,1.5e-12,1.51651468e-12,fit
T8,1000,tr,-0.85,5,1.5e-12,1.5159113e-12,fit
T8,1000,tr,-0.8,5,1.5e-12,1.44962931e-12,fit
T8,1000,tr,-0.75,5,1.5e-12,1.51101664e-12,fit
T8,1000,tr,-0.7,5,1.5e-12,1.48745699e-12,fit
T8,1000,tr,-0.65,5,1.5e-12,1.49253923e-12,fit
T8,1000,tr,-0.6,5,1.5e-12,1.50510034e-12,fit
T8,1000,tr,-0.55,5,1.5e-12,1.56280391e-12,fit
T8,1000,tr,-0.5,5,1.5e-12,1.53630883e-12,fit
T8,1000,tr,-0.45,5,1.50000001e-12,1.46746264e-12,fit
T8,1000,tr,-0.4,5,1.50000002e-12,1.52443803e-12,fit
T8,1000,tr,-0.35,5,1.50000004e-12,1.43800703e-12,fit
T8,1000,tr,-0.3,5,1.50000009e-12,1.45783506e-12,fit
T8,1000,tr,-0.25,5,1.5000002e-12,1.48482475e-12,fit
T8,1000,tr,-0.2,5,1.50000046e-12,1.44960738e-12,fit
T8,1000,tr,-0.15,5,1.50000106e-12,1.53301093e-12,fit
T8,1000,tr,-0.1,5,1.50000245e-12,1.51037856e-12,fit
T8,1000,tr,-0.05,5,1.50000563e-12,1.56747594e-12,fit
T8,1000,tr,1.20736754e-15,5,1.50001295e-12,1.52024535e-12,fit
T8,1000,tr,0.05,5,1.50003739e-12,1.56695386e-12,fit
T8,1000,tr,0.1,5,1.500086e-12,1.58811293e-12,fit
T8,1000,tr,0.15,5,1.50019779e-12,1.43733235e-12,fit
T8,1000,tr,0.2,5,1.50045489e-12,1.44047868e-12,fit
T8,1000,tr,0.25,5,1.50104615e-12,1.55448093e-12,fit
T8,1000,tr,0.3,5,1.50240572e-12,1.52270325e-12,fit
T8,1000,tr,0.35,5,1.50553161e-12,1.44715536e-12,fit
T8,1000,tr,0.4,5,1.51271713e-12,1.57070182e-12,fit
T8,1000,tr,0.45,5,1.52922985e-12,1.57133462e-12,fit
T8,1000,tr,0.5,5,1.56716089e-12,1.49330829e-12,fit
T8,1000,tr,0.55,5,1.65423728e-12,1.66031147e-12,fit
T8,1000,tr,0.6,5,1.85395116e-12,1.80978676e-12,fit
T8,1000,tr,0.65,5,2.31138922e-12,2.37582763e-12,fit
T8,1000,tr,0.7,5,3.35707413e-12,3.4142411e-12,fit
T8,1000,tr,0.75,5,5.7405947e-12,5.73771609e-12,fit
T8,1000,tr,0.8,5,1.11508249e-11,1.1637947e-11,fit
T8,1000,tr,0.85,5,2.33568445e-11,2.32089238e-11,fit
T8,1000,tr,0.9,5,5.06553421e-11,5.25904957e-11,fit
T8,1000,tr,0.95,5,1.10954024e-10,1.15931845e-10,fit
T8,1000,tr,1,5,2.41847879e-10,2.49714249e-10,fit
T8,1000,tr,1.05,5,5.19286009e-10,4.87681308e-10,fit
T8,1000,tr,1.1,5,1.08892309e-09,1.09753735e-09,fit
T8,1000,tr,1.15,5,2.21168537e-09,2.18711303e-09,fit
T8,1000,tr,1.2,5,4.31654175e-09,4.28201974e-09,fit
T8,1000,tr,1.25,5,8.03967531e-09,7.95106223e-09,fit
T8,1000,tr,1.3,5,1.42203272e-08,1.41649392e-08,fit
T8,1000,tr,1.35,5,2.3835113e-08,2.48962516e-08,fit
T8,1000,tr,1.4,5,3.78854688e-08,3.76294639e-08,fit
T8,1000,tr,1.45,5,5.72817145e-08,5.78629955e-08,fit
T8,1000,tr,1.5,5,8.27657616e-08,8.35949677e-08,fit
T8,1000,tr,1.55,5,1.14887365e-07,1.1438377e-07,fit
T8,1000,tr,1.6,5,1.54022154e-07,1.52193841e-07,fit
T8,1000,tr,1.65,5,2.00409755e-07,2.02916726e-07,fit
T8,1000,tr,1.7,5,2.54194386e-07,2.55532778e-07,fit
T8,1000,tr,1.75,5,3.15458725e-07,3.10316947e-07,fit
T8,1000,tr,1.8,5,3.8424849e-07,3.7140269e-07,fit
T8,1000,tr,1.85,5,4.60588646e-07,4.58673382e-07,fit
T8,1000,tr,1.9,5,5.44493308e-07,5.5378338e-07,fit
T8,1000,tr,1.95,5,6.3597134e-07,6.2023675e-07,fit
T8,1000,tr,2,5,7.35029278e-07,7.48467476e-07,fit
T8,1000,tr,2.05,5,8.41672643e-07,8.25508024e-07,fit
T8,1000,tr,2.1,5,9.55906386e-07,9.36218437e-07,fit
T8,1000,tr,2.15,5,1.07773489e-06,1.07622739e-06,fit
T8,1000,tr,2.2,5,1.20716174e-06,1.19172258e-06,fit
T8,1000,tr,2.25,5,1.34418954e-06,1.36781093e-06,fit
T8,1000,tr,2.3,5,1.48881957e-06,1.61579114e-06,fit
T8,1000,tr,2.35,5,1.64105164e-06,1.51002577e-06,fit
T8,1000,tr,2.4,5,1.8008839e-06,1.73719315e-06,fit
T8,1000,tr,2.45,5,1.96831275e-06,2.03375702e-06,fit
T8,1000,tr,2.5,5,2.14333271e-06,2.26442443e-06,fit
T8,1000,tr,2.55,5,2.32593638e-06,2.25890985e-06,fit
T8,1000,tr,2.6,5,2.51611442e-06,2.58375413e-06,fit
T8,1000,tr,2.65,5,2.71385551e-06,2.74080654e-06,fit
T8,1000,tr,2.7,5,2.91914635e-06,2.95353149e-06,fit
T8,1000,tr,2.75,5,3.13197163e-06,3.2467429e-06,fit
T8,1000,tr,2.8,5,3.35231406e-06,3.4660871e-06,fit
T8,1000,tr,2.85,5,3.5801543e-06,3.59554391e-06,fit
T8,1000,tr,2.9,5,3.81547102e-06,3.8482613e-06,fit
T8,1000,tr,2.95,5,4.05824087e-06,3.96743048e-06,fit
T8,1000,tr,3,5,4.30843842e-06,4.30190699e-06,fit
T8,1000,tr,3.05,5,4.56603623e-06,4.66195129e-06,fit
T8,1000,tr,3.1,5,4.83100477e-06,4.93473681e-06,fit
T8,1000,tr,3.15,5,5.1033124e-06,5.3317153e-06,fit
T8,1000,tr,3.2,5,5.38292542e-06,5.54147642e-06,fit
T8,1000,tr,3.25,5,5.66980796e-06,5.77905521e-06,fit
T8,1000,tr,3.3,5,5.96392203e-06,6.22182985e-06,fit
T8,1000,tr,3.35,5,6.26522748e-06,6.04191905e-06,fit
T8,1000,tr,3.4,5,6.57368198e-06,6.47269896e-06,fit
T8,1000,tr,3.45,5,6.88924099e-06,6.7705987e-06,fit
T8,1000,tr,3.5,5,7.2118578e-06,7.1714896e-06,fit
T8,1000,tr,3.55,5,7.54148347e-06,7.67120229e-06,fit
T8,1000,tr,3.6,5,7.87806682e-06,7.85456711e-06,fit
T8,1000,tr,3.65,5,8.22155449e-06,8.00814359e-06,fit
T8,1000,tr,3.7,5,8.57189087e-06,8.31105286e-06,fit
T8,1000,tr,3.75,5,8.92901817e-06,9.14495723e-06,fit
T8,1000,tr,3.8,5,9.29287637e-06,9.50408093e-06,fit
T8,1000,tr,3.85,5,9.66340329e-06,9.95253501e-06,fit
T8,1000,tr,3.9,5,1.00405346e-05,9.7681571e-06,fit
T8,1000,tr,3.95,5,1.04242037e-05,1.0451887e-05,fit
T8,1000,tr,4,5,1.08143422e-05,1.11227071e-05,fit
T8,1000,tr,4.05,5,1.12108793e-05,1.12828662e-05,fit
T8,1000,tr,4.1,5,1.16137423e-05,1.1556308e-05,fit
T8,1000,tr,4.15,5,1.20228566e-05,1.22088286e-05,fit
T8,1000,tr,4.2,5,1.24381457e-05,1.21014191e-05,fit
T8,1000,tr,4.25,5,1.2859531e-05,1.33854612e-05,fit
T8,1000,tr,4.3,5,1.32869322e-05,1.33943914e-05,fit
T8,1000,tr,4.35,5,1.37202675e-05,1.30174646e-05,fit
T8,1000,tr,4.4,5,1.4159453e-05,1.43623522e-05,fit
T8,1000,tr,4.45,5,1.46044036e-05,1.47257705e-05,fit
T8,1000,tr,4.5,5,1.50550324e-05,1.51211437e-05,fit
T8,1000,tr,4.55,5,1.55112511e-05,1.5361487e-05,fit
T8,1000,tr,4.6,5,1.59729702e-05,1.56877228e-05,fit
T8,1000,tr,4.65,5,1.64400988e-05,1.60139033e-05,fit
T8,1000,tr,4.7,5,1.69125448e-05,1.59584425e-05,fit
T8,1000,tr,4.75,5,1.7390215e-05,1.68667724e-05,fit
T8,1000,tr,4.8,5,1.78730153e-05,1.84407703e-05,fit
T8,1000,tr,4.85,5,1.83608505e-05,1.911933e-05,fit
T8,1000,tr,4.9,5,1.88536248e-05,1.81680592e-05,fit
T8,1000,tr,4.95,5,1.93512416e-05,1.87090753e-05,fit
T8,1000,tr,5,5,1.98536035e-05,1.94834326e-05,fit
T8,1000,tr,5.05,5,2.03606127e-05,2.03363497e-05,fit
T8,1000,tr,5.1,5,2.0872171e-05,2.13908991e-05,fit
T8,1000,tr,5.15,5,2.13881798e-05,2.09778827e-05,fit
T8,1000,tr,5.2,5,2.19085403e-05,2.1975491e-05,fit
T8,1000,tr,5.25,5,2.24331532e-05,2.26412887e-05,fit
T8,1000,tr,5.3,5,2.29619196e-05,2.36085043e-05,fit
T8,1000,tr,5.35,5,2.34947403e-05,2.31789839e-05,fit
T8,1000,tr,5.4,5,2.40315162e-05,2.34700251e-05,fit
T8,1000,tr,5.45,5,2.45721486e-05,2.41842276e-05,fit
T8,1000,tr,5.5,5,2.51165386e-05,2.56001531e-05,fit
T8,1000,tr,5.55,5,2.56645882e-05,2.52629836e-05,fit
T8,1000,tr,5.6,5,2.62161994e-05,2.79059647e-05,fit
T8,1000,tr,5.65,5,2.67712747e-05,2.73100063e-05,fit
T8,1000,tr,5.7,5,2.73297174e-05,2.8116899e-05,fit
T8,1000,tr,5.75,5,2.78914312e-05,2.79768381e-05,fit
T8,1000,tr,5.8,5,2.84563205e-05,2.93890791e-05,fit
T8,1000,tr,5.85,5,2.90242904e-05,2.88069357e-05,fit
T8,1000,tr,5.9,5,2.9595247e-05,2.86410285e-05,fit
T8,1000,tr,5.95,5,3.01690971e-05,2.7924941e-05,fit
T8,1000,tr,6,5,3.07457484e-05,3.25726533e-05,fit
T8,1000,tr,6.05,5,3.13251095e-05,3.04361664e-05,fit
T8,1000,tr,6.1,5,3.19070902e-05,3.22964463e-05,fit
T8,1000,tr,6.15,5,3.24916012e-05,3.17844055e-05,fit
T8,1000,tr,6.2,5,3.30785542e-05,3.30222627e-05,fit
T8,1000,tr,6.25,5,3.36678621e-05,3.43569872e-05,fit
T8,1000,tr,6.3,5,3.42594391e-05,3.40154464e-05,fit
T8,1000,tr,6.35,5,3.48532003e-05,3.50144089e-05,fit
T8,1000,tr,6.4,5,3.54490622e-05,3.41017566e-05,fit
T8,1000,tr,6.45,5,3.60469425e-05,3.54604712e-05,fit
T8,1000,tr,6.5,5,3.66467601e-05,3.78511504e-05,fit
T8,1000,tr,6.55,5,3.72484353e-05,3.78239051e-05,fit
T8,1000,tr,6.6,5,3.78518894e-05,3.78518537e-05,fit
T8,1000,tr,6.65,5,3.84570453e-05,3.95292779e-05,fit
T8,1000,tr,6.7,5,3.90638272e-05,3.88897812e-05,fit
T8,1000,tr,6.75,5,3.96721605e-05,4.00178781e-05,fit
T8,1000,tr,6.8,5,4.0281972e-05,4.14919464e-05,fit
T8,1000,tr,6.85,5,4.08931899e-05,4.24230284e-05,fit
T8,1000,tr,6.9,5,4.15057435e-05,4.14487974e-05,fit
T8,1000,tr,6.95,5,4.21195639e-05,4.1485287e-05,fit
T8,1000,tr,7,5,4.2734583e-05,4.18465932e-05,fit
T8,1000,tr,7.05,5,4.33507346e-05,4.34140409e-05,fit
T8,1000,tr,7.1,5,4.39679534e-05,4.35490841e-05,fit
T8,1000,tr,7.15,5,4.45861758e-05,4.42513049e-05,fit
T8,1000,tr,7.2,5,4.52053392e-05,4.5183969e-05,fit
T8,1000,tr,7.25,5,4.58253826e-05,4.75310988e-05,fit
T8,1000,tr,7.3,5,4.64462461e-05,4.65704169e-05,fit
T8,1000,tr,7.35,5,4.70678714e-05,4.61136974e-05,fit
T8,1000,tr,7.4,5,4.76902013e-05,4.57674372e-05,fit
T8,1000,tr,7.45,5,4.83131798e-05,4.96730641e-05,fit
T8,1000,tr,7.5,5,4.89367524e-05,4.66119756e-05,fit
T8,1000,tr,7.55,5,4.95608658e-05,4.99922677e-05,fit
T8,1000,tr,7.6,5,5.01854679e-05,5.04707361e-05,fit
T8,1000,tr,7.65,5,5.08105079e-05,4.80887457e-05,fit
T8,1000,tr,7.7,5,5.14359361e-05,4.91696147e-05,fit
T8,1000,tr,7.75,5,5.20617041e-05,4.92936176e-05,fit
T8,1000,tr,7.8,5,5.26877648e-05,5.15612673e-05,fit
T8,1000,tr,7.85,5,5.3314072e-05,5.19149301e-05,fit
T8,1000,tr,7.9,5,5.39405809e-05,5.26294554e-05,fit
T8,1000,tr,7.95,5,5.45672477e-05,5.37094105e-05,fit
T8,1000,tr,8,5,5.51940299e-05,5.40722341e-05,fit
T7,1000,out,2,-0,0,2.66883155e-15,fit
T7,1000,out,2,0.05,1.05530603e-07,1.01220107e-07,fit
T7,1000,out,2,0.1,2.05042917e-07,2.0892152e-07,fit
T7,1000,out,2,0.15,2.98132589e-07,2.9508122e-07,fit
T7,1000,out,2,0.2,3.8440857e-07,3.90028214e-07,fit
T7,1000,out,2,0.25,4.63571294e-07,4.74157635e-07,fit
T7,1000,out,2,0.3,5.35460891e-07,5.21344395e-07,fit
T7,1000,out,2,0.35,6.00081882e-07,6.07056155e-07,fit
T7,1000,out,2,0.4,6.57606431e-07,6.53692469e-07,fit
T7,1000,out,2,0.45,7.08359263e-07,7.44285403e-07,fit
T7,1000,out,2,0.5,7.52789177e-07,7.68101573e-07,fit
T7,1000,out,2,0.55,7.91433066e-07,7.71771919e-07,fit
T7,1000,out,2,0.6,8.24878271e-07,8.11515043e-07,fit
T7,1000,out,2,0.65,8.53727995e-07,9.03210507e-07,fit
T7,1000,out,2,0.7,8.78572818e-07,9.01582798e-07,fit
T7,1000,out,2,0.75,8.99969662e-07,8.97220263e-07,fit
T7,1000,out,2,0.8,9.18428184e-07,9.23645315e-07,fit
T7,1000,out,2,0.85,9.34403625e-07,9.10683052e-07,fit
T7,1000,out,2,0.9,9.48294754e-07,9.52034628e-07,fit
T7,1000,out,2,0.95,9.60445415e-07,9.49719493e-07,fit
T7,1000,out,2,1,9.71148406e-07,9.52328253e-07,fit
T7,1000,out,2,1.05,9.80650598e-07,9.84464289e-07,fit
T7,1000,out,2,1.1,9.89158554e-07,9.77237509e-07,fit
T7,1000,out,2,1.15,9.96844114e-07,1.00067574e-06,fit
T7,1000,out,2,1.2,1.00384963e-06,1.02138358e-06,fit
T7,1000,out,2,1.25,1.01029268e-06,1.01920795e-06,fit
T7,1000,out,2,1.3,1.01627022e-06,9.63398317e-07,fit
T7,1000,out,2,1.35,1.02186209e-06,1.05940153e-06,fit
T7,1000,out,2,1.4,1.02713407e-06,1.06461804e-06,fit
T7,1000,out,2,1.45,1.03214034e-06,1.0934973e-06,fit
T7,1000,out,2,1.5,1.0369256e-06,1.02967774e-06,fit
T7,1000,out,2,1.55,1.04152677e-06,9.6103323e-07,fit
T7,1000,out,2,1.6,1.04597436e-06,1.11238838e-06,fit
T7,1000,out,2,1.65,1.0502937e-06,9.76606089e-07,fit
T7,1000,out,2,1.7,1.05450581e-06,1.03921627e-06,fit
T7,1000,out,2,1.75,1.05862818e-06,1.06013132e-06,fit
T7,1000,out,2,1.8,1.06267544e-06,1.08718946e-06,fit
T7,1000,out,2,1.85,1.0666598e-06,1.08680469e-06,fit
T7,1000,out,2,1.9,1.07059151e-06,1.08290814e-06,fit
T7,1000,out,2,1.95,1.07447922e-06,1.02159346e-06,fit
T7,1000,out,2,2,1.07833018e-06,1.04569203e-06,fit
T7,1000,out,2,2.05,1.08215055e-06,1.04410328e-06,fit
T7,1000,out,2,2.1,1.08594556e-06,1.06680021e-06,fit
T7,1000,out,2,2.15,1.08971963e-06,1.0856348e-06,fit
T7,1000,out,2,2.2,1.09347655e-06,1.14279286e-06,fit
T7,1000,out,2,2.25,1.09721955e-06,1.17669917e-06,fit
T7,1000,out,2,2.3,1.1009514e-06,1.12202153e-06,fit
T7,1000,out,2,2.35,1.10467448e-06,1.0985227e-06,fit
T7,1000,out,2,2.4,1.10839084e-06,1.136018e-06,fit
T7,1000,out,2,2.45,1.11210224e-06,1.1132668e-06,fit
T7,1000,out,2,2.5,1.11581022e-06,1.12694373e-06,fit
T7,1000,out,2,2.55,1.11951611e-06,1.11206413e-06,fit
T7,1000,out,2,2.6,1.12322107e-06,1.11610829e-06,fit
T7,1000,out,2,2.65,1.1269261e-06,1.16649937e-06,fit
T7,1000,out,2,2.7,1.13063209e-06,1.12377655e-06,fit
T7,1000,out,2,2.75,1.1343398e-06,1.1294288e-06,fit
T7,1000,out,2,2.8,1.13804991e-06,1.14339675e-06,fit
T7,1000,out,2,2.85,1.14176302e-06,1.12416397e-06,fit
T7,1000,out,2,2.9,1.14547965e-06,1.17381998e-06,fit
T7,1000,out,2,2.95,1.14920027e-06,1.11454612e-06,fit
T7,1000,out,2,3,1.15292529e-06,1.15666272e-06,fit
T7,1000,out,2,3.05,1.15665508e-06,1.16110332e-06,fit
T7,1000,out,2,3.1,1.16038995e-06,1.13197485e-06,fit
T7,1000,out,2,3.15,1.16413019e-06,1.12865976e-06,fit
T7,1000,out,2,3.2,1.16787607e-06,1.16928897e-06,fit
T7,1000,out,2,3.25,1.17162782e-06,1.20090951e-06,fit
T7,1000,out,2,3.3,1.17538564e-06,1.17588523e-06,fit
T7,1000,out,2,3.35,1.17914972e-06,1.20138597e-06,fit
T7,1000,out,2,3.4,1.18292022e-06,1.19046214e-06,fit
T7,1000,out,2,3.45,1.1866973e-06,1.15038635e-06,fit
T7,1000,out,2,3.5,1.1904811e-06,1.16488353e-06,fit
T7,1000,out,2,3.55,1.19427173e-06,1.19220559e-06,fit
T7,1000,out,2,3.6,1.19806931e-06,1.18328063e-06,fit
T7,1000,out,2,3.65,1.20187394e-06,1.27716694e-06,fit
T7,1000,out,2,3.7,1.20568571e-06,1.18966216e-06,fit
T7,1000,out,2,3.75,1.20950472e-06,1.22431452e-06,fit
T7,1000,out,2,3.8,1.21333103e-06,1.2195143e-06,fit
T7,1000,out,2,3.85,1.21716472e-06,1.21320008e-06,fit
T7,1000,out,2,3.9,1.22100585e-06,1.21819237e-06,fit
T7,1000,out,2,3.95,1.22485448e-06,1.18095319e-06,fit
T7,1000,out,2,4,1.22871068e-06,1.27268344e-06,fit
T7,1000,out,2,4.05,1.23257449e-06,1.21429072e-06,fit
T7,1000,out,2,4.1,1.23644595e-06,1.19981334e-06,fit
T7,1000,out,2,4.15,1.24032512e-06,1.1826692e-06,fit
T7,1000,out,2,4.2,1.24421203e-06,1.22590967e-06,fit
T7,1000,out,2,4.25,1.24810673e-06,1.27041532e-06,fit
T7,1000,out,2,4.3,1.25200924e-06,1.24204147e-06,fit
T7,1000,out,2,4.35,1.25591961e-06,1.24388925e-06,fit
T7,1000,out,2,4.4,1.25983786e-06,1.27045937e-06,fit
T7,1000,out,2,4.45,1.26376402e-06,1.21765228e-06,fit
T7,1000,out,2,4.5,1.26769813e-06,1.25672585e-06,fit
T7,1000,out,2,4.55,1.2716402e-06,1.28324608e-06,fit
T7,1000,out,2,4.6,1.27559027e-06,1.24736052e-06,fit
T7,1000,out,2,4.65,1.27954835e-06,1.29483283e-06,fit
T7,1000,out,2,4.7,1.28351448e-06,1.22551388e-06,fit
T7,1000,out,2,4.75,1.28748866e-06,1.34503877e-06,fit
T7,1000,out,2,4.8,1.29147093e-06,1.22082193e-06,fit
T7,1000,out,2,4.85,1.2954613e-06,1.31666641e-06,fit
T7,1000,out,2,4.9,1.29945979e-06,1.27472169e-06,fit
T7,1000,out,2,4.95,1.30346642e-06,1.29611677e-06,fit
T7,1000,out,2,5,1.3074812e-06,1.26547732e-06,fit
T7,1000,out,2,5.05,1.31150416e-06,1.35846365e-06,fit
T7,1000,out,2,5.1,1.31553531e-06,1.31027229e-06,fit
T7,1000,out,2,5.15,1.31957466e-06,1.2227628e-06,fit
T7,1000,out,2,5.2,1.32362223e-06,1.30235165e-06,fit
T7,1000,out,2,5.25,1.32767804e-06,1.2934302e-06,fit
T7,1000,out,2,5.3,1.33174209e-06,1.34236263e-06,fit
T7,1000,out,2,5.35,1.33581441e-06,1.32325183e-06,fit
T7,1000,out,2,5.4,1.339895e-06,1.4586618e-06,fit
T7,1000,out,2,5.45,1.34398389e-06,1.35498027e-06,fit
T7,1000,out,2,5.5,1.34808108e-06,1.39545671e-06,fit
T7,1000,out,2,5.55,1.35218658e-06,1.34223272e-06,fit
T7,1000,out,2,5.6,1.35630041e-06,1.32101277e-06,fit
T7,1000,out,2,5.65,1.36042258e-06,1.44137502e-06,fit
T7,1000,out,2,5.7,1.36455311e-06,1.3104031e-06,fit
T7,1000,out,2,5.75,1.36869199e-06,1.39976543e-06,fit
T7,1000,out,2,5.8,1.37283926e-06,1.4099307e-06,fit
T7,1000,out,2,5.85,1.37699491e-06,1.41479675e-06,fit
T7,1000,out,2,5.9,1.38115895e-06,1.38721139e-06,fit
T7,1000,out,2,5.95,1.38533141e-06,1.32357868e-06,fit
T7,1000,out,2,6,1.38951229e-06,1.36324902e-06,fit
T7,1000,out,3,-0,0,2.80719577e-15,fit
T7,1000,out,3,0.05,2.46064902e-07,2.4644077e-07,fit
T7,1000,out,3,0.1,4.8613956e-07,5.03634052e-07,fit
T7,1000,out,3,0.15,7.20044095e-07,6.902718e-07,fit
T7,1000,out,3,0.2,9.47569172e-07,9.81428284e-07,fit
T7,1000,out,3,0.25,1.16849431e-06,1.14316402e-06,fit
T7,1000,out,3,0.3,1.38260028e-06,1.42157546e-06,fit
T7,1000,out,3,0.35,1.58967873e-06,1.51181194e-06,fit
T7,1000,out,3,0.4,1.7895401e-06,1.71483732e-06,fit
T7,1000,out,3,0.45,1.98202012e-06,2.01201272e-06,fit
T7,1000,out,3,0.5,2.16698509e-06,2.23573605e-06,fit
T7,1000,out,3,0.55,2.34433593e-06,2.26286828e-06,fit
T7,1000,out,3,0.6,2.51401117e-06,2.59711098e-06,fit
T7,1000,out,3,0.65,2.6759887e-06,2.60276152e-06,fit
T7,1000,out,3,0.7,2.83028653e-06,2.94213853e-06,fit
T7,1000,out,3,0.75,2.97696243e-06,2.94802304e-06,fit
T7,1000,out,3,0.8,3.11611275e-06,3.07255423e-06,fit
T7,1000,out,3,0.85,3.2478703e-06,3.13130613e-06,fit
T7,1000,out,3,0.9,3.37240154e-06,3.23320827e-06,fit
T7,1000,out,3,0.95,3.4899033e-06,3.49141537e-06,fit
T7,1000,out,3,1,3.60059894e-06,3.63894985e-06,fit
T7,1000,out,3,1.05,3.70473439e-06,3.7203529e-06,fit
T7,1000,out,3,1.1,3.80257393e-06,3.87984831e-06,fit
T7,1000,out,3,1.15,3.89439608e-06,3.9608451e-06,fit
T7,1000,out,3,1.2,3.98048951e-06,4.16762068e-06,fit
T7,1000,out,3,1.25,4.06114926e-06,4.14151136e-06,fit
T7,1000,out,3,1.3,4.13667315e-06,4.33564194e-06,fit
T7,1000,out,3,1.35,4.20735857e-06,4.41510587e-06,fit
T7,1000,out,3,1.4,4.27349968e-06,4.184852e-06,fit
T7,1000,out,3,1.45,4.33538491e-06,4.40144474e-06,fit
T7,1000,out,3,1.5,4.39329493e-06,4.57580348e-06,fit
T7,1000,out,3,1.55,4.44750097e-06,4.53134265e-06,fit
T7,1000,out,3,1.6,4.49826352e-06,4.64078194e-06,fit
T7,1000,out,3,1.65,4.54583131e-06,4.6928131e-06,fit
T7,1000,out,3,1.7,4.59044065e-06,4.68212616e-06,fit
T7,1000,out,3,1.75,4.63231505e-06,4.6781211e-06,fit
T7,1000,out,3,1.8,4.67166498e-06,4.42422549e-06,fit
T7,1000,out,3,1.85,4.7086879e-06,4.69250356e-06,fit
T7,1000,out,3,1.9,4.74356849e-06,4.71942519e-06,fit
T7,1000,out,3,1.95,4.77647886e-06,4.82302795e-06,fit
T7,1000,out,3,2,4.80757904e-06,4.66419634e-06,fit
T7,1000,out,3,2.05,4.83701743e-06,4.75936717e-06,fit
T7,1000,out,3,2.1,4.86493134e-06,5.00298857e-06,fit
T7,1000,out,3,2.15,4.89144759e-06,4.84584885e-06,fit
T7,1000,out,3,2.2,4.9166831e-06,4.92828957e-06,fit
T7,1000,out,3,2.25,4.94074548e-06,5.14893739e-06,fit
T7,1000,out,3,2.3,4.96373367e-06,5.06887062e-06,fit
T7,1000,out,3,2.35,4.98573851e-06,5.01495016e-06,fit
T7,1000,out,3,2.4,5.00684334e-06,4.72206061e-06,fit
T7,1000,out,3,2.45,5.02712453e-06,4.99150006e-06,fit
T7,1000,out,3,2.5,5.04665202e-06,5.05680884e-06,fit
T7,1000,out,3,2.55,5.06548983e-06,5.0146217e-06,fit
T7,1000,out,3,2.6,5.08369653e-06,4.93881566e-06,fit
T7,1000,out,3,2.65,5.10132567e-06,5.12775665e-06,fit
T7,1000,out,3,2.7,5.11842624e-06,5.07138339e-06,fit
T7,1000,out,3,2.75,5.13504297e-06,4.9015778e-06,fit
T7,1000,out,3,2.8,5.15121678e-06,4.99365651e-06,fit
T7,1000,out,3,2.85,5.16698505e-06,5.03330032e-06,fit
T7,1000,out,3,2.9,5.18238194e-06,5.31370866e-06,fit
T7,1000,out,3,2.95,5.19743868e-06,5.61711157e-06,fit
T7,1000,out,3,3,5.21218381e-06,5.47095632e-06,fit
T7,1000,out,3,3.05,5.22664342e-06,5.20570703e-06,fit
T7,1000,out,3,3.1,5.24084137e-06,5.28000084e-06,fit
T7,1000,out,3,3.15,5.2547995e-06,4.98871034e-06,fit
T7,1000,out,3,3.2,5.26853777e-06,5.46153332e-06,fit
T7,1000,out,3,3.25,5.28207448e-06,5.31138741e-06,fit
T7,1000,out,3,3.3,5.29542635e-06,5.35209942e-06,fit
T7,1000,out,3,3.35,5.30860872e-06,5.50541842e-06,fit
T7,1000,out,3,3.4,5.32163565e-06,5.35970864e-06,fit
T7,1000,out,3,3.45,5.33452002e-06,5.45741042e-06,fit
T7,1000,out,3,3.5,5.34727363e-06,5.28226072e-06,fit
T7,1000,out,3,3.55,5.35990735e-06,5.76251817e-06,fit
T7,1000,out,3,3.6,5.37243112e-06,5.60007309e-06,fit
T7,1000,out,3,3.65,5.3848541e-06,5.38325851e-06,fit
T7,1000,out,3,3.7,5.39718469e-06,5.47348422e-06,fit
T7,1000,out,3,3.75,5.40943062e-06,5.39162037e-06,fit
T7,1000,out,3,3.8,5.421599e-06,5.59124109e-06,fit
T7,1000,out,3,3.85,5.43369639e-06,5.39237707e-06,fit
T7,1000,out,3,3.9,5.44572882e-06,5.71946159e-06,fit
T7,1000,out,3,3.95,5.45770185e-06,5.50577444e-06,fit
T7,1000,out,3,4,5.4696206e-06,5.31995182e-06,fit
T7,1000,out,3,4.05,5.48148981e-06,5.31082414e-06,fit
T7,1000,out,3,4.1,5.49331385e-06,5.46656775e-06,fit
T7,1000,out,3,4.15,5.50509674e-06,5.42858621e-06,fit
T7,1000,out,3,4.2,5.51684223e-06,5.40115353e-06,fit
T7,1000,out,3,4.25,5.52855377e-06,5.68566727e-06,fit
T7,1000,out,3,4.3,5.54023453e-06,5.22077386e-06,fit
T7,1000,out,3,4.35,5.5518875e-06,5.30845976e-06,fit
T7,1000,out,3,4.4,5.56351539e-06,5.49329682e-06,fit
T7,1000,out,3,4.45,5.57512075e-06,5.45135033e-06,fit
T7,1000,out,3,4.5,5.58670594e-06,5.75874574e-06,fit
T7,1000,out,3,4.55,5.59827315e-06,5.44124686e-06,fit
T7,1000,out,3,4.6,5.6098244e-06,5.82580841e-06,fit
T7,1000,out,3,4.65,5.62136158e-06,5.49186635e-06,fit
T7,1000,out,3,4.7,5.63288644e-06,5.52813463e-06,fit
T7,1000,out,3,4.75,5.64440063e-06,5.50283825e-06,fit
T7,1000,out,3,4.8,5.65590565e-06,5.83501388e-06,fit
T7,1000,out,3,4.85,5.66740292e-06,5.52736677e-06,fit
T7,1000,out,3,4.9,5.67889376e-06,5.87904291e-06,fit
T7,1000,out,3,4.95,5.69037941e-06,5.63057115e-06,fit
T7,1000,out,3,5,5.701861e-06,5.74055259e-06,fit
T7,1000,out,3,5.05,5.71333961e-06,5.8107664e-06,fit
T7,1000,out,3,5.1,5.72481623e-06,5.81330078e-06,fit
T7,1000,out,3,5.15,5.73629181e-06,5.86620995e-06,fit
T7,1000,out,3,5.2,5.74776722e-06,5.54768637e-06,fit
T7,1000,out,3,5.25,5.75924327e-06,5.78449962e-06,fit
T7,1000,out,3,5.3,5.77072073e-06,5.92078565e-06,fit
T7,1000,out,3,5.35,5.78220032e-06,5.89727388e-06,fit
T7,1000,out,3,5.4,5.7936827e-06,5.79834266e-06,fit
T7,1000,out,3,5.45,5.80516851e-06,5.65373072e-06,fit
T7,1000,out,3,5.5,5.81665834e-06,5.68536214e-06,fit
T7,1000,out,3,5.55,5.82815275e-06,5.63249731e-06,fit
T7,1000,out,3,5.6,5.83965224e-06,5.75511358e-06,fit
T7,1000,out,3,5.65,5.85115732e-06,5.94106422e-06,fit
T7,1000,out,3,5.7,5.86266844e-06,6.14571325e-06,fit
T7,1000,out,3,5.75,5.87418603e-06,5.94834541e-06,fit
T7,1000,out,3,5.8,5.88571051e-06,5.87040409e-06,fit
T7,1000,out,3,5.85,5.89724224e-06,6.13219861e-06,fit
T7,1000,out,3,5.9,5.90878161e-06,5.91777634e-06,fit
T7,1000,out,3,5.95,5.92032894e-06,6.09159342e-06,fit
T7,1000,out,3,6,5.93188456e-06,5.99932269e-06,fit
T7,1000,out,4,-0,0,8.11886857e-15,fit
T7,1000,out,4,0.05,3.86656965e-07,3.81440367e-07,fit
T7,1000,out,4,0.1,7.67514583e-07,7.80064514e-07,fit
T7,1000,out,4,0.15,1.14246263e-06,1.16559369e-06,fit
T7,1000,out,4,0.2,1.51136979e-06,1.48681338e-06,fit
T7,1000,out,4,0.25,1.87409204e-06,1.95388015e-06,fit
T7,1000,out,4,0.3,2.230478e-06,2.2152328e-06,fit
T7,1000,out,4,0.35,2.58037297e-06,2.63329965e-06,fit
T7,1000,out,4,0.4,2.92362231e-06,3.06099349e-06,fit
T7,1000,out,4,0.45,3.26007432e-06,3.42985592e-06,fit
T7,1000,out,4,0.5,3.58958269e-06,3.62452992e-06,fit
T7,1000,out,4,0.55,3.91200878e-06,4.01368772e-06,fit
T7,1000,out,4,0.6,4.22722355e-06,4.15756008e-06,fit
T7,1000,out,4,0.65,4.53510931e-06,4.28957864e-06,fit
T7,1000,out,4,0.7,4.83556122e-06,4.73800323e-06,fit
T7,1000,out,4,0.75,5.12848861e-06,5.28110389e-06,fit
T7,1000,out,4,0.8,5.41381604e-06,5.33890989e-06,fit
T7,1000,out,4,0.85,5.69148418e-06,5.99238884e-06,fit
T7,1000,out,4,0.9,5.96145048e-06,6.21634703e-06,fit
T7,1000,out,4,0.95,6.22368964e-06,6.24263529e-06,fit
T7,1000,out,4,1,6.47819383e-06,6.01459993e-06,fit
T7,1000,out,4,1.05,6.7249728e-06,6.7232216e-06,fit
T7,1000,out,4,1.1,6.96405373e-06,6.6691028e-06,fit
T7,1000,out,4,1.15,7.19548093e-06,7.54459248e-06,fit
T7,1000,out,4,1.2,7.4193154e-06,7.23782792e-06,fit
T7,1000,out,4,1.25,7.63563422e-06,7.66956568e-06,fit
T7,1000,out,4,1.3,7.8445298e-06,7.68847541e-06,fit
T7,1000,out,4,1.35,8.04610904e-06,7.90767459e-06,fit
T7,1000,out,4,1.4,8.24049235e-06,8.33126266e-06,fit
T7,1000,out,4,1.45,8.42781265e-06,8.54197421e-06,fit
T7,1000,out,4,1.5,8.60821425e-06,8.80516513e-06,fit
T7,1000,out,4,1.55,8.78185172e-06,8.50705407e-06,fit
T7,1000,out,4,1.6,8.94888869e-06,9.0191701e-06,fit
T7,1000,out,4,1.65,9.10949672e-06,8.65867761e-06,fit
T7,1000,out,4,1.7,9.26385409e-06,9.01023537e-06,fit
T7,1000,out,4,1.75,9.41214461e-06,9.64218066e-06,fit
T7,1000,out,4,1.8,9.55455654e-06,9.71651637e-06,fit
T7,1000,out,4,1.85,9.69128148e-06,1.05447162e-05,fit
T7,1000,out,4,1.9,9.8225133e-06,9.89355277e-06,fit
T7,1000,out,4,1.95,9.94844718e-06,1.07619979e-05,fit
T7,1000,out,4,2,1.00692787e-05,1.01437913e-05,fit
T7,1000,out,4,2.05,1.01852029e-05,1.0319417e-05,fit
T7,1000,out,4,2.1,1.02964135e-05,1.06883542e-05,fit
T7,1000,out,4,2.15,1.04031025e-05,1.04162927e-05,fit
T7,1000,out,4,2.2,1.0505459e-05,1.01334646e-05,fit
T7,1000,out,4,2.25,1.06036689e-05,1.02954237e-05,fit
T7,1000,out,4,2.3,1.06979146e-05,1.05177198e-05,fit
T7,1000,out,4,2.35,1.07883743e-05,1.06864e-05,fit
T7,1000,out,4,2.4,1.08752214e-05,1.11579663e-05,fit
T7,1000,out,4,2.45,1.0958625e-05,1.05301658e-05,fit
T7,1000,out,4,2.5,1.10387487e-05,1.13022973e-05,fit
T7,1000,out,4,2.55,1.11157511e-05,1.16145016e-05,fit
T7,1000,out,4,2.6,1.11897853e-05,1.1220314e-05,fit
T7,1000,out,4,2.65,1.1260999e-05,1.14862448e-05,fit
T7,1000,out,4,2.7,1.13295341e-05,1.16605228e-05,fit
T7,1000,out,4,2.75,1.13955274e-05,1.1214298e-05,fit
T7,1000,out,4,2.8,1.14591096e-05,1.13337365e-05,fit
T7,1000,out,4,2.85,1.15204063e-05,1.10730111e-05,fit
T7,1000,out,4,2.9,1.15795374e-05,1.19091508e-05,fit
T7,1000,out,4,2.95,1.16366177e-05,1.13529775e-05,fit
T7,1000,out,4,3,1.16917566e-05,1.16322049e-05,fit
T7,1000,out,4,3.05,1.17450582e-05,1.16830338e-05,fit
T7,1000,out,4,3.1,1.1796622e-05,1.16130774e-05,fit
T7,1000,out,4,3.15,1.18465425e-05,1.12628398e-05,fit
T7,1000,out,4,3.2,1.18949094e-05,1.14780236e-05,fit
T7,1000,out,4,3.25,1.19418081e-05,1.20002904e-05,fit
T7,1000,out,4,3.3,1.19873195e-05,1.18173003e-05,fit
T7,1000,out,4,3.35,1.20315203e-05,1.15938955e-05,fit
T7,1000,out,4,3.4,1.20744833e-05,1.17049542e-05,fit
T7,1000,out,4,3.45,1.21162775e-05,1.19529693e-05,fit
T7,1000,out,4,3.5,1.2156968e-05,1.208999e-05,fit
T7,1000,out,4,3.55,1.21966167e-05,1.23377405e-05,fit
T7,1000,out,4,3.6,1.22352818e-05,1.26088436e-05,fit
T7,1000,out,4,3.65,1.22730186e-05,1.23293093e-05,fit
T7,1000,out,4,3.7,1.23098793e-05,1.25556817e-05,fit
T7,1000,out,4,3.75,1.23459131e-05,1.22647684e-05,fit
T7,1000,out,4,3.8,1.23811666e-05,1.25406455e-05,fit
T7,1000,out,4,3.85,1.24156838e-05,1.22603862e-05,fit
T7,1000,out,4,3.9,1.24495061e-05,1.20065394e-05,fit
T7,1000,out,4,3.95,1.24826727e-05,1.2168236e-05,fit
T7,1000,out,4,4,1.25152206e-05,1.23993307e-05,fit
T7,1000,out,4,4.05,1.25471846e-05,1.25228389e-05,fit
T7,1000,out,4,4.1,1.25785977e-05,1.25365848e-05,fit
T7,1000,out,4,4.15,1.26094909e-05,1.29792814e-05,fit
T7,1000,out,4,4.2,1.26398934e-05,1.22812381e-05,fit
T7,1000,out,4,4.25,1.2669833e-05,1.29516201e-05,fit
T7,1000,out,4,4.3,1.26993356e-05,1.26755695e-05,fit
T7,1000,out,4,4.35,1.27284258e-05,1.25651653e-05,fit
T7,1000,out,4,4.4,1.27571268e-05,1.26066092e-05,fit
T7,1000,out,4,4.45,1.27854604e-05,1.23337714e-05,fit
T7,1000,out,4,4.5,1.28134474e-05,1.28802387e-05,fit
T7,1000,out,4,4.55,1.28411071e-05,1.34927243e-05,fit
T7,1000,out,4,4.6,1.28684579e-05,1.27762001e-05,fit
T7,1000,out,4,4.65,1.28955171e-05,1.22928242e-05,fit
T7,1000,out,4,4.7,1.29223011e-05,1.27269685e-05,fit
T7,1000,out,4,4.75,1.29488253e-05,1.3542536e-05,fit
T7,1000,out,4,4.8,1.29751042e-05,1.377883e-05,fit
T7,1000,out,4,4.85,1.30011516e-05,1.28937587e-05,fit
T7,1000,out,4,4.9,1.30269805e-05,1.32308439e-05,fit
T7,1000,out,4,4.95,1.3052603e-05,1.33118586e-05,fit
T7,1000,out,4,5,1.30780309e-05,1.24611438e-05,fit
T7,1000,out,4,5.05,1.3103275e-05,1.33276109e-05,fit
T7,1000,out,4,5.1,1.31283456e-05,1.35441301e-05,fit
T7,1000,out,4,5.15,1.31532525e-05,1.28398015e-05,fit
T7,1000,out,4,5.2,1.31780049e-05,1.40931041e-05,fit
T7,1000,out,4,5.25,1.32026115e-05,1.27679805e-05,fit
T7,1000,out,4,5.3,1.32270805e-05,1.34960011e-05,fit
T7,1000,out,4,5.35,1.32514198e-05,1.29326314e-05,fit
T7,1000,out,4,5.4,1.32756367e-05,1.24960718e-05,fit
T7,1000,out,4,5.45,1.32997382e-05,1.25294658e-05,fit
T7,1000,out,4,5.5,1.33237309e-05,1.3200476e-05,fit
T7,1000,out,4,5.55,1.3347621e-05,1.41437354e-05,fit
T7,1000,out,4,5.6,1.33714144e-05,1.3361016e-05,fit
T7,1000,out,4,5.65,1.33951167e-05,1.33688874e-05,fit
T7,1000,out,4,5.7,1.34187333e-05,1.3162065e-05,fit
T7,1000,out,4,5.75,1.34422691e-05,1.32065401e-05,fit
T7,1000,out,4,5.8,1.34657288e-05,1.328225e-05,fit
T7,1000,out,4,5.85,1.34891171e-05,1.28681105e-05,fit
T7,1000,out,4,5.9,1.35124382e-05,1.43460979e-05,fit
T7,1000,out,4,5.95,1.3535696e-05,1.33143357e-05,fit
T7,1000,out,4,6,1.35588946e-05,1.35709583e-05,fit
T7,1000,out,6,-0,0,2.06310576e-15,fit
T7,1000,out,6,0.05,6.5515657e-07,6.46449626e-07,fit
T7,1000,out,6,0.1,1.30509148e-06,1.2980967e-06,fit
T7,1000,out,6,0.15,1.94974306e-06,1.86322686e-06,fit
T7,1000,out,6,0.2,2.58903836e-06,2.70152302e-06,fit
T7,1000,out,6,0.25,3.22289647e-06,3.30585427e-06,fit
T7,1000,out,6,0.3,3.85123048e-06,3.60877631e-06,fit
T7,1000,out,6,0.35,4.47394894e-06,4.45610162e-06,fit
T7,1000,out,6,0.4,5.09095702e-06,5.00139396e-06,fit
T7,1000,out,6,0.45,5.70215745e-06,5.89553963e-06,fit
T7,1000,out,6,0.5,6.30745136e-06,6.1404429e-06,fit
T7,1000,out,6,0.55,6.90673901e-06,6.84547736e-06,fit
T7,1000,out,6,0.6,7.49992047e-06,7.71478065e-06,fit
T7,1000,out,6,0.65,8.08689621e-06,8.494856e-06,fit
T7,1000,out,6,0.7,8.66756767e-06,8.79661e-06,fit
T7,1000,out,6,0.75,9.24183782e-06,9.49408334e-06,fit
T7,1000,out,6,0.8,9.8096116e-06,9.58136312e-06,fit
T7,1000,out,6,0.85,1.03707964e-05,9.88509803e-06,fit
T7,1000,out,6,0.9,1.09253024e-05,1.12072127e-05,fit
T7,1000,out,6,0.95,1.14730433e-05,1.13623093e-05,fit
T7,1000,out,6,1,1.2013936e-05,1.22760093e-05,fit
T7,1000,out,6,1.05,1.2547902e-05,1.26837062e-05,fit
T7,1000,out,6,1.1,1.30748664e-05,1.31738954e-05,fit
T7,1000,out,6,1.15,1.35947596e-05,1.36080702e-05,fit
T7,1000,out,6,1.2,1.41075162e-05,1.40629521e-05,fit
T7,1000,out,6,1.25,1.46130765e-05,1.40623495e-05,fit
T7,1000,out,6,1.3,1.51113858e-05,1.46535874e-05,fit
T7,1000,out,6,1.35,1.56023949e-05,1.51063369e-05,fit
T7,1000,out,6,1.4,1.60860605e-05,1.61655435e-05,fit
T7,1000,out,6,1.45,1.6562345e-05,1.60218533e-05,fit
T7,1000,out,6,1.5,1.70312166e-05,1.63471899e-05,fit
T7,1000,out,6,1.55,1.749265e-05,1.78811395e-05,fit
T7,1000,out,6,1.6,1.79466254e-05,1.69302771e-05,fit
T7,1000,out,6,1.65,1.83931298e-05,1.69812065e-05,fit
T7,1000,out,6,1.7,1.88321558e-05,2.01666835e-05,fit
T7,1000,out,6,1.75,1.92637025e-05,1.83390292e-05,fit
T7,1000,out,6,1.8,1.96877752e-05,1.95177643e-05,fit
T7,1000,out,6,1.85,2.01043851e-05,2.05803303e-05,fit
T7,1000,out,6,1.9,2.05135496e-05,1.95963212e-05,fit
T7,1000,out,6,1.95,2.09152919e-05,2.05911046e-05,fit
T7,1000,out,6,2,2.13096413e-05,2.2211903e-05,fit
T7,1000,out,6,2.05,2.16966327e-05,2.09596978e-05,fit
T7,1000,out,6,2.1,2.20763065e-05,2.16087682e-05,fit
T7,1000,out,6,2.15,2.24487087e-05,2.12740789e-05,fit
T7,1000,out,6,2.2,2.28138905e-05,2.32349467e-05,fit
T7,1000,out,6,2.25,2.31719082e-05,2.35506893e-05,fit
T7,1000,out,6,2.3,2.35228231e-05,2.37457063e-05,fit
T7,1000,out,6,2.35,2.3866701e-05,2.22231315e-05,fit
T7,1000,out,6,2.4,2.42036125e-05,2.49600464e-05,fit
T7,1000,out,6,2.45,2.45336321e-05,2.55181793e-05,fit
T7,1000,out,6,2.5,2.48568385e-05,2.54145961e-05,fit
T7,1000,out,6,2.55,2.51733144e-05,2.4816143e-05,fit
T7,1000,out,6,2.6,2.54831459e-05,2.58830282e-05,fit
T7,1000,out,6,2.65,2.57864223e-05,2.66598709e-05,fit
T7,1000,out,6,2.7,2.60832363e-05,2.58843261e-05,fit
T7,1000,out,6,2.75,2.63736831e-05,2.69437982e-05,fit
T7,1000,out,6,2.8,2.66578609e-05,2.70676497e-05,fit
T7,1000,out,6,2.85,2.693587e-05,2.69938048e-05,fit
T7,1000,out,6,2.9,2.7207813e-05,2.60177259e-05,fit
T7,1000,out,6,2.95,2.74737941e-05,2.67077995e-05,fit
T7,1000,out,6,3,2.77339195e-05,2.77701983e-05,fit
T7,1000,out,6,3.05,2.79882968e-05,2.8555071e-05,fit
T7,1000,out,6,3.1,2.82370346e-05,2.7685081e-05,fit
T7,1000,out,6,3.15,2.84802427e-05,2.92218022e-05,fit
T7,1000,out,6,3.2,2.87180316e-05,2.88915281e-05,fit
T7,1000,out,6,3.25,2.89505124e-05,2.95806758e-05,fit
T7,1000,out,6,3.3,2.91777968e-05,3.07240785e-05,fit
T7,1000,out,6,3.35,2.93999963e-05,2.81647702e-05,fit
T7,1000,out,6,3.4,2.96172229e-05,3.01084536e-05,fit
T7,1000,out,6,3.45,2.98295881e-05,2.97616034e-05,fit
T7,1000,out,6,3.5,3.00372033e-05,3.07578352e-05,fit
T7,1000,out,6,3.55,3.02401793e-05,3.15689296e-05,fit
T7,1000,out,6,3.6,3.04386266e-05,3.09855898e-05,fit
T7,1000,out,6,3.65,3.06326546e-05,3.01821292e-05,fit
T7,1000,out,6,3.7,3.08223721e-05,3.0181617e-05,fit
T7,1000,out,6,3.75,3.10078867e-05,3.20404757e-05,fit
T7,1000,out,6,3.8,3.11893053e-05,3.19181454e-05,fit
T7,1000,out,6,3.85,3.13667331e-05,3.0984291e-05,fit
T7,1000,out,6,3.9,3.15402744e-05,3.14195024e-05,fit
T7,1000,out,6,3.95,3.17100321e-05,3.02165864e-05,fit
T7,1000,out,6,4,3.18761074e-05,3.10992734e-05,fit
T7,1000,out,6,4.05,3.20386002e-05,3.24110849e-05,fit
T7,1000,out,6,4.1,3.21976088e-05,2.96758283e-05,fit
T7,1000,out,6,4.15,3.23532298e-05,3.13261339e-05,fit
T7,1000,out,6,4.2,3.25055582e-05,3.37383498e-05,fit
T7,1000,out,6,4.25,3.26546872e-05,3.38688063e-05,fit
T7,1000,out,6,4.3,3.28007083e-05,3.39781551e-05,fit
T7,1000,out,6,4.35,3.29437111e-05,3.25149098e-05,fit
T7,1000,out,6,4.4,3.30837835e-05,3.33442808e-05,fit
T7,1000,out,6,4.45,3.32210115e-05,3.30317355e-05,fit
T7,1000,out,6,4.5,3.33554793e-05,3.46395491e-05,fit
T7,1000,out,6,4.55,3.34872691e-05,3.45798101e-05,fit
T7,1000,out,6,4.6,3.36164613e-05,3.36598213e-05,fit
T7,1000,out,6,4.65,3.37431346e-05,3.49487727e-05,fit
T7,1000,out,6,4.7,3.38673656e-05,3.45672696e-05,fit
T7,1000,out,6,4.75,3.39892291e-05,3.39211402e-05,fit
T7,1000,out,6,4.8,3.4108798e-05,3.5419292e-05,fit
T7,1000,out,6,4.85,3.42261436e-05,3.50651102e-05,fit
T7,1000,out,6,4.9,3.4341335e-05,3.59653209e-05,fit
T7,1000,out,6,4.95,3.44544399e-05,3.34018933e-05,fit
T7,1000,out,6,5,3.45655238e-05,3.69412754e-05,fit
T7,1000,out,6,5.05,3.46746506e-05,3.66603042e-05,fit
T7,1000,out,6,5.1,3.47818826e-05,3.58981641e-05,fit
T7,1000,out,6,5.15,3.48872803e-05,3.45330493e-05,fit
T7,1000,out,6,5.2,3.49909023e-05,3.47136856e-05,fit
T7,1000,out,6,5.25,3.50928057e-05,3.27752153e-05,fit
T7,1000,out,6,5.3,3.51930461e-05,3.43584951e-05,fit
T7,1000,out,6,5.35,3.52916773e-05,3.49426227e-05,fit
T7,1000,out,6,5.4,3.53887515e-05,3.40382235e-05,fit
T7,1000,out,6,5.45,3.54843194e-05,3.52101587e-05,fit
T7,1000,out,6,5.5,3.55784304e-05,3.72606772e-05,fit
T7,1000,out,6,5.55,3.56711321e-05,3.45388906e-05,fit
T7,1000,out,6,5.6,3.57624708e-05,3.77613967e-05,fit
T7,1000,out,6,5.65,3.58524914e-05,3.76484273e-05,fit
T7,1000,out,6,5.7,3.59412374e-05,3.57363745e-05,fit
T7,1000,out,6,5.75,3.60287509e-05,3.76671561e-05,fit
T7,1000,out,6,5.8,3.61150729e-05,3.65404926e-05,fit
T7,1000,out,6,5.85,3.62002428e-05,3.42252238e-05,fit
T7,1000,out,6,5.9,3.6284299e-05,3.55812731e-05,fit
T7,1000,out,6,5.95,3.63672785e-05,3.42810063e-05,fit
T7,1000,out,6,6,3.64492174e-05,3.45085963e-05,fit
T8,1000,out,2,-0,0,1.23214081e-14,fit
T8,1000,out,2,0.05,7.30030654e-08,6.6180133e-08,fit
T8,1000,out,2,0.1,1.40224215e-07,1.44193852e-07,fit
T8,1000,out,2,0.15,2.01171171e-07,1.9827444e-07,fit
T8,1000,out,2,0.2,2.55460502e-07,2.51514144e-07,fit
T8,1000,out,2,0.25,3.02936303e-07,3.0000838e-07,fit
T8,1000,out,2,0.3,3.43716747e-07,3.29460976e-07,fit
T8,1000,out,2,0.35,3.78180614e-07,3.68890168e-07,fit
T8,1000,out,2,0.4,4.06909769e-07,4.17002031e-07,fit
T8,1000,out,2,0.45,4.30609736e-07,4.63765193e-07,fit
T8,1000,out,2,0.5,4.50030008e-07,4.35738717e-07,fit
T8,1000,out,2,0.55,4.65899206e-07,4.80553399e-07,fit
T8,1000,out,2,0.6,4.788816e-07,4.76886692e-07,fit
T8,1000,out,2,0.65,4.89554418e-07,4.87994768e-07,fit
T8,1000,out,2,0.7,4.98401446e-07,5.03660872e-07,fit
T8,1000,out,2,0.75,5.05817324e-07,4.80981653e-07,fit
T8,1000,out,2,0.8,5.12117611e-07,5.10738918e-07,fit
T8,1000,out,2,0.85,5.1755104e-07,5.40886124e-07,fit
T8,1000,out,2,0.9,5.22311742e-07,5.27119269e-07,fit
T8,1000,out,2,0.95,5.26550268e-07,5.30705599e-07,fit
T8,1000,out,2,1,5.30382958e-07,5.11175341e-07,fit
T8,1000,out,2,1.05,5.33899581e-07,5.27959012e-07,fit
T8,1000,out,2,1.1,5.37169426e-07,5.63186527e-07,fit
T8,1000,out,2,1.15,5.40246051e-07,5.12477345e-07,fit
T8,1000,out,2,1.2,5.43170962e-07,5.23962817e-07,fit
T8,1000,out,2,1.25,5.45976429e-07,5.52579635e-07,fit
T8,1000,out,2,1.3,5.48687635e-07,5.70242688e-07,fit
T8,1000,out,2,1.35,5.51324315e-07,5.6033017e-07,fit
T8,1000,out,2,1.4,5.53902005e-07,5.68040956e-07,fit
T8,1000,out,2,1.45,5.5643299e-07,5.46335599e-07,fit
T8,1000,out,2,1.5,5.58927031e-07,5.8340044e-07,fit
T8,1000,out,2,1.55,5.61391921e-07,5.66877375e-07,fit
T8,1000,out,2,1.6,5.63833912e-07,5.65431713e-07,fit
T8,1000,out,2,1.65,5.66258041e-07,5.58956009e-07,fit
T8,1000,out,2,1.7,5.68668389e-07,5.66528483e-07,fit
T8,1000,out,2,1.75,5.71068275e-07,5.48358621e-07,fit
T8,1000,out,2,1.8,5.7346041e-07,5.78831499e-07,fit
T8,1000,out,2,1.85,5.75847022e-07,6.00069201e-07,fit
T8,1000,out,2,1.9,5.78229946e-07,5.91980842e-07,fit
T8,1000,out,2,1.95,5.80610702e-07,5.69575303e-07,fit
T8,1000,out,2,2,5.82990555e-07,5.87653222e-07,fit
T8,1000,out,2,2.05,5.85370558e-07,5.95313402e-07,fit
T8,1000,out,2,2.1,5.87751598e-07,5.88380226e-07,fit
T8,1000,out,2,2.15,5.90134416e-07,5.87686465e-07,fit
T8,1000,out,2,2.2,5.92519643e-07,5.85810767e-07,fit
T8,1000,out,2,2.25,5.94907812e-07,5.80998991e-07,fit
T8,1000,out,2,2.3,5.97299375e-07,5.94915986e-07,fit
T8,1000,out,2,2.35,5.99694721e-07,5.65536313e-07,fit
T8,1000,out,2,2.4,6.02094181e-07,5.75061578e-07,fit
T8,1000,out,2,2.45,6.04498042e-07,6.07257004e-07,fit
T8,1000,out,2,2.5,6.06906549e-07,5.87251125e-07,fit
T8,1000,out,2,2.55,6.09319917e-07,6.14769342e-07,fit
T8,1000,out,2,2.6,6.11738331e-07,5.99643209e-07,fit
T8,1000,out,2,2.65,6.14161953e-07,6.13669766e-07,fit
T8,1000,out,2,2.7,6.16590924e-07,5.94153192e-07,fit
T8,1000,out,2,2.75,6.19025371e-07,6.244036e-07,fit
T8,1000,out,2,2.8,6.21465401e-07,6.00756839e-07,fit
T8,1000,out,2,2.85,6.23911113e-07,5.98775627e-07,fit
T8,1000,out,2,2.9,6.26362591e-07,6.36862449e-07,fit
T8,1000,out,2,2.95,6.28819914e-07,6.23750473e-07,fit
T8,1000,out,2,3,6.31283149e-07,6.40888377e-07,fit
T8,1000,out,2,3.05,6.33752357e-07,6.51392592e-07,fit
T8,1000,out,2,3.1,6.36227595e-07,6.40816283e-07,fit
T8,1000,out,2,3.15,6.38708911e-07,6.42557628e-07,fit
T8,1000,out,2,3.2,6.41196352e-07,6.35912329e-07,fit
T8,1000,out,2,3.25,6.43689958e-07,6.58340888e-07,fit
T8,1000,out,2,3.3,6.46189767e-07,6.29986254e-07,fit
T8,1000,out,2,3.35,6.48695813e-07,6.22767602e-07,fit
T8,1000,out,2,3.4,6.51208128e-07,6.67445851e-07,fit
T8,1000,out,2,3.45,6.53726742e-07,6.76983689e-07,fit
T8,1000,out,2,3.5,6.5625168e-07,6.58754123e-07,fit
T8,1000,out,2,3.55,6.58782969e-07,6.50794336e-07,fit
T8,1000,out,2,3.6,6.61320632e-07,6.68536767e-07,fit
T8,1000,out,2,3.65,6.63864691e-07,6.78349012e-07,fit
T8,1000,out,2,3.7,6.66415166e-07,6.73066503e-07,fit
T8,1000,out,2,3.75,6.68972077e-07,7.17588585e-07,fit
T8,1000,out,2,3.8,6.71535442e-07,6.56339124e-07,fit
T8,1000,out,2,3.85,6.74105279e-07,6.72711747e-07,fit
T8,1000,out,2,3.9,6.76681604e-07,6.99102766e-07,fit
T8,1000,out,2,3.95,6.79264434e-07,6.87748648e-07,fit
T8,1000,out,2,4,6.81853783e-07,7.22573873e-07,fit
T8,1000,out,2,4.05,6.84449665e-07,6.78331937e-07,fit
T8,1000,out,2,4.1,6.87052096e-07,6.93103959e-07,fit
T8,1000,out,2,4.15,6.89661087e-07,6.90462889e-07,fit
T8,1000,out,2,4.2,6.92276653e-07,6.82208951e-07,fit
T8,1000,out,2,4.25,6.94898807e-07,7.04363185e-07,fit
T8,1000,out,2,4.3,6.97527559e-07,7.30963004e-07,fit
T8,1000,out,2,4.35,7.00162923e-07,6.9607386e-07,fit
T8,1000,out,2,4.4,7.0280491e-07,7.15329989e-07,fit
T8,1000,out,2,4.45,7.05453531e-07,7.27990105e-07,fit
T8,1000,out,2,4.5,7.08108797e-07,6.82528764e-07,fit
T8,1000,out,2,4.55,7.1077072e-07,7.53777938e-07,fit
T8,1000,out,2,4.6,7.1343931e-07,7.14225022e-07,fit
T8,1000,out,2,4.65,7.16114578e-07,6.98543835e-07,fit
T8,1000,out,2,4.7,7.18796534e-07,7.1060635e-07,fit
T8,1000,out,2,4.75,7.21485188e-07,7.12062372e-07,fit
T8,1000,out,2,4.8,7.2418055e-07,6.75230121e-07,fit
T8,1000,out,2,4.85,7.2688263e-07,7.51159611e-07,fit
T8,1000,out,2,4.9,7.29591438e-07,7.21532437e-07,fit
T8,1000,out,2,4.95,7.32306984e-07,7.36586124e-07,fit
T8,1000,out,2,5,7.35029278e-07,7.32967215e-07,fit
T8,1000,out,2,5.05,7.37758328e-07,7.77714647e-07,fit
T8,1000,out,2,5.1,7.40494144e-07,7.56012454e-07,fit
T8,1000,out,2,5.15,7.43236736e-07,7.32662449e-07,fit
T8,1000,out,2,5.2,7.45986113e-07,7.47555303e-07,fit
T8,1000,out,2,5.25,7.48742284e-07,7.60380396e-07,fit
T8,1000,out,2,5.3,7.51505258e-07,7.16855549e-07,fit
T8,1000,out,2,5.35,7.54275045e-07,7.50032021e-07,fit
T8,1000,out,2,5.4,7.57051653e-07,7.66632778e-07,fit
T8,1000,out,2,5.45,7.59835091e-07,7.44953932e-07,fit
T8,1000,out,2,5.5,7.62625369e-07,7.48260088e-07,fit
T8,1000,out,2,5.55,7.65422495e-07,7.67950012e-07,fit
T8,1000,out,2,5.6,7.68226478e-07,7.46431827e-07,fit
T8,1000,out,2,5.65,7.71037327e-07,7.65330761e-07,fit
T8,1000,out,2,5.7,7.73855051e-07,7.63040469e-07,fit
T8,1000,out,2,5.75,7.76679659e-07,7.94149235e-07,fit
T8,1000,out,2,5.8,7.79511158e-07,7.67120358e-07,fit
T8,1000,out,2,5.85,7.82349559e-07,7.53370178e-07,fit
T8,1000,out,2,5.9,7.8519487e-07,8.06522916e-07,fit
T8,1000,out,2,5.95,7.88047099e-07,7.52974811e-07,fit
T8,1000,out,2,6,7.90906255e-07,7.95977213e-07,fit
T8,1000,out,3,-0,0,2.67640373e-15,fit
T8,1000,out,3,0.05,2.071522e-07,1.98077361e-07,fit
T8,1000,out,3,0.1,4.08508749e-07,4.03854315e-07,fit
T8,1000,out,3,0.15,6.03869955e-07,5.96653104e-07,fit
T8,1000,out,3,0.2,7.93006611e-07,7.76909837e-07,fit
T8,1000,out,3,0.25,9.75682327e-07,9.04042388e-07,fit
T8,1000,out,3,0.3,1.15166882e-06,1.20680438e-06,fit
T8,1000,out,3,0.35,1.32075782e-06,1.2827611e-06,fit
T8,1000,out,3,0.4,1.48277054e-06,1.51722834e-06,fit
T8,1000,out,3,0.45,1.63756526e-06,1.63986596e-06,fit
T8,1000,out,3,0.5,1.78504292e-06,1.79377645e-06,fit
T8,1000,out,3,0.55,1.92515101e-06,1.92193065e-06,fit
T8,1000,out,3,0.6,2.05788561e-06,2.07138465e-06,fit
T8,1000,out,3,0.65,2.18329182e-06,2.2935588e-06,fit
T8,1000,out,3,0.7,2.30146256e-06,2.14325271e-06,fit
T8,1000,out,3,0.75,2.41253609e-06,2.45532614e-06,fit
T8,1000,out,3,0.8,2.51669226e-06,2.46985747e-06,fit
T8,1000,out,3,0.85,2.61414798e-06,2.58252927e-06,fit
T8,1000,out,3,0.9,2.70515188e-06,2.72105755e-06,fit
T8,1000,out,3,0.95,2.78997874e-06,2.88327349e-06,fit
T8,1000,out,3,1,2.86892366e-06,2.94730949e-06,fit
T8,1000,out,3,1.05,2.94229638e-06,3.00052278e-06,fit
T8,1000,out,3,1.1,3.01041581e-06,3.0858629e-06,fit
T8,1000,out,3,1.15,3.07360499e-06,3.0976837e-06,fit
T8,1000,out,3,1.2,3.13218663e-06,3.07773583e-06,fit
T8,1000,out,3,1.25,3.18647909e-06,3.30507561e-06,fit
T8,1000,out,3,1.3,3.23679314e-06,3.21564936e-06,fit
T8,1000,out,3,1.35,3.28342919e-06,3.46800171e-06,fit
T8,1000,out,3,1.4,3.32667523e-06,3.44978668e-06,fit
T8,1000,out,3,1.45,3.36680519e-06,3.40329759e-06,fit
T8,1000,out,3,1.5,3.40407795e-06,3.52514032e-06,fit
T8,1000,out,3,1.55,3.43873663e-06,3.4513622e-06,fit
T8,1000,out,3,1.6,3.47100835e-06,3.33158702e-06,fit
T8,1000,out,3,1.65,3.50110428e-06,3.60747948e-06,fit
T8,1000,out,3,1.7,3.5292199e-06,3.67460337e-06,fit
T8,1000,out,3,1.75,3.55553551e-06,3.62586126e-06,fit
T8,1000,out,3,1.8,3.58021682e-06,3.67255238e-06,fit
T8,1000,out,3,1.85,3.60341572e-06,3.8333575e-06,fit
T8,1000,out,3,1.9,3.62527103e-06,3.69599306e-06,fit
T8,1000,out,3,1.95,3.64590938e-06,3.65558592e-06,fit
T8,1000,out,3,2,3.66544603e-06,3.63313147e-06,fit
T8,1000,out,3,2.05,3.68398571e-06,3.7639312e-06,fit
T8,1000,out,3,2.1,3.70162348e-06,3.60662433e-06,fit
T8,1000,out,3,2.15,3.71844545e-06,3.74604668e-06,fit
T8,1000,out,3,2.2,3.73452963e-06,3.92152692e-06,fit
T8,1000,out,3,2.25,3.74994656e-06,3.82453384e-06,fit
T8,1000,out,3,2.3,3.76476002e-06,3.90139952e-06,fit
T8,1000,out,3,2.35,3.77902766e-06,3.80726626e-06,fit
T8,1000,out,3,2.4,3.79280153e-06,3.72701694e-06,fit
T8,1000,out,3,2.45,3.80612864e-06,3.90789127e-06,fit
T8,1000,out,3,2.5,3.81905144e-06,3.84299984e-06,fit
T8,1000,out,3,2.55,3.83160826e-06,3.88783732e-06,fit
T8,1000,out,3,2.6,3.84383371e-06,3.8244493e-06,fit
T8,1000,out,3,2.65,3.85575905e-06,3.87467262e-06,fit
T8,1000,out,3,2.7,3.86741252e-06,3.82603233e-06,fit
T8,1000,out,3,2.75,3.87881963e-06,4.07697715e-06,fit
T8,1000,out,3,2.8,3.89000343e-06,3.90046347e-06,fit
T8,1000,out,3,2.85,3.90098479e-06,3.88866001e-06,fit
T8,1000,out,3,2.9,3.91178258e-06,3.93968006e-06,fit
T8,1000,out,3,2.95,3.92241386e-06,3.75106843e-06,fit
T8,1000,out,3,3,3.93289411e-06,3.89663955e-06,fit
T8,1000,out,3,3.05,3.94323734e-06,4.15784539e-06,fit
T8,1000,out,3,3.1,3.95345626e-06,4.01338491e-06,fit
T8,1000,out,3,3.15,3.96356239e-06,3.96965832e-06,fit
T8,1000,out,3,3.2,3.9735662e-06,4.00903249e-06,fit
T8,1000,out,3,3.25,3.9834772e-06,3.8905533e-06,fit
T8,1000,out,3,3.3,3.99330403e-06,4.04240622e-06,fit
T8,1000,out,3,3.35,4.00305456e-06,4.23550432e-06,fit
T8,1000,out,3,3.4,4.01273594e-06,4.13801165e-06,fit
T8,1000,out,3,3.45,4.02235469e-06,3.89988532e-06,fit
T8,1000,out,3,3.5,4.03191676e-06,3.77270597e-06,fit
T8,1000,out,3,3.55,4.04142756e-06,4.23550898e-06,fit
T8,1000,out,3,3.6,4.05089207e-06,4.05604688e-06,fit
T8,1000,out,3,3.65,4.06031479e-06,4.00053831e-06,fit
T8,1000,out,3,3.7,4.06969986e-06,4.15576074e-06,fit
T8,1000,out,3,3.75,4.07905108e-06,4.0827666e-06,fit
T8,1000,out,3,3.8,4.0883719e-06,4.16278299e-06,fit
T8,1000,out,3,3.85,4.09766551e-06,4.24068528e-06,fit
T8,1000,out,3,3.9,4.10693482e-06,4.22957219e-06,fit
T8,1000,out,3,3.95,4.11618251e-06,4.09636639e-06,fit
T8,1000,out,3,4,4.12541102e-06,3.93246205e-06,fit
T8,1000,out,3,4.05,4.13462263e-06,4.15832906e-06,fit
T8,1000,out,3,4.1,4.1438194e-06,4.0773345e-06,fit
T8,1000,out,3,4.15,4.15300326e-06,4.18277383e-06,fit
T8,1000,out,3,4.2,4.16217595e-06,4.14610832e-06,fit
T8,1000,out,3,4.25,4.17133911e-06,4.02365198e-06,fit
T8,1000,out,3,4.3,4.18049423e-06,4.07298823e-06,fit
T8,1000,out,3,4.35,4.1896427e-06,4.33796006e-06,fit
T8,1000,out,3,4.4,4.1987858e-06,4.25707165e-06,fit
T8,1000,out,3,4.45,4.2079247e-06,4.37924316e-06,fit
T8,1000,out,3,4.5,4.21706051e-06,4.20513477e-06,fit
T8,1000,out,3,4.55,4.22619422e-06,4.27489041e-06,fit
T8,1000,out,3,4.6,4.23532679e-06,4.26252189e-06,fit
T8,1000,out,3,4.65,4.24445909e-06,4.3157605e-06,fit
T8,1000,out,3,4.7,4.25359191e-06,4.56333278e-06,fit
T8,1000,out,3,4.75,4.26272601e-06,4.28901738e-06,fit
T8,1000,out,3,4.8,4.27186208e-06,4.40664525e-06,fit
T8,1000,out,3,4.85,4.28100078e-06,4.29584241e-06,fit
T8,1000,out,3,4.9,4.2901427e-06,4.41481818e-06,fit
T8,1000,out,3,4.95,4.29928841e-06,4.43459737e-06,fit
T8,1000,out,3,5,4.30843842e-06,4.27714474e-06,fit
T8,1000,out,3,5.05,4.31759323e-06,4.31843794e-06,fit
T8,1000,out,3,5.1,4.32675329e-06,4.46190826e-06,fit
T8,1000,out,3,5.15,4.33591903e-06,4.28290345e-06,fit
T8,1000,out,3,5.2,4.34509083e-06,4.46619016e-06,fit
T8,1000,out,3,5.25,4.35426907e-06,4.31922772e-06,fit
T8,1000,out,3,5.3,4.3634541e-06,4.38550698e-06,fit
T8,1000,out,3,5.35,4.37264624e-06,4.25332257e-06,fit
T8,1000,out,3,5.4,4.3818458e-06,4.20001251e-06,fit
T8,1000,out,3,5.45,4.39105305e-06,4.51577192e-06,fit
T8,1000,out,3,5.5,4.40026827e-06,4.43511383e-06,fit
T8,1000,out,3,5.55,4.40949171e-06,4.31862027e-06,fit
T8,1000,out,3,5.6,4.41872359e-06,4.28360881e-06,fit
T8,1000,out,3,5.65,4.42796415e-06,4.22226419e-06,fit
T8,1000,out,3,5.7,4.43721359e-06,4.43952258e-06,fit
T8,1000,out,3,5.75,4.44647211e-06,4.19050208e-06,fit
T8,1000,out,3,5.8,4.45573988e-06,4.5539489e-06,fit
T8,1000,out,3,5.85,4.46501709e-06,4.46630839e-06,fit
T8,1000,out,3,5.9,4.47430389e-06,4.59528603e-06,fit
T8,1000,out,3,5.95,4.48360044e-06,4.48407892e-06,fit
T8,1000,out,3,6,4.49290689e-06,4.48168823e-06,fit
T8,1000,out,4,-0,0,2.08423325e-15,fit
T8,1000,out,4,0.05,3.4309301e-07,3.43658513e-07,fit
T8,1000,out,4,0.1,6.80548399e-07,7.23367653e-07,fit
T8,1000,out,4,0.15,1.01224986e-06,1.08230594e-06,fit
T8,1000,out,4,0.2,1.33805912e-06,1.3486299e-06,fit
T8,1000,out,4,0.25,1.65782524e-06,1.68447591e-06,fit
T8,1000,out,4,0.3,1.97139063e-06,1.96569154e-06,fit
T8,1000,out,4,0.35,2.27859565e-06,2.2222027e-06,fit
T8,1000,out,4,0.4,2.57928241e-06,2.65613848e-06,fit
T8,1000,out,4,0.45,2.87329802e-06,2.90384258e-06,fit
T8,1000,out,4,0.5,3.16049741e-06,3.14495415e-06,fit
T8,1000,out,4,0.55,3.44074585e-06,3.46711058e-06,fit
T8,1000,out,4,0.6,3.71392108e-06,3.724053e-06,fit
T8,1000,out,4,0.65,3.97991521e-06,3.82486494e-06,fit
T8,1000,out,4,0.7,4.23863628e-06,4.2696089e-06,fit
T8,1000,out,4,0.75,4.49000962e-06,4.40953692e-06,fit
T8,1000,out,4,0.8,4.73397882e-06,4.4350389e-06,fit
T8,1000,out,4,0.85,4.97050651e-06,5.01901692e-06,fit
T8,1000,out,4,0.9,5.19957485e-06,5.21979027e-06,fit
T8,1000,out,4,0.95,5.42118573e-06,5.42256015e-06,fit
T8,1000,out,4,1,5.63536074e-06,5.50647509e-06,fit
T8,1000,out,4,1.05,5.84214093e-06,6.14060034e-06,fit
T8,1000,out,4,1.1,6.04158627e-06,6.04472412e-06,fit
T8,1000,out,4,1.15,6.233775e-06,6.15100703e-06,fit
T8,1000,out,4,1.2,6.41880272e-06,5.80337808e-06,fit
T8,1000,out,4,1.25,6.59678141e-06,6.5632337e-06,fit
T8,1000,out,4,1.3,6.76783821e-06,6.75687559e-06,fit
T8,1000,out,4,1.35,6.9321142e-06,6.85240301e-06,fit
T8,1000,out,4,1.4,7.08976304e-06,6.9104705e-06,fit
T8,1000,out,4,1.45,7.24094954e-06,7.57709685e-06,fit
T8,1000,out,4,1.5,7.38584827e-06,7.54737286e-06,fit
T8,1000,out,4,1.55,7.52464207e-06,7.09033519e-06,fit
T8,1000,out,4,1.6,7.65752067e-06,7.48823363e-06,fit
T8,1000,out,4,1.65,7.78467924e-06,7.31948395e-06,fit
T8,1000,out,4,1.7,7.90631708e-06,8.12482858e-06,fit
T8,1000,out,4,1.75,8.0226363e-06,7.77606981e-06,fit
T8,1000,out,4,1.8,8.13384061e-06,7.98665428e-06,fit
T8,1000,out,4,1.85,8.24013419e-06,8.33876736e-06,fit
T8,1000,out,4,1.9,8.34172061e-06,8.17881686e-06,fit
T8,1000,out,4,1.95,8.43880192e-06,8.49559974e-06,fit
T8,1000,out,4,2,8.53157777e-06,8.78510669e-06,fit
T8,1000,out,4,2.05,8.62024462e-06,8.36560257e-06,fit
T8,1000,out,4,2.1,8.70499511e-06,9.0296458e-06,fit
T8,1000,out,4,2.15,8.78601744e-06,8.88297655e-06,fit
T8,1000,out,4,2.2,8.86349492e-06,9.41958414e-06,fit
T8,1000,out,4,2.25,8.93760553e-06,8.63439706e-06,fit
T8,1000,out,4,2.3,9.00852162e-06,8.78843916e-06,fit
T8,1000,out,4,2.35,9.07640963e-06,9.33694718e-06,fit
T8,1000,out,4,2.4,9.14142993e-06,9.59624601e-06,fit
T8,1000,out,4,2.45,9.20373667e-06,8.92639852e-06,fit
T8,1000,out,4,2.5,9.26347775e-06,9.34238258e-06,fit
T8,1000,out,4,2.55,9.32079473e-06,9.38711835e-06,fit
T8,1000,out,4,2.6,9.37582294e-06,9.01626989e-06,fit
T8,1000,out,4,2.65,9.42869148e-06,9.44184109e-06,fit
T8,1000,out,4,2.7,9.47952331e-06,9.74943762e-06,fit
T8,1000,out,4,2.75,9.52843543e-06,9.25712758e-06,fit
T8,1000,out,4,2.8,9.57553896e-06,9.70877783e-06,fit
T8,1000,out,4,2.85,9.62093932e-06,9.47461297e-06,fit
T8,1000,out,4,2.9,9.66473643e-06,9.65723007e-06,fit
T8,1000,out,4,2.95,9.70702489e-06,9.92939193e-06,fit
T8,1000,out,4,3,9.74789415e-06,9.5711169e-06,fit
T8,1000,out,4,3.05,9.78742873e-06,1.00266186e-05,fit
T8,1000,out,4,3.1,9.82570846e-06,1.0395204e-05,fit
T8,1000,out,4,3.15,9.86280862e-06,1.01961334e-05,fit
T8,1000,out,4,3.2,9.89880021e-06,9.75986614e-06,fit
T8,1000,out,4,3.25,9.9337501e-06,9.36475253e-06,fit
T8,1000,out,4,3.3,9.96772129e-06,9.67817658e-06,fit
T8,1000,out,4,3.35,1.00007731e-05,9.83683576e-06,fit
T8,1000,out,4,3.4,1.00329612e-05,1.00780005e-05,fit
T8,1000,out,4,3.45,1.00643381e-05,9.84403673e-06,fit
T8,1000,out,4,3.5,1.00949532e-05,1.034105e-05,fit
T8,1000,out,4,3.55,1.01248526e-05,1.06224025e-05,fit
T8,1000,out,4,3.6,1.01540801e-05,9.73942164e-06,fit
T8,1000,out,4,3.65,1.01826764e-05,1.02031302e-05,fit
T8,1000,out,4,3.7,1.02106801e-05,1.00820906e-05,fit
T8,1000,out,4,3.75,1.0238127e-05,9.95519937e-06,fit
T8,1000,out,4,3.8,1.02650512e-05,1.09018725e-05,fit
T8,1000,out,4,3.85,1.02914843e-05,1.03835753e-05,fit
T8,1000,out,4,3.9,1.03174563e-05,9.74053668e-06,fit
T8,1000,out,4,3.95,1.0342995e-05,1.04602416e-05,fit
T8,1000,out,4,4,1.03681269e-05,9.98541198e-06,fit
T8,1000,out,4,4.05,1.03928765e-05,1.03863133e-05,fit
T8,1000,out,4,4.1,1.04172671e-05,1.02651708e-05,fit
T8,1000,out,4,4.15,1.04413203e-05,1.04269923e-05,fit
T8,1000,out,4,4.2,1.04650566e-05,1.06717852e-05,fit
T8,1000,out,4,4.25,1.04884952e-05,1.03874495e-05,fit
T8,1000,out,4,4.3,1.05116539e-05,1.04589612e-05,fit
T8,1000,out,4,4.35,1.05345498e-05,1.02880395e-05,fit
T8,1000,out,4,4.4,1.05571986e-05,1.02394738e-05,fit
T8,1000,out,4,4.45,1.05796154e-05,1.03650715e-05,fit
T8,1000,out,4,4.5,1.0601814e-05,1.11378509e-05,fit
T8,1000,out,4,4.55,1.06238076e-05,1.07680185e-05,fit
T8,1000,out,4,4.6,1.06456087e-05,1.08753242e-05,fit
T8,1000,out,4,4.65,1.06672287e-05,1.10491293e-05,fit
T8,1000,out,4,4.7,1.06886787e-05,1.1162157e-05,fit
T8,1000,out,4,4.75,1.0709969e-05,1.01513221e-05,fit
T8,1000,out,4,4.8,1.07311091e-05,1.08869715e-05,fit
T8,1000,out,4,4.85,1.07521081e-05,1.14171949e-05,fit
T8,1000,out,4,4.9,1.07729747e-05,1.0897537e-05,fit
T8,1000,out,4,4.95,1.07937169e-05,1.06880259e-05,fit
T8,1000,out,4,5,1.08143422e-05,1.06724923e-05,fit
T8,1000,out,4,5.05,1.08348578e-05,1.03239744e-05,fit
T8,1000,out,4,5.1,1.08552704e-05,1.05470499e-05,fit
T8,1000,out,4,5.15,1.08755863e-05,1.06357657e-05,fit
T8,1000,out,4,5.2,1.08958116e-05,1.03336944e-05,fit
T8,1000,out,4,5.25,1.09159517e-05,1.08292501e-05,fit
T8,1000,out,4,5.3,1.09360121e-05,1.12895653e-05,fit
T8,1000,out,4,5.35,1.09559978e-05,1.16839522e-05,fit
T8,1000,out,4,5.4,1.09759134e-05,1.11300105e-05,fit
T8,1000,out,4,5.45,1.09957634e-05,1.10322612e-05,fit
T8,1000,out,4,5.5,1.10155521e-05,1.09019256e-05,fit
T8,1000,out,4,5.55,1.10352833e-05,1.09825944e-05,fit
T8,1000,out,4,5.6,1.10549609e-05,1.05956949e-05,fit
T8,1000,out,4,5.65,1.10745884e-05,1.12423999e-05,fit
T8,1000,out,4,5.7,1.10941691e-05,1.11178453e-05,fit
T8,1000,out,4,5.75,1.11137062e-05,1.02481334e-05,fit
T8,1000,out,4,5.8,1.11332027e-05,1.10470554e-05,fit
T8,1000,out,4,5.85,1.11526614e-05,1.13080122e-05,fit
T8,1000,out,4,5.9,1.1172085e-05,1.10463202e-05,fit
T8,1000,out,4,5.95,1.1191476e-05,1.13971742e-05,fit
T8,1000,out,4,6,1.12108368e-05,1.12586265e-05,fit
T8,1000,out,6,-0,0,1.23219626e-15,fit
T8,1000,out,6,0.05,6.03929482e-07,5.83378022e-07,fit
T8,1000,out,6,0.1,1.20276006e-06,1.16995503e-06,fit
T8,1000,out,6,0.15,1.79642933e-06,1.81771463e-06,fit
T8,1000,out,6,0.2,2.3848634e-06,2.37874059e-06,fit
T8,1000,out,6,0.25,2.96798022e-06,3.04037921e-06,fit
T8,1000,out,6,0.3,3.54569177e-06,3.49822601e-06,fit
T8,1000,out,6,0.35,4.11790552e-06,4.28446632e-06,fit
T8,1000,out,6,0.4,4.6845257e-06,4.7933471e-06,fit
T8,1000,out,6,0.45,5.24545423e-06,5.53862086e-06,fit
T8,1000,out,6,0.5,5.80059168e-06,5.43035002e-06,fit
T8,1000,out,6,0.55,6.34983803e-06,6.4900873e-06,fit
T8,1000,out,6,0.6,6.89309335e-06,7.13961237e-06,fit
T8,1000,out,6,0.65,7.43025849e-06,7.49361426e-06,fit
T8,1000,out,6,0.7,7.96123567e-06,8.04631483e-06,fit
T8,1000,out,6,0.75,8.48592903e-06,8.4817149e-06,fit
T8,1000,out,6,0.8,9.00424514e-06,9.03366539e-06,fit
T8,1000,out,6,0.85,9.51609349e-06,9.60396679e-06,fit
T8,1000,out,6,0.9,1.00213869e-05,9.99735973e-06,fit
T8,1000,out,6,0.95,1.05200422e-05,1.01757152e-05,fit
T8,1000,out,6,1,1.101198e-05,1.13565369e-05,fit
T8,1000,out,6,1.05,1.14971258e-05,1.10886862e-05,fit
T8,1000,out,6,1.1,1.19754097e-05,1.17542024e-05,fit
T8,1000,out,6,1.15,1.24467672e-05,1.26725922e-05,fit
T8,1000,out,6,1.2,1.29111391e-05,1.29015568e-05,fit
T8,1000,out,6,1.25,1.33684717e-05,1.32590529e-05,fit
T8,1000,out,6,1.3,1.38187175e-05,1.30734819e-05,fit
T8,1000,out,6,1.35,1.42618348e-05,1.44098166e-05,fit
T8,1000,out,6,1.4,1.46977882e-05,1.46419633e-05,fit
T8,1000,out,6,1.45,1.51265486e-05,1.50001096e-05,fit
T8,1000,out,6,1.5,1.55480932e-05,1.48355011e-05,fit
T8,1000,out,6,1.55,1.5962406e-05,1.61839472e-05,fit
T8,1000,out,6,1.6,1.63694772e-05,1.61107767e-05,fit
T8,1000,out,6,1.65,1.67693038e-05,1.67530568e-05,fit
T8,1000,out,6,1.7,1.7161889e-05,1.71361192e-05,fit
T8,1000,out,6,1.75,1.75472427e-05,1.86104388e-05,fit
T8,1000,out,6,1.8,1.79253812e-05,1.73659531e-05,fit
T8,1000,out,6,1.85,1.82963271e-05,1.84874002e-05,fit
T8,1000,out,6,1.9,1.86601092e-05,1.75419894e-05,fit
T8,1000,out,6,1.95,1.90167625e-05,1.94450723e-05,fit
T8,1000,out,6,2,1.93663277e-05,1.90859774e-05,fit
T8,1000,out,6,2.05,1.97088514e-05,2.06059794e-05,fit
T8,1000,out,6,2.1,2.0044386e-05,1.92519584e-05,fit
T8,1000,out,6,2.15,2.03729888e-05,2.0027758e-05,fit
T8,1000,out,6,2.2,2.06947228e-05,2.13705613e-05,fit
T8,1000,out,6,2.25,2.10096556e-05,2.01015973e-05,fit
T8,1000,out,6,2.3,2.13178597e-05,2.1156758e-05,fit
T8,1000,out,6,2.35,2.16194118e-05,2.17935031e-05,fit
T8,1000,out,6,2.4,2.19143932e-05,2.19342412e-05,fit
T8,1000,out,6,2.45,2.22028889e-05,2.19039569e-05,fit
T8,1000,out,6,2.5,2.24849875e-05,2.14043339e-05,fit
T8,1000,out,6,2.55,2.27607814e-05,2.14105565e-05,fit
T8,1000,out,6,2.6,2.30303657e-05,2.38515229e-05,fit
T8,1000,out,6,2.65,2.32938388e-05,2.28209362e-05,fit
T8,1000,out,6,2.7,2.35513015e-05,2.3245603e-05,fit
T8,1000,out,6,2.75,2.3802857e-05,2.3198153e-05,fit
T8,1000,out,6,2.8,2.40486106e-05,2.40025943e-05,fit
T8,1000,out,6,2.85,2.42886694e-05,2.33041708e-05,fit
T8,1000,out,6,2.9,2.45231422e-05,2.46361234e-05,fit
T8,1000,out,6,2.95,2.4752139e-05,2.4634781e-05,fit
T8,1000,out,6,3,2.4975771e-05,2.46322277e-05,fit
T8,1000,out,6,3.05,2.51941502e-05,2.59463091e-05,fit
T8,1000,out,6,3.1,2.54073893e-05,2.51298373e-05,fit
T8,1000,out,6,3.15,2.56156014e-05,2.49446308e-05,fit
T8,1000,out,6,3.2,2.58188999e-05,2.60354307e-05,fit
T8,1000,out,6,3.25,2.60173979e-05,2.63644397e-05,fit
T8,1000,out,6,3.3,2.62112088e-05,2.73543236e-05,fit
T8,1000,out,6,3.35,2.64004454e-05,2.41418754e-05,fit
T8,1000,out,6,3.4,2.65852199e-05,2.62136548e-05,fit
T8,1000,out,6,3.45,2.6765644e-05,2.64604544e-05,fit
T8,1000,out,6,3.5,2.69418285e-05,2.65761576e-05,fit
T8,1000,out,6,3.55,2.71138834e-05,2.77822086e-05,fit
T8,1000,out,6,3.6,2.72819173e-05,2.81674032e-05,fit
T8,1000,out,6,3.65,2.74460378e-05,2.62665193e-05,fit
T8,1000,out,6,3.7,2.76063512e-05,2.83196145e-05,fit
T8,1000,out,6,3.75,2.77629624e-05,2.76291777e-05,fit
T8,1000,out,6,3.8,2.79159747e-05,2.72823562e-05,fit
T8,1000,out,6,3.85,2.80654898e-05,2.88887986e-05,fit
T8,1000,out,6,3.9,2.82116078e-05,2.83552168e-05,fit
T8,1000,out,6,3.95,2.83544272e-05,2.93416508e-05,fit
T8,1000,out,6,4,2.84940445e-05,2.90266744e-05,fit
T8,1000,out,6,4.05,2.86305545e-05,2.89092885e-05,fit
T8,1000,out,6,4.1,2.87640502e-05,2.94514642e-05,fit
T8,1000,out,6,4.15,2.88946224e-05,2.87855453e-05,fit
T8,1000,out,6,4.2,2.90223603e-05,2.87561984e-05,fit
T8,1000,out,6,4.25,2.9147351e-05,2.80627402e-05,fit
T8,1000,out,6,4.3,2.92696797e-05,2.94023319e-05,fit
T8,1000,out,6,4.35,2.93894294e-05,3.08865117e-05,fit
T8,1000,out,6,4.4,2.95066815e-05,2.87294964e-05,fit
T8,1000,out,6,4.45,2.9621515e-05,3.07037329e-05,fit
T8,1000,out,6,4.5,2.97340072e-05,3.04063745e-05,fit
T8,1000,out,6,4.55,2.98442333e-05,3.07546909e-05,fit
T8,1000,out,6,4.6,2.99522666e-05,2.9099425e-05,fit
T8,1000,out,6,4.65,3.00581784e-05,3.15913638e-05,fit
T8,1000,out,6,4.7,3.01620381e-05,3.09980735e-05,fit
T8,1000,out,6,4.75,3.02639131e-05,3.00692237e-05,fit
T8,1000,out,6,4.8,3.0363869e-05,2.94623498e-05,fit
T8,1000,out,6,4.85,3.04619695e-05,3.01183578e-05,fit
T8,1000,out,6,4.9,3.05582765e-05,3.10823336e-05,fit
T8,1000,out,6,4.95,3.065285e-05,3.1450048e-05,fit
T8,1000,out,6,5,3.07457484e-05,3.05271504e-05,fit
T8,1000,out,6,5.05,3.08370281e-05,3.12004634e-05,fit
T8,1000,out,6,5.1,3.0926744e-05,3.05922694e-05,fit
T8,1000,out,6,5.15,3.10149493e-05,3.10344596e-05,fit
T8,1000,out,6,5.2,3.11016954e-05,2.97451092e-05,fit
T8,1000,out,6,5.25,3.11870323e-05,3.06909223e-05,fit
T8,1000,out,6,5.3,3.12710083e-05,3.11278708e-05,fit
T8,1000,out,6,5.35,3.13536701e-05,3.10540031e-05,fit
T8,1000,out,6,5.4,3.1435063e-05,3.21511648e-05,fit
T8,1000,out,6,5.45,3.1515231e-05,3.16309769e-05,fit
T8,1000,out,6,5.5,3.15942164e-05,3.22469107e-05,fit
T8,1000,out,6,5.55,3.16720603e-05,3.0420328e-05,fit
T8,1000,out,6,5.6,3.17488023e-05,3.17196979e-05,fit
T8,1000,out,6,5.65,3.18244807e-05,3.15123732e-05,fit
T8,1000,out,6,5.7,3.18991328e-05,2.97782776e-05,fit
T8,1000,out,6,5.75,3.19727943e-05,3.07763515e-05,fit
T8,1000,out,6,5.8,3.20455e-05,3.07436681e-05,fit
T8,1000,out,6,5.85,3.21172832e-05,3.32768514e-05,fit
T8,1000,out,6,5.9,3.21881763e-05,3.05825695e-05,fit
T8,1000,out,6,5.95,3.22582107e-05,3.26859232e-05,fit
T8,1000,out,6,6,3.23274164e-05,3.28310515e-05,fit
T7,3000,tr,-2,0.1,2.02e-14,1.8127325e-14,blind
T7,3000,tr,-1.95,0.1,2.02e-14,2.21546184e-14,blind
T7,3000,tr,-1.9,0.1,2.02e-14,1.28059961e-14,blind
T7,3000,tr,-1.85,0.1,2.02e-14,1.89183712e-14,blind
T7,3000,tr,-1.8,0.1,2.02e-14,2.607866e-14,blind
T7,3000,tr,-1.75,0.1,2.02e-14,2.27470739e-14,blind
T7,3000,tr,-1.7,0.1,2.02e-14,2.40008857e-14,blind
T7,3000,tr,-1.65,0.1,2.02e-14,2.65864921e-14,blind
T7,3000,tr,-1.6,0.1,2.02e-14,2.45290906e-14,blind
T7,3000,tr,-1.55,0.1,2.02e-14,2.04436773e-14,blind
T7,3000,tr,-1.5,0.1,2.02e-14,1.61329403e-14,blind
T7,3000,tr,-1.45,0.1,2.02e-14,1.70591105e-14,blind
T7,3000,tr,-1.4,0.1,2.02e-14,2.70413145e-14,blind
T7,3000,tr,-1.35,0.1,2.02e-14,2.03277663e-14,blind
T7,3000,tr,-1.3,0.1,2.02e-14,2.53092733e-14,blind
T7,3000,tr,-1.25,0.1,2.02e-14,2.12275258e-14,blind
T7,3000,tr,-1.2,0.1,2.02e-14,1.35293932e-14,blind
T7,3000,tr,-1.15,0.1,2.02e-14,2.12896896e-14,blind
T7,3000,tr,-1.1,0.1,2.02e-14,1.02523696e-14,blind
T7,3000,tr,-1.05,0.1,2.02e-14,2.63656016e-14,blind
T7,3000,tr,-1,0.1,2.02e-14,2.35064522e-14,blind
T7,3000,tr,-0.95,0.1,2.02e-14,2.71512566e-14,blind
T7,3000,tr,-0.9,0.1,2.02e-14,9.67504496e-15,blind
T7,3000,tr,-0.85,0.1,2.02e-14,2.40230835e-14,blind
T7,3000,tr,-0.8,0.1,2.02e-14,1.79385639e-14,blind
T7,3000,tr,-0.75,0.1,2.02e-14,2.06619557e-14,blind
T7,3000,tr,-0.7,0.1,2.02000001e-14,1.93834528e-14,blind
T7,3000,tr,-0.65,0.1,2.02000002e-14,2.55921293e-14,blind
T7,3000,tr,-0.6,0.1,2.02000005e-14,1.48429701e-14,blind
T7,3000,tr,-0.55,0.1,2.02000013e-14,2.19625711e-14,blind
T7,3000,tr,-0.5,0.1,2.02000032e-14,2.22028068e-14,blind
T7,3000,tr,-0.45,0.1,2.02000077e-14,2.80560287e-14,blind
T7,3000,tr,-0.4,0.1,2.02000188e-14,2.57160411e-14,blind
T7,3000,tr,-0.35,0.1,2.02000455e-14,2.59426831e-14,blind
T7,3000,tr,-0.3,0.1,2.02001102e-14,1.85614862e-14,blind
T7,3000,tr,-0.25,0.1,2.02002671e-14,2.54433165e-14,blind
T7,3000,tr,-0.2,0.1,2.02006473e-14,1.7801687e-14,blind
T7,3000,tr,-0.15,0.1,2.02015689e-14,2.09703256e-14,blind
T7,3000,tr,-0.1,0.1,2.02038028e-14,2.51824935e-14,blind
T7,3000,tr,-0.05,0.1,2.02092171e-14,2.59832723e-14,blind
T7,3000,tr,1.20736754e-15,0.1,2.02223401e-14,2.44904182e-14,blind
T7,3000,tr,0.05,0.1,2.02541462e-14,2.11595845e-14,blind
T7,3000,tr,0.1,0.1,2.03687072e-14,1.76691773e-14,blind
T7,3000,tr,0.15,0.1,2.06088698e-14,2.09367014e-14,blind
T7,3000,tr,0.2,0.1,2.11908581e-14,1.62739204e-14,blind
T7,3000,tr,0.25,0.1,2.26010436e-14,1.90801569e-14,blind
T7,3000,tr,0.3,0.1,2.60174357e-14,3.12433342e-14,blind
T7,3000,tr,0.35,0.1,3.42921436e-14,3.95565128e-14,blind
T7,3000,tr,0.4,0.1,5.4326577e-14,6.16064035e-14,blind
T7,3000,tr,0.45,0.1,1.02806218e-13,1.05025823e-13,blind
T7,3000,tr,0.5,0.1,2.20019576e-13,2.19733539e-13,blind
T7,3000,tr,0.55,0.1,5.03058509e-13,5.05147532e-13,blind
T7,3000,tr,0.6,0.1,1.18522602e-12,1.21535837e-12,blind
T7,3000,tr,0.65,0.1,2.82468547e-12,2.83182868e-12,blind
T7,3000,tr,0.7,0.1,6.74811494e-12,7.00065836e-12,blind
T7,3000,tr,0.75,0.1,1.60783279e-11,1.65451822e-11,blind
T7,3000,tr,0.8,0.1,3.80610065e-11,3.88974676e-11,blind
T7,3000,tr,0.85,0.1,8.91572973e-11,8.69140555e-11,blind
T7,3000,tr,0.9,0.1,2.05641622e-10,2.09171258e-10,blind
T7,3000,tr,0.95,0.1,4.64044039e-10,4.6836164e-10,blind
T7,3000,tr,1,0.1,1.01607498e-09,1.01535321e-09,blind
T7,3000,tr,1.05,0.1,2.13546191e-09,2.15050982e-09,blind
T7,3000,tr,1.1,0.1,4.24250195e-09,4.07283275e-09,blind
T7,3000,tr,1.15,0.1,7.81386485e-09,7.74162983e-09,blind
T7,3000,tr,1.2,0.1,1.31447426e-08,1.32169186e-08,blind
T7,3000,tr,1.25,0.1,2.01987778e-08,1.97762703e-08,blind
T7,3000,tr,1.3,0.1,2.87200603e-08,3.0534062e-08,blind
T7,3000,tr,1.35,0.1,3.84092768e-08,3.93840101e-08,blind
T7,3000,tr,1.4,0.1,4.90052158e-08,4.65065296e-08,blind
T7,3000,tr,1.45,0.1,6.02991674e-08,6.21660523e-08,blind
T7,3000,tr,1.5,0.1,7.21296633e-08,7.34398951e-08,blind
T7,3000,tr,1.55,0.1,8.43741318e-08,8.16474233e-08,blind
T7,3000,tr,1.6,0.1,9.69407648e-08,9.63401159e-08,blind
T7,3000,tr,1.65,0.1,1.09761309e-07,1.10624085e-07,blind
T7,3000,tr,1.7,0.1,1.22785081e-07,1.24210929e-07,blind
T7,3000,tr,1.75,0.1,1.35974253e-07,1.374367e-07,blind
T7,3000,tr,1.8,0.1,1.49300299e-07,1.44885872e-07,blind
T7,3000,tr,1.85,0.1,1.62741388e-07,1.64284894e-07,blind
T7,3000,tr,1.9,0.1,1.76280512e-07,1.78653244e-07,blind
T7,3000,tr,1.95,0.1,1.89904148e-07,1.83293205e-07,blind
T7,3000,tr,2,0.1,2.03601323e-07,2.08797532e-07,blind
T7,3000,tr,2.05,0.1,2.17362948e-07,2.15512793e-07,blind
T7,3000,tr,2.1,0.1,2.31181346e-07,2.35039326e-07,blind
T7,3000,tr,2.15,0.1,2.45049923e-07,2.45076375e-07,blind
T7,3000,tr,2.2,0.1,2.58962925e-07,2.60184996e-07,blind
T7,3000,tr,2.25,0.1,2.72915268e-07,2.66288638e-07,blind
T7,3000,tr,2.3,0.1,2.86902411e-07,2.76891412e-07,blind
T7,3000,tr,2.35,0.1,3.00920257e-07,3.09020067e-07,blind
T7,3000,tr,2.4,0.1,3.14965089e-07,3.04173674e-07,blind
T7,3000,tr,2.45,0.1,3.29033506e-07,3.18584576e-07,blind
T7,3000,tr,2.5,0.1,3.43122387e-07,3.45730424e-07,blind
T7,3000,tr,2.55,0.1,3.57228852e-07,3.61854645e-07,blind
T7,3000,tr,2.6,0.1,3.71350237e-07,3.73909941e-07,blind
T7,3000,tr,2.65,0.1,3.85484068e-07,4.13676797e-07,blind
T7,3000,tr,2.7,0.1,3.99628042e-07,4.17111391e-07,blind
T7,3000,tr,2.75,0.1,4.1378001e-07,4.16812383e-07,blind
T7,3000,tr,2.8,0.1,4.27937965e-07,4.29839346e-07,blind
T7,3000,tr,2.85,0.1,4.42100029e-07,4.27002434e-07,blind
T7,3000,tr,2.9,0.1,4.56264439e-07,4.77723017e-07,blind
T7,3000,tr,2.95,0.1,4.7042954e-07,4.65596382e-07,blind
T7,3000,tr,3,0.1,4.84593777e-07,4.93028502e-07,blind
T7,3000,tr,3.05,0.1,4.98755685e-07,4.90255956e-07,blind
T7,3000,tr,3.1,0.1,5.12913886e-07,5.37342659e-07,blind
T7,3000,tr,3.15,0.1,5.27067078e-07,5.31437247e-07,blind
T7,3000,tr,3.2,0.1,5.41214034e-07,5.44617292e-07,blind
T7,3000,tr,3.25,0.1,5.55353592e-07,5.6051459e-07,blind
T7,3000,tr,3.3,0.1,5.69484656e-07,5.84272068e-07,blind
T7,3000,tr,3.35,0.1,5.83606187e-07,6.19216122e-07,blind
T7,3000,tr,3.4,0.1,5.97717204e-07,6.29679628e-07,blind
T7,3000,tr,3.45,0.1,6.11816775e-07,6.08925611e-07,blind
T7,3000,tr,3.5,0.1,6.25904018e-07,6.33308863e-07,blind
T7,3000,tr,3.55,0.1,6.39978095e-07,6.54491255e-07,blind
T7,3000,tr,3.6,0.1,6.54038212e-07,6.27881197e-07,blind
T7,3000,tr,3.65,0.1,6.68083617e-07,6.68493493e-07,blind
T7,3000,tr,3.7,0.1,6.82113592e-07,6.59094922e-07,blind
T7,3000,tr,3.75,0.1,6.96127458e-07,6.81422692e-07,blind
T7,3000,tr,3.8,0.1,7.10124569e-07,7.08805499e-07,blind
T7,3000,tr,3.85,0.1,7.2410431e-07,6.90818377e-07,blind
T7,3000,tr,3.9,0.1,7.38066097e-07,7.26162204e-07,blind
T7,3000,tr,3.95,0.1,7.52009375e-07,7.40368914e-07,blind
T7,3000,tr,4,0.1,7.65933615e-07,7.46911585e-07,blind
T7,3000,tr,4.05,0.1,7.79838315e-07,7.90356167e-07,blind
T7,3000,tr,4.1,0.1,7.93722997e-07,7.93256113e-07,blind
T7,3000,tr,4.15,0.1,8.07587205e-07,7.86110137e-07,blind
T7,3000,tr,4.2,0.1,8.21430506e-07,8.11354335e-07,blind
T7,3000,tr,4.25,0.1,8.35252488e-07,8.52059362e-07,blind
T7,3000,tr,4.3,0.1,8.49052759e-07,8.73482426e-07,blind
T7,3000,tr,4.35,0.1,8.62830945e-07,8.44216175e-07,blind
T7,3000,tr,4.4,0.1,8.76586691e-07,8.74929664e-07,blind
T7,3000,tr,4.45,0.1,8.90319659e-07,9.19969086e-07,blind
T7,3000,tr,4.5,0.1,9.04029528e-07,9.71310879e-07,blind
T7,3000,tr,4.55,0.1,9.17715992e-07,9.09735711e-07,blind
T7,3000,tr,4.6,0.1,9.31378759e-07,9.67657287e-07,blind
T7,3000,tr,4.65,0.1,9.45017553e-07,9.39742704e-07,blind
T7,3000,tr,4.7,0.1,9.5863211e-07,9.52789428e-07,blind
T7,3000,tr,4.75,0.1,9.72222182e-07,9.90975847e-07,blind
T7,3000,tr,4.8,0.1,9.8578753e-07,9.9702299e-07,blind
T7,3000,tr,4.85,0.1,9.9932793e-07,9.37400234e-07,blind
T7,3000,tr,4.9,0.1,1.01284317e-06,1.06372569e-06,blind
T7,3000,tr,4.95,0.1,1.02633304e-06,1.01283983e-06,blind
T7,3000,tr,5,0.1,1.03979735e-06,1.05635789e-06,blind
T7,3000,tr,5.05,0.1,1.05323592e-06,1.07004896e-06,blind
T7,3000,tr,5.1,0.1,1.06664858e-06,1.05796403e-06,blind
T7,3000,tr,5.15,0.1,1.08003516e-06,1.08004255e-06,blind
T7,3000,tr,5.2,0.1,1.0933955e-06,1.07881686e-06,blind
T7,3000,tr,5.25,0.1,1.10672947e-06,1.12442881e-06,blind
T7,3000,tr,5.3,0.1,1.12003693e-06,1.1674574e-06,blind
T7,3000,tr,5.35,0.1,1.13331773e-06,1.16547031e-06,blind
T7,3000,tr,5.4,0.1,1.14657177e-06,1.24716717e-06,blind
T7,3000,tr,5.45,0.1,1.15979893e-06,1.13617354e-06,blind
T7,3000,tr,5.5,0.1,1.17299909e-06,1.20911029e-06,blind
T7,3000,tr,5.55,0.1,1.18617216e-06,1.22858798e-06,blind
T7,3000,tr,5.6,0.1,1.19931804e-06,1.20345257e-06,blind
T7,3000,tr,5.65,0.1,1.21243664e-06,1.24201415e-06,blind
T7,3000,tr,5.7,0.1,1.22552789e-06,1.21944015e-06,blind
T7,3000,tr,5.75,0.1,1.23859169e-06,1.20416393e-06,blind
T7,3000,tr,5.8,0.1,1.25162799e-06,1.22988731e-06,blind
T7,3000,tr,5.85,0.1,1.26463671e-06,1.33429077e-06,blind
T7,3000,tr,5.9,0.1,1.2776178e-06,1.27516961e-06,blind
T7,3000,tr,5.95,0.1,1.29057119e-06,1.20922896e-06,blind
T7,3000,tr,6,0.1,1.30349684e-06,1.24028317e-06,blind
T7,3000,tr,6.05,0.1,1.3163947e-06,1.25457759e-06,blind
T7,3000,tr,6.1,0.1,1.32926473e-06,1.35614324e-06,blind
T7,3000,tr,6.15,0.1,1.34210688e-06,1.3201153e-06,blind
T7,3000,tr,6.2,0.1,1.35492113e-06,1.36127344e-06,blind
T7,3000,tr,6.25,0.1,1.36770745e-06,1.38205699e-06,blind
T7,3000,tr,6.3,0.1,1.3804658e-06,1.40879351e-06,blind
T7,3000,tr,6.35,0.1,1.39319616e-06,1.34274433e-06,blind
T7,3000,tr,6.4,0.1,1.40589853e-06,1.36100627e-06,blind
T7,3000,tr,6.45,0.1,1.41857287e-06,1.45370183e-06,blind
T7,3000,tr,6.5,0.1,1.43121919e-06,1.39782791e-06,blind
T7,3000,tr,6.55,0.1,1.44383746e-06,1.43067749e-06,blind
T7,3000,tr,6.6,0.1,1.45642769e-06,1.43643257e-06,blind
T7,3000,tr,6.65,0.1,1.46898987e-06,1.43806729e-06,blind
T7,3000,tr,6.7,0.1,1.48152399e-06,1.45917337e-06,blind
T7,3000,tr,6.75,0.1,1.49403007e-06,1.44412039e-06,blind
T7,3000,tr,6.8,0.1,1.50650811e-06,1.53378585e-06,blind
T7,3000,tr,6.85,0.1,1.51895811e-06,1.60148491e-06,blind
T7,3000,tr,6.9,0.1,1.53138009e-06,1.51441622e-06,blind
T7,3000,tr,6.95,0.1,1.54377405e-06,1.60263794e-06,blind
T7,3000,tr,7,0.1,1.55614002e-06,1.52333883e-06,blind
T7,3000,tr,7.05,0.1,1.56847801e-06,1.56578602e-06,blind
T7,3000,tr,7.1,0.1,1.58078803e-06,1.66577914e-06,blind
T7,3000,tr,7.15,0.1,1.59307012e-06,1.65198236e-06,blind
T7,3000,tr,7.2,0.1,1.60532429e-06,1.56849402e-06,blind
T7,3000,tr,7.25,0.1,1.61755057e-06,1.5890187e-06,blind
T7,3000,tr,7.3,0.1,1.62974899e-06,1.61462952e-06,blind
T7,3000,tr,7.35,0.1,1.64191957e-06,1.65751153e-06,blind
T7,3000,tr,7.4,0.1,1.65406234e-06,1.69705452e-06,blind
T7,3000,tr,7.45,0.1,1.66617734e-06,1.67812792e-06,blind
T7,3000,tr,7.5,0.1,1.67826461e-06,1.68054877e-06,blind
T7,3000,tr,7.55,0.1,1.69032417e-06,1.76020147e-06,blind
T7,3000,tr,7.6,0.1,1.70235606e-06,1.68250234e-06,blind
T7,3000,tr,7.65,0.1,1.71436033e-06,1.6980335e-06,blind
T7,3000,tr,7.7,0.1,1.72633701e-06,1.76282879e-06,blind
T7,3000,tr,7.75,0.1,1.73828614e-06,1.835196e-06,blind
T7,3000,tr,7.8,0.1,1.75020776e-06,1.74216842e-06,blind
T7,3000,tr,7.85,0.1,1.76210193e-06,1.79490747e-06,blind
T7,3000,tr,7.9,0.1,1.77396868e-06,1.70841608e-06,blind
T7,3000,tr,7.95,0.1,1.78580806e-06,1.82580627e-06,blind
T7,3000,tr,8,0.1,1.79762012e-06,1.71600485e-06,blind
T7,3000,tr,-2,5,1.5e-12,1.42255579e-12,blind
T7,3000,tr,-1.95,5,1.5e-12,1.43853385e-12,blind
T7,3000,tr,-1.9,5,1.5e-12,1.5234033e-12,blind
T7,3000,tr,-1.85,5,1.5e-12,1.49304085e-12,blind
T7,3000,tr,-1.8,5,1.5e-12,1.49991109e-12,blind
T7,3000,tr,-1.75,5,1.5e-12,1.47085629e-12,blind
T7,3000,tr,-1.7,5,1.5e-12,1.5144446e-12,blind
T7,3000,tr,-1.65,5,1.5e-12,1.46369606e-12,blind
T7,3000,tr,-1.6,5,1.5e-12,1.47322548e-12,blind
T7,3000,tr,-1.55,5,1.5e-12,1.4855907e-12,blind
T7,3000,tr,-1.5,5,1.5e-12,1.44994989e-12,blind
T7,3000,tr,-1.45,5,1.5e-12,1.44895159e-12,blind
T7,3000,tr,-1.4,5,1.5e-12,1.47444448e-12,blind
T7,3000,tr,-1.35,5,1.5e-12,1.51094042e-12,blind
T7,3000,tr,-1.3,5,1.5e-12,1.49580014e-12,blind
T7,3000,tr,-1.25,5,1.5e-12,1.4603174e-12,blind
T7,3000,tr,-1.2,5,1.5e-12,1.54984075e-12,blind
T7,3000,tr,-1.15,5,1.5e-12,1.44506455e-12,blind
T7,3000,tr,-1.1,5,1.5e-12,1.51626966e-12,blind
T7,3000,tr,-1.05,5,1.5e-12,1.51602442e-12,blind
T7,3000,tr,-1,5,1.5e-12,1.50009764e-12,blind
T7,3000,tr,-0.95,5,1.5e-12,1.46322406e-12,blind
T7,3000,tr,-0.9,5,1.5e-12,1.47074784e-12,blind
T7,3000,tr,-0.85,5,1.5e-12,1.54956224e-12,blind
T7,3000,tr,-0.8,5,1.5e-12,1.47830552e-12,blind
T7,3000,tr,-0.75,5,1.5e-12,1.53678434e-12,blind
T7,3000,tr,-0.7,5,1.5e-12,1.5361327e-12,blind
T7,3000,tr,-0.65,5,1.5e-12,1.40047208e-12,blind
T7,3000,tr,-0.6,5,1.5e-12,1.46543725e-12,blind
T7,3000,tr,-0.55,5,1.50000001e-12,1.51679709e-12,blind
T7,3000,tr,-0.5,5,1.50000002e-12,1.46079882e-12,blind
T7,3000,tr,-0.45,5,1.50000005e-12,1.42055281e-12,blind
T7,3000,tr,-0.4,5,1.50000012e-12,1.52999707e-12,blind
T7,3000,tr,-0.35,5,1.50000028e-12,1.57238328e-12,blind
T7,3000,tr,-0.3,5,1.50000069e-12,1.47679862e-12,blind
T7,3000,tr,-0.25,5,1.50000166e-12,1.4115048e-12,blind
T7,3000,tr,-0.2,5,1.50000403e-12,1.41204827e-12,blind
T7,3000,tr,-0.15,5,1.50000977e-12,1.41569116e-12,blind
T7,3000,tr,-0.1,5,1.50002367e-12,1.53258518e-12,blind
T7,3000,tr,-0.05,5,1.50005737e-12,1.52205239e-12,blind
T7,3000,tr,1.20736754e-15,5,1.50013906e-12,1.41746675e-12,blind
T7,3000,tr,0.05,5,1.50033702e-12,1.50005144e-12,blind
T7,3000,tr,0.1,5,1.50104993e-12,1.41594706e-12,blind
T7,3000,tr,0.15,5,1.5025442e-12,1.45321216e-12,blind
T7,3000,tr,0.2,5,1.50616431e-12,1.49796984e-12,blind
T7,3000,tr,0.25,5,1.51493256e-12,1.57628945e-12,blind
T7,3000,tr,0.3,5,1.53616232e-12,1.6358431e-12,blind
T7,3000,tr,0.35,5,1.58753581e-12,1.60012525e-12,blind
T7,3000,tr,0.4,5,1.71175092e-12,1.66081705e-12,blind
T7,3000,tr,0.45,5,2.01171551e-12,1.99815668e-12,blind
T7,3000,tr,0.5,5,2.73474272e-12,2.770512e-12,blind
T7,3000,tr,0.55,5,4.47263885e-12,4.50921846e-12,blind
T7,3000,tr,0.6,5,8.63248928e-12,8.50579855e-12,blind
T7,3000,tr,0.65,5,1.85279228e-11,1.81716824e-11,blind
T7,3000,tr,0.7,5,4.18526643e-11,4.09158874e-11,blind
T7,3000,tr,0.75,5,9.61034885e-11,9.75153193e-11,blind
T7,3000,tr,0.8,5,2.19895731e-10,2.16864461e-10,blind
T7,3000,tr,0.85,5,4.94910168e-10,4.77577453e-10,blind
T7,3000,tr,0.9,5,1.08409844e-09,1.04190801e-09,blind
T7,3000,tr,0.95,5,2.28820449e-09,2.28133823e-09,blind
T7,3000,tr,1,5,4.6100344e-09,4.66129036e-09,blind
T7,3000,tr,1.05,5,8.79600632e-09,8.42844725e-09,blind
T7,3000,tr,1.1,5,1.58149433e-08,1.63105615e-08,blind
T7,3000,tr,1.15,5,2.67579248e-08,2.47418883e-08,blind
T7,3000,tr,1.2,5,4.26927473e-08,4.41263344e-08,blind
T7,3000,tr,1.25,5,6.45365187e-08,6.65815721e-08,blind
T7,3000,tr,1.3,5,9.29912026e-08,9.15300385e-08,blind
T7,3000,tr,1.35,5,1.28544004e-07,1.31328865e-07,blind
T7,3000,tr,1.4,5,1.71506698e-07,1.75041395e-07,blind
T7,3000,tr,1.45,5,2.22066016e-07,2.18316844e-07,blind
T7,3000,tr,1.5,5,2.80328189e-07,2.82574582e-07,blind
T7,3000,tr,1.55,5,3.46351781e-07,3.38979829e-07,blind
T7,3000,tr,1.6,5,4.20169202e-07,4.2573504e-07,blind
T7,3000,tr,1.65,5,5.017996e-07,5.05013056e-07,blind
T7,3000,tr,1.7,5,5.91255964e-07,5.59038656e-07,blind
T7,3000,tr,1.75,5,6.88548682e-07,6.78399575e-07,blind
T7,3000,tr,1.8,5,7.93687067e-07,7.81231941e-07,blind
T7,3000,tr,1.85,5,9.06679801e-07,9.30426375e-07,blind
T7,3000,tr,1.9,5,1.02753488e-06,1.02841893e-06,blind
T7,3000,tr,1.95,5,1.15625936e-06,1.18937986e-06,blind
T7,3000,tr,2,5,1.29285901e-06,1.27698082e-06,blind
T7,3000,tr,2.05,5,1.43733808e-06,1.40547532e-06,blind
T7,3000,tr,2.1,5,1.58969908e-06,1.57458177e-06,blind
T7,3000,tr,2.15,5,1.74994257e-06,1.82231287e-06,blind
T7,3000,tr,2.2,5,1.9180671e-06,1.93257726e-06,blind
T7,3000,tr,2.25,5,2.09406915e-06,2.10203536e-06,blind
T7,3000,tr,2.3,5,2.27794303e-06,2.30504861e-06,blind
T7,3000,tr,2.35,5,2.46968095e-06,2.51373853e-06,blind
T7,3000,tr,2.4,5,2.66927296e-06,2.63926266e-06,blind
T7,3000,tr,2.45,5,2.87670697e-06,2.91917396e-06,blind
T7,3000,tr,2.5,5,3.09196877e-06,2.98795669e-06,blind
T7,3000,tr,2.55,5,3.315042e-06,3.35009551e-06,blind
T7,3000,tr,2.6,5,3.54590822e-06,3.49953408e-06,blind
T7,3000,tr,2.65,5,3.78454686e-06,3.76755222e-06,blind
T7,3000,tr,2.7,5,4.03093521e-06,3.9552409e-06,blind
T7,3000,tr,2.75,5,4.28504847e-06,4.52767018e-06,blind
T7,3000,tr,2.8,5,4.54685969e-06,4.72906002e-06,blind
T7,3000,tr,2.85,5,4.81633978e-06,4.9135855e-06,blind
T7,3000,tr,2.9,5,5.09345748e-06,4.9798488e-06,blind
T7,3000,tr,2.95,5,5.37817938e-06,5.3088117e-06,blind
T7,3000,tr,3,5,5.67046985e-06,5.66776775e-06,blind
T7,3000,tr,3.05,5,5.97029105e-06,5.82846205e-06,blind
T7,3000,tr,3.1,5,6.27760293e-06,6.3053579e-06,blind
T7,3000,tr,3.15,5,6.59236317e-06,6.63690062e-06,blind
T7,3000,tr,3.2,5,6.91452719e-06,7.00588957e-06,blind
T7,3000,tr,3.25,5,7.24404814e-06,7.85867623e-06,blind
T7,3000,tr,3.3,5,7.58087687e-06,7.48908329e-06,blind
T7,3000,tr,3.35,5,7.92496194e-06,7.67883804e-06,blind
T7,3000,tr,3.4,5,8.2762496e-06,8.38409249e-06,blind
T7,3000,tr,3.45,5,8.63468381e-06,9.161904e-06,blind
T7,3000,tr,3.5,5,9.00020621e-06,9.37858679e-06,blind
T7,3000,tr,3.55,5,9.37275617e-06,9.36610681e-06,blind
T7,3000,tr,3.6,5,9.75227078e-06,9.762902e-06,blind
T7,3000,tr,3.65,5,1.01386849e-05,1.03246405e-05,blind
T7,3000,tr,3.7,5,1.0531931e-05,1.04598711e-05,blind
T7,3000,tr,3.75,5,1.09319396e-05,1.12534135e-05,blind
T7,3000,tr,3.8,5,1.13386388e-05,1.09413865e-05,blind
T7,3000,tr,3.85,5,1.17519547e-05,1.15565273e-05,blind
T7,3000,tr,3.9,5,1.21718114e-05,1.21531023e-05,blind
T7,3000,tr,3.95,5,1.25981308e-05,1.25059871e-05,blind
T7,3000,tr,4,5,1.30308328e-05,1.35031828e-05,blind
T7,3000,tr,4.05,5,1.34698356e-05,1.37602518e-05,blind
T7,3000,tr,4.1,5,1.39150552e-05,1.41220601e-05,blind
T7,3000,tr,4.15,5,1.43664061e-05,1.40769124e-05,blind
T7,3000,tr,4.2,5,1.48238011e-05,1.51831152e-05,blind
T7,3000,tr,4.25,5,1.5287151e-05,1.56696159e-05,blind
T7,3000,tr,4.3,5,1.57563656e-05,1.52748147e-05,blind
T7,3000,tr,4.35,5,1.62313527e-05,1.68325062e-05,blind
T7,3000,tr,4.4,5,1.6712019e-05,1.63804706e-05,blind
T7,3000,tr,4.45,5,1.71982699e-05,1.70464183e-05,blind
T7,3000,tr,4.5,5,1.76900095e-05,1.80745819e-05,blind
T7,3000,tr,4.55,5,1.81871408e-05,1.77000136e-05,blind
T7,3000,tr,4.6,5,1.86895658e-05,1.77412739e-05,blind
T7,3000,tr,4.65,5,1.91971857e-05,1.97340085e-05,blind
T7,3000,tr,4.7,5,1.97099007e-05,2.06102611e-05,blind
T7,3000,tr,4.75,5,2.02276102e-05,1.94543876e-05,blind
T7,3000,tr,4.8,5,2.07502134e-05,2.1981884e-05,blind
T7,3000,tr,4.85,5,2.12776084e-05,2.07816658e-05,blind
T7,3000,tr,4.9,5,2.18096933e-05,2.25732749e-05,blind
T7,3000,tr,4.95,5,2.23463657e-05,2.24005371e-05,blind
T7,3000,tr,5,5,2.28875229e-05,2.31201189e-05,blind
T7,3000,tr,5.05,5,2.34330621e-05,2.414872e-05,blind
T7,3000,tr,5.1,5,2.39828805e-05,2.34033229e-05,blind
T7,3000,tr,5.15,5,2.45368753e-05,2.41944536e-05,blind
T7,3000,tr,5.2,5,2.50949437e-05,2.36978016e-05,blind
T7,3000,tr,5.25,5,2.56569832e-05,2.47571516e-05,blind
T7,3000,tr,5.3,5,2.62228916e-05,2.52165223e-05,blind
T7,3000,tr,5.35,5,2.67925671e-05,2.85526789e-05,blind
T7,3000,tr,5.4,5,2.73659082e-05,2.65561471e-05,blind
T7,3000,tr,5.45,5,2.79428141e-05,2.83229924e-05,blind
T7,3000,tr,5.5,5,2.85231844e-05,2.77532332e-05,blind
T7,3000,tr,5.55,5,2.91069194e-05,2.90274991e-05,blind
T7,3000,tr,5.6,5,2.96939203e-05,3.14473829e-05,blind
T7,3000,tr,5.65,5,3.02840888e-05,3.1076011e-05,blind
T7,3000,tr,5.7,5,3.08773278e-05,3.14381989e-05,blind
T7,3000,tr,5.75,5,3.14735407e-05,3.18163875e-05,blind
T7,3000,tr,5.8,5,3.20726321e-05,3.18798627e-05,blind
T7,3000,tr,5.85,5,3.26745076e-05,3.38301631e-05,blind
T7,3000,tr,5.9,5,3.32790737e-05,3.16632342e-05,blind
T7,3000,tr,5.95,5,3.38862383e-05,3.3745391e-05,blind
T7,3000,tr,6,5,3.44959099e-05,3.40224342e-05,blind
T7,3000,tr,6.05,5,3.51079988e-05,3.55548324e-05,blind
T7,3000,tr,6.1,5,3.5722416e-05,3.64651184e-05,blind
T7,3000,tr,6.15,5,3.6339074e-05,3.65602468e-05,blind
T7,3000,tr,6.2,5,3.69578864e-05,3.61453456e-05,blind
T7,3000,tr,6.25,5,3.75787683e-05,3.44309598e-05,blind
T7,3000,tr,6.3,5,3.82016358e-05,3.85603723e-05,blind
T7,3000,tr,6.35,5,3.88264067e-05,3.97241938e-05,blind
T7,3000,tr,6.4,5,3.94529998e-05,4.00897305e-05,blind
T7,3000,tr,6.45,5,4.00813355e-05,3.89883141e-05,blind
T7,3000,tr,6.5,5,4.07113355e-05,4.14565383e-05,blind
T7,3000,tr,6.55,5,4.13429227e-05,4.22579842e-05,blind
T7,3000,tr,6.6,5,4.19760217e-05,4.31273326e-05,blind
T7,3000,tr,6.65,5,4.26105584e-05,4.42578981e-05,blind
T7,3000,tr,6.7,5,4.32464599e-05,4.37041709e-05,blind
T7,3000,tr,6.75,5,4.3883655e-05,4.42630428e-05,blind
T7,3000,tr,6.8,5,4.45220736e-05,4.14106582e-05,blind
T7,3000,tr,6.85,5,4.51616473e-05,4.80775567e-05,blind
T7,3000,tr,6.9,5,4.58023088e-05,4.56806997e-05,blind
T7,3000,tr,6.95,5,4.64439925e-05,4.7036158e-05,blind
T7,3000,tr,7,5,4.7086634e-05,4.76956539e-05,blind
T7,3000,tr,7.05,5,4.77301702e-05,4.71451842e-05,blind
T7,3000,tr,7.1,5,4.83745396e-05,4.96892995e-05,blind
T7,3000,tr,7.15,5,4.90196818e-05,5.00698e-05,blind
T7,3000,tr,7.2,5,4.9665538e-05,4.97899052e-05,blind
T7,3000,tr,7.25,5,5.03120506e-05,5.20160247e-05,blind
T7,3000,tr,7.3,5,5.09591634e-05,5.2117819e-05,blind
T7,3000,tr,7.35,5,5.16068213e-05,4.93793717e-05,blind
T7,3000,tr,7.4,5,5.22549708e-05,5.0640555e-05,blind
T7,3000,tr,7.45,5,5.29035594e-05,5.58342971e-05,blind
T7,3000,tr,7.5,5,5.35525361e-05,5.47718969e-05,blind
T7,3000,tr,7.55,5,5.4201851e-05,5.73678787e-05,blind
T7,3000,tr,7.6,5,5.48514555e-05,5.54956681e-05,blind
T7,3000,tr,7.65,5,5.55013021e-05,5.40941927e-05,blind
T7,3000,tr,7.7,5,5.61513446e-05,5.53188491e-05,blind
T7,3000,tr,7.75,5,5.6801538e-05,5.49517502e-05,blind
T7,3000,tr,7.8,5,5.74518384e-05,5.84359889e-05,blind
T7,3000,tr,7.85,5,5.8102203e-05,5.77515631e-05,blind
T7,3000,tr,7.9,5,5.87525901e-05,6.04734421e-05,blind
T7,3000,tr,7.95,5,5.94029594e-05,6.00523071e-05,blind
T7,3000,tr,8,5,6.00532712e-05,6.06961292e-05,blind
T8,3000,tr,-2,0.1,2.02e-14,2.24260728e-14,blind
T8,3000,tr,-1.95,0.1,2.02e-14,2.45806033e-14,blind
T8,3000,tr,-1.9,0.1,2.02e-14,2.24304228e-14,blind
T8,3000,tr,-1.85,0.1,2.02e-14,2.13049523e-14,blind
T8,3000,tr,-1.8,0.1,2.02e-14,2.23637951e-14,blind
T8,3000,tr,-1.75,0.1,2.02e-14,3.1930136e-14,blind
T8,3000,tr,-1.7,0.1,2.02e-14,2.58199353e-14,blind
T8,3000,tr,-1.65,0.1,2.02e-14,2.58325486e-14,blind
T8,3000,tr,-1.6,0.1,2.02e-14,1.56739048e-14,blind
T8,3000,tr,-1.55,0.1,2.02e-14,3.35759565e-14,blind
T8,3000,tr,-1.5,0.1,2.02e-14,2.91919463e-14,blind
T8,3000,tr,-1.45,0.1,2.02e-14,1.4741828e-14,blind
T8,3000,tr,-1.4,0.1,2.02e-14,2.44116068e-14,blind
T8,3000,tr,-1.35,0.1,2.02e-14,2.95009937e-14,blind
T8,3000,tr,-1.3,0.1,2.02e-14,2.39799747e-14,blind
T8,3000,tr,-1.25,0.1,2.02e-14,1.74329386e-14,blind
T8,3000,tr,-1.2,0.1,2.02e-14,1.54123268e-14,blind
T8,3000,tr,-1.15,0.1,2.02e-14,3.25281447e-14,blind
T8,3000,tr,-1.1,0.1,2.02e-14,2.27691787e-14,blind
T8,3000,tr,-1.05,0.1,2.02e-14,2.90760091e-14,blind
T8,3000,tr,-1,0.1,2.02e-14,2.61921437e-14,blind
T8,3000,tr,-0.95,0.1,2.02e-14,2.32197892e-14,blind
T8,3000,tr,-0.9,0.1,2.02e-14,2.58003436e-14,blind
T8,3000,tr,-0.85,0.1,2.02e-14,2.69066383e-14,blind
T8,3000,tr,-0.8,0.1,2.02e-14,2.24482241e-14,blind
T8,3000,tr,-0.75,0.1,2.02e-14,1.55261929e-14,blind
T8,3000,tr,-0.7,0.1,2.02e-14,1.10875306e-14,blind
T8,3000,tr,-0.65,0.1,2.02e-14,2.8448127e-14,blind
T8,3000,tr,-0.6,0.1,2.02e-14,1.39208945e-14,blind
T8,3000,tr,-0.55,0.1,2.02000001e-14,1.77514091e-14,blind
T8,3000,tr,-0.5,0.1,2.02000002e-14,1.43826695e-14,blind
T8,3000,tr,-0.45,0.1,2.02000005e-14,2.6018681e-14,blind
T8,3000,tr,-0.4,0.1,2.02000011e-14,2.32837043e-14,blind
T8,3000,tr,-0.35,0.1,2.02000026e-14,1.86921301e-14,blind
T8,3000,tr,-0.3,0.1,2.0200006e-14,1.30034178e-14,blind
T8,3000,tr,-0.25,0.1,2.02000137e-14,1.47572585e-14,blind
T8,3000,tr,-0.2,0.1,2.02000315e-14,2.87837245e-14,blind
T8,3000,tr,-0.15,0.1,2.02000726e-14,2.16742197e-14,blind
T8,3000,tr,-0.1,0.1,2.02001669e-14,2.415821e-14,blind
T8,3000,tr,-0.05,0.1,2.02003839e-14,1.46215977e-14,blind
T8,3000,tr,1.20736754e-15,0.1,2.0200883e-14,2.07837972e-14,blind
T8,3000,tr,0.05,0.1,2.02020311e-14,1.62887927e-14,blind
T8,3000,tr,0.1,0.1,2.02058623e-14,2.0116902e-14,blind
T8,3000,tr,0.15,0.1,2.02134836e-14,1.05154023e-14,blind
T8,3000,tr,0.2,0.1,2.02310129e-14,3.19645847e-14,blind
T8,3000,tr,0.25,0.1,2.027133e-14,1.96334726e-14,blind
T8,3000,tr,0.3,0.1,2.03640563e-14,2.37828746e-14,blind
T8,3000,tr,0.35,0.1,2.05773112e-14,1.40813501e-14,blind
T8,3000,tr,0.4,0.1,2.10677328e-14,2.40547659e-14,blind
T8,3000,tr,0.45,0.1,2.21954564e-14,2.78757419e-14,blind
T8,3000,tr,0.5,0.1,2.47883244e-14,3.12827371e-14,blind
T8,3000,tr,0.55,0.1,3.07487427e-14,3.50976522e-14,blind
T8,3000,tr,0.6,0.1,4.44466173e-14,4.53805349e-14,blind
T8,3000,tr,0.65,0.1,7.59134637e-14,7.49749642e-14,blind
T8,3000,tr,0.7,0.1,1.48156135e-13,1.5811895e-13,blind
T8,3000,tr,0.75,0.1,3.13867785e-13,3.19902109e-13,blind
T8,3000,tr,0.8,0.1,6.93490742e-13,7.12475143e-13,blind
T8,3000,tr,0.85,0.1,1.56151403e-12,1.50020928e-12,blind
T8,3000,tr,0.9,0.1,3.54080915e-12,3.36059795e-12,blind
T8,3000,tr,0.95,0.1,8.03593229e-12,8.70219823e-12,blind
T8,3000,tr,1,0.1,1.81852829e-11,1.81663205e-11,blind
T8,3000,tr,1.05,0.1,4.0909411e-11,4.10934297e-11,blind
T8,3000,tr,1.1,0.1,9.1182958e-11,9.48589254e-11,blind
T8,3000,tr,1.15,0.1,2.00550822e-10,1.93954916e-10,blind
T8,3000,tr,1.2,0.1,4.33010527e-10,4.12810484e-10,blind
T8,3000,tr,1.25,0.1,9.11688269e-10,8.95440261e-10,blind
T8,3000,tr,1.3,0.1,1.85546559e-09,1.85946479e-09,blind
T8,3000,tr,1.35,0.1,3.60506681e-09,3.5524462e-09,blind
T8,3000,tr,1.4,0.1,6.57572477e-09,6.47605533e-09,blind
T8,3000,tr,1.45,0.1,1.10865793e-08,1.12156237e-08,blind
T8,3000,tr,1.5,0.1,1.7199136e-08,1.67225972e-08,blind
T8,3000,tr,1.55,0.1,2.47502901e-08,2.43000278e-08,blind
T8,3000,tr,1.6,0.1,3.34944646e-08,3.338568e-08,blind
T8,3000,tr,1.65,0.1,4.31950552e-08,4.06133907e-08,blind
T8,3000,tr,1.7,0.1,5.36514895e-08,5.54683878e-08,blind
T8,3000,tr,1.75,0.1,6.4701041e-08,6.2950641e-08,blind
T8,3000,tr,1.8,0.1,7.62148677e-08,7.7753287e-08,blind
T8,3000,tr,1.85,0.1,8.80928912e-08,9.26994264e-08,blind
T8,3000,tr,1.9,0.1,1.00258478e-07,9.81216288e-08,blind
T8,3000,tr,1.95,0.1,1.12653437e-07,1.12989548e-07,blind
T8,3000,tr,2,0.1,1.25233682e-07,1.23603029e-07,blind
T8,3000,tr,2.05,0.1,1.37965702e-07,1.34863813e-07,blind
T8,3000,tr,2.1,0.1,1.5082382e-07,1.39917267e-07,blind
T8,3000,tr,2.15,0.1,1.63788118e-07,1.64677447e-07,blind
T8,3000,tr,2.2,0.1,1.76842917e-07,1.72395784e-07,blind
T8,3000,tr,2.25,0.1,1.89975659e-07,1.90771321e-07,blind
T8,3000,tr,2.3,0.1,2.03176103e-07,1.98477388e-07,blind
T8,3000,tr,2.35,0.1,2.16435745e-07,2.11252375e-07,blind
T8,3000,tr,2.4,0.1,2.29747399e-07,2.23547359e-07,blind
T8,3000,tr,2.45,0.1,2.43104896e-07,2.60947802e-07,blind
T8,3000,tr,2.5,0.1,2.56502857e-07,2.69578523e-07,blind
T8,3000,tr,2.55,0.1,2.69936539e-07,2.92763208e-07,blind
T8,3000,tr,2.6,0.1,2.83401709e-07,2.95091102e-07,blind
T8,3000,tr,2.65,0.1,2.96894558e-07,3.04690703e-07,blind
T8,3000,tr,2.7,0.1,3.10411629e-07,3.25051247e-07,blind
T8,3000,tr,2.75,0.1,3.23949766e-07,3.38247408e-07,blind
T8,3000,tr,2.8,0.1,3.37506073e-07,3.39241549e-07,blind
T8,3000,tr,2.85,0.1,3.51077877e-07,3.58776115e-07,blind
T8,3000,tr,2.9,0.1,3.64662709e-07,3.59888623e-07,blind
T8,3000,tr,2.95,0.1,3.78258272e-07,3.81358525e-07,blind
T8,3000,tr,3,0.1,3.91862432e-07,3.95640264e-07,blind
T8,3000,tr,3.05,0.1,4.05473193e-07,4.07677607e-07,blind
T8,3000,tr,3.1,0.1,4.19088695e-07,4.31975437e-07,blind
T8,3000,tr,3.15,0.1,4.3270719e-07,4.23422996e-07,blind
T8,3000,tr,3.2,0.1,4.46327042e-07,4.39800695e-07,blind
T8,3000,tr,3.25,0.1,4.59946714e-07,4.54185503e-07,blind
T8,3000,tr,3.3,0.1,4.73564758e-07,4.81514854e-07,blind
T8,3000,tr,3.35,0.1,4.87179813e-07,4.8366807e-07,blind
T8,3000,tr,3.4,0.1,5.00790595e-07,5.32531594e-07,blind
T8,3000,tr,3.45,0.1,5.14395892e-07,5.18305348e-07,blind
T8,3000,tr,3.5,0.1,5.27994561e-07,5.51339776e-07,blind
T8,3000,tr,3.55,0.1,5.4158552e-07,5.55388578e-07,blind
T8,3000,tr,3.6,0.1,5.55167747e-07,5.82069645e-07,blind
T8,3000,tr,3.65,0.1,5.68740274e-07,5.33962952e-07,blind
T8,3000,tr,3.7,0.1,5.82302183e-07,5.84307533e-07,blind
T8,3000,tr,3.75,0.1,5.95852607e-07,5.8905669e-07,blind
T8,3000,tr,3.8,0.1,6.09390721e-07,6.10900026e-07,blind
T8,3000,tr,3.85,0.1,6.22915745e-07,6.33003327e-07,blind
T8,3000,tr,3.9,0.1,6.36426936e-07,6.3468344e-07,blind
T8,3000,tr,3.95,0.1,6.4992359e-07,6.24826135e-07,blind
T8,3000,tr,4,0.1,6.63405039e-07,6.7370785e-07,blind
T8,3000,tr,4.05,0.1,6.76870648e-07,6.47996869e-07,blind
T8,3000,tr,4.1,0.1,6.90319811e-07,7.1717996e-07,blind
T8,3000,tr,4.15,0.1,7.03751956e-07,6.92977843e-07,blind
T8,3000,tr,4.2,0.1,7.17166535e-07,7.31578522e-07,blind
T8,3000,tr,4.25,0.1,7.3056303e-07,7.56799012e-07,blind
T8,3000,tr,4.3,0.1,7.43940947e-07,7.52948968e-07,blind
T8,3000,tr,4.35,0.1,7.57299816e-07,7.5175158e-07,blind
T8,3000,tr,4.4,0.1,7.70639188e-07,7.7928882e-07,blind
T8,3000,tr,4.45,0.1,7.8395864e-07,7.76757607e-07,blind
T8,3000,tr,4.5,0.1,7.97257764e-07,7.96957737e-07,blind
T8,3000,tr,4.55,0.1,8.10536177e-07,7.85244089e-07,blind
T8,3000,tr,4.6,0.1,8.23793512e-07,8.01113807e-07,blind
T8,3000,tr,4.65,0.1,8.37029418e-07,7.94540777e-07,blind
T8,3000,tr,4.7,0.1,8.50243564e-07,8.41906936e-07,blind
T8,3000,tr,4.75,0.1,8.63435634e-07,8.65029666e-07,blind
T8,3000,tr,4.8,0.1,8.76605327e-07,8.6198205e-07,blind
T8,3000,tr,4.85,0.1,8.89752357e-07,8.60413396e-07,blind
T8,3000,tr,4.9,0.1,9.02876451e-07,9.32630976e-07,blind
T8,3000,tr,4.95,0.1,9.15977353e-07,9.27264457e-07,blind
T8,3000,tr,5,0.1,9.29054815e-07,9.71433643e-07,blind
T8,3000,tr,5.05,0.1,9.42108604e-07,1.00572348e-06,blind
T8,3000,tr,5.1,0.1,9.55138498e-07,8.93029588e-07,blind
T8,3000,tr,5.15,0.1,9.68144287e-07,9.69938787e-07,blind
T8,3000,tr,5.2,0.1,9.81125771e-07,1.00371951e-06,blind
T8,3000,tr,5.25,0.1,9.9408276e-07,9.90697575e-07,blind
T8,3000,tr,5.3,0.1,1.00701507e-06,9.924816e-07,blind
T8,3000,tr,5.35,0.1,1.01992255e-06,1.06494865e-06,blind
T8,3000,tr,5.4,0.1,1.03280501e-06,1.0398791e-06,blind
T8,3000,tr,5.45,0.1,1.04566232e-06,1.02717997e-06,blind
T8,3000,tr,5.5,0.1,1.05849432e-06,1.04538664e-06,blind
T8,3000,tr,5.55,0.1,1.07130089e-06,1.12006241e-06,blind
T8,3000,tr,5.6,0.1,1.08408189e-06,1.06720705e-06,blind
T8,3000,tr,5.65,0.1,1.0968372e-06,1.12950365e-06,blind
T8,3000,tr,5.7,0.1,1.10956671e-06,1.15863352e-06,blind
T8,3000,tr,5.75,0.1,1.12227032e-06,1.12628876e-06,blind
T8,3000,tr,5.8,0.1,1.13494791e-06,1.1000848e-06,blind
T8,3000,tr,5.85,0.1,1.1475994e-06,1.17516048e-06,blind
T8,3000,tr,5.9,0.1,1.1602247e-06,1.12841058e-06,blind
T8,3000,tr,5.95,0.1,1.17282373e-06,1.14621189e-06,blind
T8,3000,tr,6,0.1,1.18539641e-06,1.20881069e-06,blind
T8,3000,tr,6.05,0.1,1.19794267e-06,1.20538942e-06,blind
T8,3000,tr,6.1,0.1,1.21046244e-06,1.21512429e-06,blind
T8,3000,tr,6.15,0.1,1.22295567e-06,1.21951915e-06,blind
T8,3000,tr,6.2,0.1,1.23542229e-06,1.23290836e-06,blind
T8,3000,tr,6.25,0.1,1.24786226e-06,1.19719238e-06,blind
T8,3000,tr,6.3,0.1,1.26027552e-06,1.25099462e-06,blind
T8,3000,tr,6.35,0.1,1.27266204e-06,1.24294093e-06,blind
T8,3000,tr,6.4,0.1,1.28502178e-06,1.24641701e-06,blind
T8,3000,tr,6.45,0.1,1.2973547e-06,1.28500216e-06,blind
T8,3000,tr,6.5,0.1,1.30966077e-06,1.2899271e-06,blind
T8,3000,tr,6.55,0.1,1.32193996e-06,1.37567332e-06,blind
T8,3000,tr,6.6,0.1,1.33419226e-06,1.36546535e-06,blind
T8,3000,tr,6.65,0.1,1.34641764e-06,1.40933709e-06,blind
T8,3000,tr,6.7,0.1,1.35861609e-06,1.36691628e-06,blind
T8,3000,tr,6.75,0.1,1.37078759e-06,1.40656971e-06,blind
T8,3000,tr,6.8,0.1,1.38293213e-06,1.40056037e-06,blind
T8,3000,tr,6.85,0.1,1.3950497e-06,1.4540451e-06,blind
T8,3000,tr,6.9,0.1,1.40714031e-06,1.44319035e-06,blind
T8,3000,tr,6.95,0.1,1.41920394e-06,1.43948234e-06,blind
T8,3000,tr,7,0.1,1.43124061e-06,1.45313585e-06,blind
T8,3000,tr,7.05,0.1,1.44325031e-06,1.43696226e-06,blind
T8,3000,tr,7.1,0.1,1.45523305e-06,1.52137719e-06,blind
T8,3000,tr,7.15,0.1,1.46718884e-06,1.47303917e-06,blind
T8,3000,tr,7.2,0.1,1.47911768e-06,1.44398627e-06,blind
T8,3000,tr,7.25,0.1,1.49101961e-06,1.48779295e-06,blind
T8,3000,tr,7.3,0.1,1.50289462e-06,1.56552109e-06,blind
T8,3000,tr,7.35,0.1,1.51474274e-06,1.57083032e-06,blind
T8,3000,tr,7.4,0.1,1.52656398e-06,1.54395984e-06,blind
T8,3000,tr,7.45,0.1,1.53835838e-06,1.57787024e-06,blind
T8,3000,tr,7.5,0.1,1.55012594e-06,1.62105736e-06,blind
T8,3000,tr,7.55,0.1,1.5618667e-06,1.65068249e-06,blind
T8,3000,tr,7.6,0.1,1.57358069e-06,1.54249163e-06,blind
T8,3000,tr,7.65,0.1,1.58526792e-06,1.58220696e-06,blind
T8,3000,tr,7.7,0.1,1.59692844e-06,1.61000925e-06,blind
T8,3000,tr,7.75,0.1,1.60856227e-06,1.66888992e-06,blind
T8,3000,tr,7.8,0.1,1.62016946e-06,1.56913582e-06,blind
T8,3000,tr,7.85,0.1,1.63175002e-06,1.6859907e-06,blind
T8,3000,tr,7.9,0.1,1.643304e-06,1.68301586e-06,blind
T8,3000,tr,7.95,0.1,1.65483144e-06,1.71365638e-06,blind
T8,3000,tr,8,0.1,1.66633238e-06,1.651465e-06,blind
T8,3000,tr,-2,5,1.5e-12,1.5939925e-12,blind
T8,3000,tr,-1.95,5,1.5e-12,1.50465488e-12,blind
T8,3000,tr,-1.9,5,1.5e-12,1.51916281e-12,blind
T8,3000,tr,-1.85,5,1.5e-12,1.48645469e-12,blind
T8,3000,tr,-1.8,5,1.5e-12,1.52914852e-12,blind
T8,3000,tr,-1.75,5,1.5e-12,1.5531141e-12,blind
T8,3000,tr,-1.7,5,1.5e-12,1.58734084e-12,blind
T8,3000,tr,-1.65,5,1.5e-12,1.46880078e-12,blind
T8,3000,tr,-1.6,5,1.5e-12,1.4900374e-12,blind
T8,3000,tr,-1.55,5,1.5e-12,1.51049725e-12,blind
T8,3000,tr,-1.5,5,1.5e-12,1.48291173e-12,blind
T8,3000,tr,-1.45,5,1.5e-12,1.48361895e-12,blind
T8,3000,tr,-1.4,5,1.5e-12,1.46777374e-12,blind
T8,3000,tr,-1.35,5,1.5e-12,1.57684632e-12,blind
T8,3000,tr,-1.3,5,1.5e-12,1.49882343e-12,blind
T8,3000,tr,-1.25,5,1.5e-12,1.54087684e-12,blind
T8,3000,tr,-1.2,5,1.5e-12,1.46203505e-12,blind
T8,3000,tr,-1.15,5,1.5e-12,1.53734183e-12,blind
T8,3000,tr,-1.1,5,1.5e-12,1.51097902e-12,blind
T8,3000,tr,-1.05,5,1.5e-12,1.52235673e-12,blind
T8,3000,tr,-1,5,1.5e-12,1.58002094e-12,blind
T8,3000,tr,-0.95,5,1.5e-12,1.50610716e-12,blind
T8,3000,tr,-0.9,5,1.5e-12,1.44849433e-12,blind
T8,3000,tr,-0.85,5,1.5e-12,1.41340252e-12,blind
T8,3000,tr,-0.8,5,1.5e-12,1.49052695e-12,blind
T8,3000,tr,-0.75,5,1.5e-12,1.55596887e-12,blind
T8,3000,tr,-0.7,5,1.5e-12,1.47551196e-12,blind
T8,3000,tr,-0.65,5,1.5e-12,1.455665e-12,blind
T8,3000,tr,-0.6,5,1.5e-12,1.5048975e-12,blind
T8,3000,tr,-0.55,5,1.5e-12,1.49600444e-12,blind
T8,3000,tr,-0.5,5,1.5e-12,1.51068962e-12,blind
T8,3000,tr,-0.45,5,1.5e-12,1.55759538e-12,blind
T8,3000,tr,-0.4,5,1.50000001e-12,1.49717099e-12,blind
T8,3000,tr,-0.35,5,1.50000001e-12,1.51629304e-12,blind
T8,3000,tr,-0.3,5,1.50000003e-12,1.51736646e-12,blind
T8,3000,tr,-0.25,5,1.50000008e-12,1.53822296e-12,blind
T8,3000,tr,-0.2,5,1.50000018e-12,1.53234059e-12,blind
T8,3000,tr,-0.15,5,1.50000041e-12,1.47187802e-12,blind
T8,3000,tr,-0.1,5,1.50000094e-12,1.47245808e-12,blind
T8,3000,tr,-0.05,5,1.50000216e-12,1.58042161e-12,blind
T8,3000,tr,1.20736754e-15,5,1.50000496e-12,1.50729597e-12,blind
T8,3000,tr,0.05,5,1.50001141e-12,1.46999583e-12,blind
T8,3000,tr,0.1,5,1.50003293e-12,1.50659509e-12,blind
T8,3000,tr,0.15,5,1.50007574e-12,1.52904418e-12,blind
T8,3000,tr,0.2,5,1.5001742e-12,1.52323654e-12,blind
T8,3000,tr,0.25,5,1.50040064e-12,1.43785593e-12,blind
T8,3000,tr,0.3,5,1.50092139e-12,1.530364e-12,blind
T8,3000,tr,0.35,5,1.50211886e-12,1.42130319e-12,blind
T8,3000,tr,0.4,5,1.50487209e-12,1.48799723e-12,blind
T8,3000,tr,0.45,5,1.51120122e-12,1.47617275e-12,blind
T8,3000,tr,0.5,5,1.52574663e-12,1.47693491e-12,blind
T8,3000,tr,0.55,5,1.5591611e-12,1.51195399e-12,blind
T8,3000,tr,0.6,5,1.63587737e-12,1.65160942e-12,blind
T8,3000,tr,0.65,5,1.81185804e-12,1.80580249e-12,blind
T8,3000,tr,0.7,5,2.21503076e-12,2.08357037e-12,blind
T8,3000,tr,0.75,5,3.1369847e-12,3.0056167e-12,blind
T8,3000,tr,0.8,5,5.23953113e-12,5.05864261e-12,blind
T8,3000,tr,0.85,5,1.00154816e-11,9.88300993e-12,blind
T8,3000,tr,0.9,5,2.08018878e-11,1.95629259e-11,blind
T8,3000,tr,0.95,5,4.49619713e-11,4.62070326e-11,blind
T8,3000,tr,1,5,9.84426617e-11,9.36502857e-11,blind
T8,3000,tr,1.05,5,2.14882297e-10,2.18375123e-10,blind
T8,3000,tr,1.1,5,4.62682848e-10,4.35243934e-10,blind
T8,3000,tr,1.15,5,9.7417813e-10,9.85589957e-10,blind
T8,3000,tr,1.2,5,1.98912545e-09,1.9665211e-09,blind
T8,3000,tr,1.25,5,3.90723729e-09,4.0059221e-09,blind
T8,3000,tr,1.3,5,7.33111653e-09,7.30332615e-09,blind
T8,3000,tr,1.35,5,1.30703088e-08,1.31466339e-08,blind
T8,3000,tr,1.4,5,2.20849506e-08,2.22061694e-08,blind
T8,3000,tr,1.45,5,3.53781585e-08,3.44978274e-08,blind
T8,3000,tr,1.5,5,5.38777848e-08,5.30535924e-08,blind
T8,3000,tr,1.55,5,7.83518198e-08,7.95046962e-08,blind
T8,3000,tr,1.6,5,1.09376972e-07,1.11583118e-07,blind
T8,3000,tr,1.65,5,1.47351759e-07,1.47709511e-07,blind
T8,3000,tr,1.7,5,1.92532851e-07,1.89384318e-07,blind
T8,3000,tr,1.75,5,2.45075982e-07,2.510114e-07,blind
T8,3000,tr,1.8,5,3.05071021e-07,3.16195521e-07,blind
T8,3000,tr,1.85,5,3.72567877e-07,3.77251394e-07,blind
T8,3000,tr,1.9,5,4.47593795e-07,4.45695623e-07,blind
T8,3000,tr,1.95,5,5.30164033e-07,5.02284803e-07,blind
T8,3000,tr,2,5,6.20287981e-07,5.93626805e-07,blind
T8,3000,tr,2.05,5,7.17972394e-07,7.20917424e-07,blind
T8,3000,tr,2.1,5,8.23222886e-07,8.33085344e-07,blind
T8,3000,tr,2.15,5,9.36044477e-07,9.36629932e-07,blind
T8,3000,tr,2.2,5,1.05644163e-06,1.04789748e-06,blind
T8,3000,tr,2.25,5,1.18441806e-06,1.13809599e-06,blind
T8,3000,tr,2.3,5,1.31997652e-06,1.29245245e-06,blind
T8,3000,tr,2.35,5,1.46311851e-06,1.46672665e-06,blind
T8,3000,tr,2.4,5,1.61384406e-06,1.66045201e-06,blind
T8,3000,tr,2.45,5,1.7721516e-06,1.73048091e-06,blind
T8,3000,tr,2.5,5,1.93803778e-06,1.89462374e-06,blind
T8,3000,tr,2.55,5,2.11149743e-06,2.23111578e-06,blind
T8,3000,tr,2.6,5,2.29252346e-06,2.2737868e-06,blind
T8,3000,tr,2.65,5,2.48110684e-06,2.55305561e-06,blind
T8,3000,tr,2.7,5,2.67723658e-06,2.74135228e-06,blind
T8,3000,tr,2.75,5,2.8808997e-06,2.91648939e-06,blind
T8,3000,tr,2.8,5,3.09208124e-06,3.09019046e-06,blind
T8,3000,tr,2.85,5,3.31076423e-06,3.27414743e-06,blind
T8,3000,tr,2.9,5,3.5369297e-06,3.6642596e-06,blind
T8,3000,tr,2.95,5,3.77055667e-06,3.89634165e-06,blind
T8,3000,tr,3,5,4.01162213e-06,3.71920717e-06,blind
T8,3000,tr,3.05,5,4.26010104e-06,4.11766411e-06,blind
T8,3000,tr,3.1,5,4.51596633e-06,4.44827902e-06,blind
T8,3000,tr,3.15,5,4.77918883e-06,4.68952542e-06,blind
T8,3000,tr,3.2,5,5.04973733e-06,5.08810586e-06,blind
T8,3000,tr,3.25,5,5.3275785e-06,5.33329677e-06,blind
T8,3000,tr,3.3,5,5.61267688e-06,5.69195253e-06,blind
T8,3000,tr,3.35,5,5.90499491e-06,5.7193796e-06,blind
T8,3000,tr,3.4,5,6.20449284e-06,6.15914757e-06,blind
T8,3000,tr,3.45,5,6.51112877e-06,6.52999404e-06,blind
T8,3000,tr,3.5,5,6.82485862e-06,7.07636705e-06,blind
T8,3000,tr,3.55,5,7.1456361e-06,7.15521751e-06,blind
T8,3000,tr,3.6,5,7.47341272e-06,7.76603945e-06,blind
T8,3000,tr,3.65,5,7.80813778e-06,7.86446782e-06,blind
T8,3000,tr,3.7,5,8.14975836e-06,8.05742602e-06,blind
T8,3000,tr,3.75,5,8.49821934e-06,8.34081563e-06,blind
T8,3000,tr,3.8,5,8.85346336e-06,9.09542531e-06,blind
T8,3000,tr,3.85,5,9.21543091e-06,9.13703852e-06,blind
T8,3000,tr,3.9,5,9.58406028e-06,1.00117478e-05,blind
T8,3000,tr,3.95,5,9.95928757e-06,9.84566578e-06,blind
T8,3000,tr,4,5,1.03410468e-05,1.07987939e-05,blind
T8,3000,tr,4.05,5,1.07292699e-05,1.04502591e-05,blind
T8,3000,tr,4.1,5,1.11238866e-05,1.14267748e-05,blind
T8,3000,tr,4.15,5,1.15248247e-05,1.15755991e-05,blind
T8,3000,tr,4.2,5,1.19320101e-05,1.1512556e-05,blind
T8,3000,tr,4.25,5,1.23453666e-05,1.2511784e-05,blind
T8,3000,tr,4.3,5,1.27648163e-05,1.22617062e-05,blind
T8,3000,tr,4.35,5,1.31902793e-05,1.2627128e-05,blind
T8,3000,tr,4.4,5,1.36216741e-05,1.31227354e-05,blind
T8,3000,tr,4.45,5,1.40589175e-05,1.44874079e-05,blind
T8,3000,tr,4.5,5,1.45019247e-05,1.44226374e-05,blind
T8,3000,tr,4.55,5,1.49506092e-05,1.46145543e-05,blind
T8,3000,tr,4.6,5,1.54048832e-05,1.5042972e-05,blind
T8,3000,tr,4.65,5,1.58646575e-05,1.64290685e-05,blind
T8,3000,tr,4.7,5,1.63298418e-05,1.68017057e-05,blind
T8,3000,tr,4.75,5,1.68003442e-05,1.70867697e-05,blind
T8,3000,tr,4.8,5,1.72760721e-05,1.61262258e-05,blind
T8,3000,tr,4.85,5,1.77569315e-05,1.7540127e-05,blind
T8,3000,tr,4.9,5,1.82428279e-05,1.77742958e-05,blind
T8,3000,tr,4.95,5,1.87336656e-05,1.92350757e-05,blind
T8,3000,tr,5,5,1.92293483e-05,2.02076114e-05,blind
T8,3000,tr,5.05,5,1.97297791e-05,2.00539142e-05,blind
T8,3000,tr,5.1,5,2.02348605e-05,2.03497967e-05,blind
T8,3000,tr,5.15,5,2.07444946e-05,2.09420242e-05,blind
T8,3000,tr,5.2,5,2.12585829e-05,2.17025719e-05,blind
T8,3000,tr,5.25,5,2.1777027e-05,2.22430026e-05,blind
T8,3000,tr,5.3,5,2.2299728e-05,2.31829008e-05,blind
T8,3000,tr,5.35,5,2.28265871e-05,2.26103533e-05,blind
T8,3000,tr,5.4,5,2.33575053e-05,2.43608967e-05,blind
T8,3000,tr,5.45,5,2.38923838e-05,2.43603766e-05,blind
T8,3000,tr,5.5,5,2.44311241e-05,2.45450025e-05,blind
T8,3000,tr,5.55,5,2.49736276e-05,2.50762184e-05,blind
T8,3000,tr,5.6,5,2.55197962e-05,2.71844488e-05,blind
T8,3000,tr,5.65,5,2.60695324e-05,2.57086817e-05,blind
T8,3000,tr,5.7,5,2.66227387e-05,2.65818812e-05,blind
T8,3000,tr,5.75,5,2.71793185e-05,2.71766625e-05,blind
T8,3000,tr,5.8,5,2.77391757e-05,2.81513753e-05,blind
T8,3000,tr,5.85,5,2.83022149e-05,2.8507458e-05,blind
T8,3000,tr,5.9,5,2.88683413e-05,2.90353541e-05,blind
T8,3000,tr,5.95,5,2.9437461e-05,2.84032863e-05,blind
T8,3000,tr,6,5,3.0009481e-05,2.95817025e-05,blind
T8,3000,tr,6.05,5,3.0584309e-05,2.97453334e-05,blind
T8,3000,tr,6.1,5,3.11618538e-05,3.12863975e-05,blind
T8,3000,tr,6.15,5,3.17420251e-05,3.24191335e-05,blind
T8,3000,tr,6.2,5,3.23247338e-05,3.20741346e-05,blind
T8,3000,tr,6.25,5,3.29098916e-05,3.27026022e-05,blind
T8,3000,tr,6.3,5,3.34974116e-05,3.48855503e-05,blind
T8,3000,tr,6.35,5,3.40872077e-05,3.46506307e-05,blind
T8,3000,tr,6.4,5,3.46791953e-05,3.38606163e-05,blind
T8,3000,tr,6.45,5,3.52732909e-05,3.61331404e-05,blind
T8,3000,tr,6.5,5,3.58694121e-05,3.60083259e-05,blind
T8,3000,tr,6.55,5,3.64674779e-05,3.68183911e-05,blind
T8,3000,tr,6.6,5,3.70674085e-05,3.76969949e-05,blind
T8,3000,tr,6.65,5,3.76691253e-05,3.81143944e-05,blind
T8,3000,tr,6.7,5,3.82725513e-05,3.83626519e-05,blind
T8,3000,tr,6.75,5,3.88776104e-05,3.78973781e-05,blind
T8,3000,tr,6.8,5,3.94842282e-05,3.97840065e-05,blind
T8,3000,tr,6.85,5,4.00923315e-05,3.8500096e-05,blind
T8,3000,tr,6.9,5,4.07018482e-05,4.00177348e-05,blind
T8,3000,tr,6.95,5,4.13127079e-05,4.21379914e-05,blind
T8,3000,tr,7,5,4.19248414e-05,4.12130783e-05,blind
T8,3000,tr,7.05,5,4.25381809e-05,4.23446309e-05,blind
T8,3000,tr,7.1,5,4.31526598e-05,4.41563995e-05,blind
T8,3000,tr,7.15,5,4.3768213e-05,4.30661619e-05,blind
T8,3000,tr,7.2,5,4.43847767e-05,4.41249781e-05,blind
T8,3000,tr,7.25,5,4.50022884e-05,4.36976631e-05,blind
T8,3000,tr,7.3,5,4.56206869e-05,4.4637562e-05,blind
T8,3000,tr,7.35,5,4.62399124e-05,4.76495444e-05,blind
T8,3000,tr,7.4,5,4.68599065e-05,4.77556203e-05,blind
T8,3000,tr,7.45,5,4.74806118e-05,4.81684661e-05,blind
T8,3000,tr,7.5,5,4.81019725e-05,4.53394966e-05,blind
T8,3000,tr,7.55,5,4.87239338e-05,5.1039801e-05,blind
T8,3000,tr,7.6,5,4.93464425e-05,5.01542425e-05,blind
T8,3000,tr,7.65,5,4.99694464e-05,4.9384539e-05,blind
T8,3000,tr,7.7,5,5.05928946e-05,5.05241472e-05,blind
T8,3000,tr,7.75,5,5.12167374e-05,5.27614209e-05,blind
T8,3000,tr,7.8,5,5.18409263e-05,5.26206926e-05,blind
T8,3000,tr,7.85,5,5.24654141e-05,5.21393371e-05,blind
T8,3000,tr,7.9,5,5.30901547e-05,5.44237196e-05,blind
T8,3000,tr,7.95,5,5.37151031e-05,5.04225835e-05,blind
T8,3000,tr,8,5,5.43402155e-05,5.34405154e-05,blind
T7,3000,out,2,-0,0,6.15950876e-15,blind
T7,3000,out,2,0.05,1.04808956e-07,9.77365638e-08,blind
T7,3000,out,2,0.1,2.03601323e-07,2.00753773e-07,blind
T7,3000,out,2,0.15,2.95970666e-07,2.87871635e-07,blind
T7,3000,out,2,0.2,3.81525078e-07,3.70152176e-07,blind
T7,3000,out,2,0.25,4.59966168e-07,4.7022023e-07,blind
T7,3000,out,2,0.3,5.31137563e-07,5.20996402e-07,blind
T7,3000,out,2,0.35,5.95049425e-07,5.85390946e-07,blind
T7,3000,out,2,0.4,6.5188109e-07,6.18629723e-07,blind
T7,3000,out,2,0.45,7.01965131e-07,7.26062668e-07,blind
T7,3000,out,2,0.5,7.45757933e-07,7.50393735e-07,blind
T7,3000,out,2,0.55,7.838029e-07,7.48216681e-07,blind
T7,3000,out,2,0.6,8.16692256e-07,8.14059152e-07,blind
T7,3000,out,2,0.65,8.45032192e-07,8.45563155e-07,blind
T7,3000,out,2,0.7,8.6941439e-07,9.0186763e-07,blind
T7,3000,out,2,0.75,8.9039521e-07,9.04535733e-07,blind
T7,3000,out,2,0.8,9.08482414e-07,9.38691952e-07,blind
T7,3000,out,2,0.85,9.24128391e-07,9.42192515e-07,blind
T7,3000,out,2,0.9,9.37728456e-07,8.82608279e-07,blind
T7,3000,out,2,0.95,9.49622713e-07,9.66055244e-07,blind
T7,3000,out,2,1,9.60100161e-07,9.63819585e-07,blind
T7,3000,out,2,1.05,9.69403991e-07,9.54866534e-07,blind
T7,3000,out,2,1.1,9.7773732e-07,9.77501258e-07,blind
T7,3000,out,2,1.15,9.85268836e-07,9.46927328e-07,blind
T7,3000,out,2,1.2,9.92138064e-07,1.0229474e-06,blind
T7,3000,out,2,1.25,9.98460083e-07,9.60258767e-07,blind
T7,3000,out,2,1.3,1.00432965e-06,1.00474907e-06,blind
T7,3000,out,2,1.35,1.00982473e-06,1.01968949e-06,blind
T7,3000,out,2,1.4,1.01500946e-06,9.77694126e-07,blind
T7,3000,out,2,1.45,1.01993663e-06,1.00672893e-06,blind
T7,3000,out,2,1.5,1.02464973e-06,1.02251227e-06,blind
T7,3000,out,2,1.55,1.02918467e-06,1.00245691e-06,blind
T7,3000,out,2,1.6,1.03357111e-06,1.0105167e-06,blind
T7,3000,out,2,1.65,1.03783363e-06,1.07013707e-06,blind
T7,3000,out,2,1.7,1.04199262e-06,9.76930712e-07,blind
T7,3000,out,2,1.75,1.04606507e-06,1.01456798e-06,blind
T7,3000,out,2,1.8,1.05006512e-06,1.08138704e-06,blind
T7,3000,out,2,1.85,1.05400462e-06,1.03427067e-06,blind
T7,3000,out,2,1.9,1.0578935e-06,1.00345011e-06,blind
T7,3000,out,2,1.95,1.06174011e-06,1.11215839e-06,blind
T7,3000,out,2,2,1.06555149e-06,1.05448328e-06,blind
T7,3000,out,2,2.05,1.06933358e-06,1.04376684e-06,blind
T7,3000,out,2,2.1,1.07309143e-06,1.0766696e-06,blind
T7,3000,out,2,2.15,1.07682934e-06,1.0801788e-06,blind
T7,3000,out,2,2.2,1.08055094e-06,1.04740069e-06,blind
T7,3000,out,2,2.25,1.08425936e-06,1.05513367e-06,blind
T7,3000,out,2,2.3,1.08795728e-06,1.06866944e-06,blind
T7,3000,out,2,2.35,1.091647e-06,1.04703391e-06,blind
T7,3000,out,2,2.4,1.09533048e-06,1.0691605e-06,blind
T7,3000,out,2,2.45,1.09900945e-06,1.04475107e-06,blind
T7,3000,out,2,2.5,1.10268537e-06,1.06599998e-06,blind
T7,3000,out,2,2.55,1.10635954e-06,1.07038254e-06,blind
T7,3000,out,2,2.6,1.11003306e-06,1.13818666e-06,blind
T7,3000,out,2,2.65,1.11370691e-06,1.12127953e-06,blind
T7,3000,out,2,2.7,1.11738193e-06,1.08219082e-06,blind
T7,3000,out,2,2.75,1.12105888e-06,1.14272415e-06,blind
T7,3000,out,2,2.8,1.1247384e-06,1.10768087e-06,blind
T7,3000,out,2,2.85,1.12842107e-06,1.13872284e-06,blind
T7,3000,out,2,2.9,1.1321074e-06,1.16296217e-06,blind
T7,3000,out,2,2.95,1.13579783e-06,1.08073459e-06,blind
T7,3000,out,2,3,1.13949276e-06,1.16294245e-06,blind
T7,3000,out,2,3.05,1.14319254e-06,1.15225007e-06,blind
T7,3000,out,2,3.1,1.14689748e-06,1.12872626e-06,blind
T7,3000,out,2,3.15,1.15060786e-06,1.12086025e-06,blind
T7,3000,out,2,3.2,1.15432394e-06,1.1600491e-06,blind
T7,3000,out,2,3.25,1.15804593e-06,1.17999049e-06,blind
T7,3000,out,2,3.3,1.16177403e-06,1.14200098e-06,blind
T7,3000,out,2,3.35,1.16550842e-06,1.22446928e-06,blind
T7,3000,out,2,3.4,1.16924927e-06,1.15877024e-06,blind
T7,3000,out,2,3.45,1.17299672e-06,1.11658868e-06,blind
T7,3000,out,2,3.5,1.1767509e-06,1.17400479e-06,blind
T7,3000,out,2,3.55,1.18051193e-06,1.20059822e-06,blind
T7,3000,out,2,3.6,1.18427992e-06,1.17042256e-06,blind
T7,3000,out,2,3.65,1.18805497e-06,1.21135583e-06,blind
T7,3000,out,2,3.7,1.19183716e-06,1.11100808e-06,blind
T7,3000,out,2,3.75,1.19562658e-06,1.22558203e-06,blind
T7,3000,out,2,3.8,1.19942331e-06,1.17499785e-06,blind
T7,3000,out,2,3.85,1.20322742e-06,1.17450581e-06,blind
T7,3000,out,2,3.9,1.20703896e-06,1.25118858e-06,blind
T7,3000,out,2,3.95,1.21085799e-06,1.18329434e-06,blind
T7,3000,out,2,4,1.21468458e-06,1.24626184e-06,blind
T7,3000,out,2,4.05,1.21851876e-06,1.20217774e-06,blind
T7,3000,out,2,4.1,1.22236059e-06,1.18670705e-06,blind
T7,3000,out,2,4.15,1.22621011e-06,1.18643776e-06,blind
T7,3000,out,2,4.2,1.23006735e-06,1.21381752e-06,blind
T7,3000,out,2,4.25,1.23393237e-06,1.22872466e-06,blind
T7,3000,out,2,4.3,1.23780518e-06,1.25426262e-06,blind
T7,3000,out,2,4.35,1.24168582e-06,1.19059135e-06,blind
T7,3000,out,2,4.4,1.24557433e-06,1.25263814e-06,blind
T7,3000,out,2,4.45,1.24947074e-06,1.34728335e-06,blind
T7,3000,out,2,4.5,1.25337506e-06,1.25912701e-06,blind
T7,3000,out,2,4.55,1.25728733e-06,1.19120402e-06,blind
T7,3000,out,2,4.6,1.26120757e-06,1.26545265e-06,blind
T7,3000,out,2,4.65,1.2651358e-06,1.29015393e-06,blind
T7,3000,out,2,4.7,1.26907205e-06,1.30103599e-06,blind
T7,3000,out,2,4.75,1.27301634e-06,1.33940817e-06,blind
T7,3000,out,2,4.8,1.27696868e-06,1.28875421e-06,blind
T7,3000,out,2,4.85,1.2809291e-06,1.36137309e-06,blind
T7,3000,out,2,4.9,1.28489762e-06,1.31265871e-06,blind
T7,3000,out,2,4.95,1.28887425e-06,1.2874538e-06,blind
T7,3000,out,2,5,1.29285901e-06,1.23209241e-06,blind
T7,3000,out,2,5.05,1.29685191e-06,1.35477455e-06,blind
T7,3000,out,2,5.1,1.30085298e-06,1.29735642e-06,blind
T7,3000,out,2,5.15,1.30486222e-06,1.19713864e-06,blind
T7,3000,out,2,5.2,1.30887966e-06,1.35910403e-06,blind
T7,3000,out,2,5.25,1.31290531e-06,1.24632695e-06,blind
T7,3000,out,2,5.3,1.31693917e-06,1.29798793e-06,blind
T7,3000,out,2,5.35,1.32098127e-06,1.31968453e-06,blind
T7,3000,out,2,5.4,1.32503162e-06,1.28432022e-06,blind
T7,3000,out,2,5.45,1.32909024e-06,1.30225322e-06,blind
T7,3000,out,2,5.5,1.33315712e-06,1.33548085e-06,blind
T7,3000,out,2,5.55,1.33723229e-06,1.27240757e-06,blind
T7,3000,out,2,5.6,1.34131577e-06,1.37180246e-06,blind
T7,3000,out,2,5.65,1.34540755e-06,1.35530119e-06,blind
T7,3000,out,2,5.7,1.34950766e-06,1.38008726e-06,blind
T7,3000,out,2,5.75,1.3536161e-06,1.30137922e-06,blind
T7,3000,out,2,5.8,1.35773288e-06,1.47035497e-06,blind
T7,3000,out,2,5.85,1.36185803e-06,1.32213784e-06,blind
T7,3000,out,2,5.9,1.36599154e-06,1.29698359e-06,blind
T7,3000,out,2,5.95,1.37013343e-06,1.390486e-06,blind
T7,3000,out,2,6,1.37428371e-06,1.37150199e-06,blind
T7,3000,out,3,-0,0,8.06034676e-15,blind
T7,3000,out,3,0.05,2.45291688e-07,2.5185927e-07,blind
T7,3000,out,3,0.1,4.84593777e-07,4.83160742e-07,blind
T7,3000,out,3,0.15,7.17725864e-07,6.96664119e-07,blind
T7,3000,out,3,0.2,9.44478067e-07,9.47499166e-07,blind
T7,3000,out,3,0.25,1.16462942e-06,1.18658523e-06,blind
T7,3000,out,3,0.3,1.37796031e-06,1.33551414e-06,blind
T7,3000,out,3,0.35,1.5842622e-06,1.55887108e-06,blind
T7,3000,out,3,0.4,1.78334556e-06,1.70997479e-06,blind
T7,3000,out,3,0.45,1.97504636e-06,1.94132566e-06,blind
T7,3000,out,3,0.5,2.15923143e-06,2.17126242e-06,blind
T7,3000,out,3,0.55,2.33580248e-06,2.19165206e-06,blind
T7,3000,out,3,0.6,2.50469904e-06,2.57663834e-06,blind
T7,3000,out,3,0.65,2.66590029e-06,2.64317587e-06,blind
T7,3000,out,3,0.7,2.81942569e-06,2.99384377e-06,blind
T7,3000,out,3,0.75,2.96533467e-06,2.93645578e-06,blind
T7,3000,out,3,0.8,3.10372535e-06,3.00965525e-06,blind
T7,3000,out,3,0.85,3.23473236e-06,3.32390512e-06,blind
T7,3000,out,3,0.9,3.35852407e-06,3.49619462e-06,blind
T7,3000,out,3,0.95,3.47529915e-06,3.57937818e-06,blind
T7,3000,out,3,1,3.58528278e-06,3.63220933e-06,blind
T7,3000,out,3,1.05,3.68872256e-06,3.8966734e-06,blind
T7,3000,out,3,1.1,3.78588434e-06,3.73820185e-06,blind
T7,3000,out,3,1.15,3.87704802e-06,3.81619361e-06,blind
T7,3000,out,3,1.2,3.96250347e-06,3.90100114e-06,blind
T7,3000,out,3,1.25,4.04254672e-06,4.07569253e-06,blind
T7,3000,out,3,1.3,4.11747638e-06,4.23810028e-06,blind
T7,3000,out,3,1.35,4.18759041e-06,4.15538776e-06,blind
T7,3000,out,3,1.4,4.25318332e-06,4.28651772e-06,blind
T7,3000,out,3,1.45,4.31454373e-06,4.26194805e-06,blind
T7,3000,out,3,1.5,4.37195228e-06,4.12684532e-06,blind
T7,3000,out,3,1.55,4.42568003e-06,4.16533614e-06,blind
T7,3000,out,3,1.6,4.47598712e-06,4.49361095e-06,blind
T7,3000,out,3,1.65,4.52312183e-06,4.91661567e-06,blind
T7,3000,out,3,1.7,4.56731991e-06,4.69213507e-06,blind
T7,3000,out,3,1.75,4.60880419e-06,4.33578153e-06,blind
T7,3000,out,3,1.8,4.64778442e-06,4.5685887e-06,blind
T7,3000,out,3,1.85,4.68445726e-06,4.80073914e-06,blind
T7,3000,out,3,1.9,4.71900655e-06,4.79847505e-06,blind
T7,3000,out,3,1.95,4.75160355e-06,4.6383977e-06,blind
T7,3000,out,3,2,4.78240741e-06,4.78442275e-06,blind
T7,3000,out,3,2.05,4.81156566e-06,4.72034747e-06,blind
T7,3000,out,3,2.1,4.83921473e-06,4.78566623e-06,blind
T7,3000,out,3,2.15,4.86548059e-06,4.8221167e-06,blind
T7,3000,out,3,2.2,4.8904793e-06,5.33040765e-06,blind
T7,3000,out,3,2.25,4.91431769e-06,4.90513794e-06,blind
T7,3000,out,3,2.3,4.93709389e-06,4.96156287e-06,blind
T7,3000,out,3,2.35,4.95889799e-06,4.99097334e-06,blind
T7,3000,out,3,2.4,4.97981261e-06,5.08464536e-06,blind
T7,3000,out,3,2.45,4.99991342e-06,4.99966961e-06,blind
T7,3000,out,3,2.5,5.01926972e-06,5.22534953e-06,blind
T7,3000,out,3,2.55,5.03794492e-06,5.12925119e-06,blind
T7,3000,out,3,2.6,5.05599699e-06,5.14357356e-06,blind
T7,3000,out,3,2.65,5.07347896e-06,5.12665338e-06,blind
T7,3000,out,3,2.7,5.09043927e-06,5.17184492e-06,blind
T7,3000,out,3,2.75,5.1069222e-06,5.315545e-06,blind
T7,3000,out,3,2.8,5.12296819e-06,5.05463638e-06,blind
T7,3000,out,3,2.85,5.13861422e-06,4.90537052e-06,blind
T7,3000,out,3,2.9,5.15389406e-06,5.09591097e-06,blind
T7,3000,out,3,2.95,5.16883855e-06,5.18937801e-06,blind
T7,3000,out,3,3,5.1834759e-06,4.93015487e-06,blind
T7,3000,out,3,3.05,5.19783189e-06,5.19518619e-06,blind
T7,3000,out,3,3.1,5.21193009e-06,5.1173934e-06,blind
T7,3000,out,3,3.15,5.22579205e-06,5.03260588e-06,blind
T7,3000,out,3,3.2,5.23943748e-06,5.2541614e-06,blind
T7,3000,out,3,3.25,5.25288444e-06,5.13589213e-06,blind
T7,3000,out,3,3.3,5.26614945e-06,5.15800288e-06,blind
T7,3000,out,3,3.35,5.27924763e-06,5.32846125e-06,blind
T7,3000,out,3,3.4,5.29219284e-06,5.31196471e-06,blind
T7,3000,out,3,3.45,5.30499781e-06,5.23911038e-06,blind
T7,3000,out,3,3.5,5.31767417e-06,5.21617582e-06,blind
T7,3000,out,3,3.55,5.33023263e-06,5.38354353e-06,blind
T7,3000,out,3,3.6,5.34268301e-06,5.50198279e-06,blind
T7,3000,out,3,3.65,5.35503432e-06,5.61263069e-06,blind
T7,3000,out,3,3.7,5.36729485e-06,5.16884898e-06,blind
T7,3000,out,3,3.75,5.37947221e-06,5.42976946e-06,blind
T7,3000,out,3,3.8,5.39157343e-06,5.36124833e-06,blind
T7,3000,out,3,3.85,5.40360495e-06,5.47637074e-06,blind
T7,3000,out,3,3.9,5.41557273e-06,5.59945072e-06,blind
T7,3000,out,3,3.95,5.42748222e-06,5.44334322e-06,blind
T7,3000,out,3,4,5.4393385e-06,5.41713745e-06,blind
T7,3000,out,3,4.05,5.45114621e-06,5.59017246e-06,blind
T7,3000,out,3,4.1,5.46290967e-06,5.50387635e-06,blind
T7,3000,out,3,4.15,5.47463284e-06,5.28311057e-06,blind
T7,3000,out,3,4.2,5.4863194e-06,5.54684034e-06,blind
T7,3000,out,3,4.25,5.49797275e-06,5.43369418e-06,blind
T7,3000,out,3,4.3,5.50959603e-06,5.77990668e-06,blind
T7,3000,out,3,4.35,5.52119215e-06,5.65940116e-06,blind
T7,3000,out,3,4.4,5.53276381e-06,5.52069221e-06,blind
T7,3000,out,3,4.45,5.54431351e-06,5.57644126e-06,blind
T7,3000,out,3,4.5,5.55584356e-06,5.30827435e-06,blind
T7,3000,out,3,4.55,5.56735613e-06,5.54468875e-06,blind
T7,3000,out,3,4.6,5.5788532e-06,5.5623901e-06,blind
T7,3000,out,3,4.65,5.59033663e-06,5.35149327e-06,blind
T7,3000,out,3,4.7,5.60180816e-06,5.45260226e-06,blind
T7,3000,out,3,4.75,5.61326938e-06,5.66126443e-06,blind
T7,3000,out,3,4.8,5.6247218e-06,5.80139374e-06,blind
T7,3000,out,3,4.85,5.6361668e-06,5.39359469e-06,blind
T7,3000,out,3,4.9,5.64760568e-06,5.68489788e-06,blind
T7,3000,out,3,4.95,5.65903966e-06,5.79070984e-06,blind
T7,3000,out,3,5,5.67046985e-06,5.77669848e-06,blind
T7,3000,out,3,5.05,5.68189732e-06,5.59329704e-06,blind
T7,3000,out,3,5.1,5.69332304e-06,5.84736924e-06,blind
T7,3000,out,3,5.15,5.70474794e-06,5.86643046e-06,blind
T7,3000,out,3,5.2,5.71617288e-06,5.72257342e-06,blind
T7,3000,out,3,5.25,5.72759865e-06,5.51021183e-06,blind
T7,3000,out,3,5.3,5.73902602e-06,5.86441597e-06,blind
T7,3000,out,3,5.35,5.75045569e-06,5.80676107e-06,blind
T7,3000,out,3,5.4,5.76188832e-06,5.90326052e-06,blind
T7,3000,out,3,5.45,5.77332452e-06,5.67986907e-06,blind
T7,3000,out,3,5.5,5.78476488e-06,5.81934233e-06,blind
T7,3000,out,3,5.55,5.79620995e-06,5.71243516e-06,blind
T7,3000,out,3,5.6,5.80766023e-06,5.45274073e-06,blind
T7,3000,out,3,5.65,5.81911621e-06,5.89531994e-06,blind
T7,3000,out,3,5.7,5.83057833e-06,5.69141539e-06,blind
T7,3000,out,3,5.75,5.84204703e-06,5.85940661e-06,blind
T7,3000,out,3,5.8,5.85352271e-06,5.70353836e-06,blind
T7,3000,out,3,5.85,5.86500574e-06,5.82492712e-06,blind
T7,3000,out,3,5.9,5.87649647e-06,5.56317548e-06,blind
T7,3000,out,3,5.95,5.88799525e-06,6.0415718e-06,blind
T7,3000,out,3,6,5.89950238e-06,5.9386463e-06,blind
T7,3000,out,4,-0,0,2.09797428e-15,blind
T7,3000,out,4,0.05,3.85866468e-07,3.69641299e-07,blind
T7,3000,out,4,0.1,7.65933615e-07,7.61126557e-07,blind
T7,3000,out,4,0.15,1.14009102e-06,1.19583997e-06,blind
T7,3000,out,4,0.2,1.50820714e-06,1.47031054e-06,blind
T7,3000,out,4,0.25,1.8701377e-06,1.78816303e-06,blind
T7,3000,out,4,0.3,2.2257311e-06,2.19820215e-06,blind
T7,3000,out,4,0.35,2.57483242e-06,2.59293549e-06,blind
T7,3000,out,4,0.4,2.91728685e-06,3.04018089e-06,blind
T7,3000,out,4,0.45,3.25294255e-06,3.42957563e-06,blind
T7,3000,out,4,0.5,3.58165314e-06,3.5926847e-06,blind
T7,3000,out,4,0.55,3.90327995e-06,3.87645466e-06,blind
T7,3000,out,4,0.6,4.21769399e-06,4.43017384e-06,blind
T7,3000,out,4,0.65,4.52477767e-06,4.4905733e-06,blind
T7,3000,out,4,0.7,4.82442635e-06,4.70269164e-06,blind
T7,3000,out,4,0.75,5.1165496e-06,5.06892331e-06,blind
T7,3000,out,4,0.8,5.40107233e-06,5.37294931e-06,blind
T7,3000,out,4,0.85,5.67793562e-06,5.81823004e-06,blind
T7,3000,out,4,0.9,5.94709739e-06,6.02937219e-06,blind
T7,3000,out,4,0.95,6.20853288e-06,6.18190538e-06,blind
T7,3000,out,4,1,6.46223487e-06,6.47843602e-06,blind
T7,3000,out,4,1.05,6.70821378e-06,7.00385743e-06,blind
T7,3000,out,4,1.1,6.94649748e-06,7.19223703e-06,blind
T7,3000,out,4,1.15,7.17713105e-06,7.32167114e-06,blind
T7,3000,out,4,1.2,7.40017627e-06,7.55733486e-06,blind
T7,3000,out,4,1.25,7.61571104e-06,7.93430808e-06,blind
T7,3000,out,4,1.3,7.82382857e-06,7.99708753e-06,blind
T7,3000,out,4,1.35,8.0246366e-06,7.91568609e-06,blind
T7,3000,out,4,1.4,8.21825638e-06,8.57266135e-06,blind
T7,3000,out,4,1.45,8.40482162e-06,8.69213824e-06,blind
T7,3000,out,4,1.5,8.58447744e-06,8.64220953e-06,blind
T7,3000,out,4,1.55,8.75737917e-06,8.71593357e-06,blind
T7,3000,out,4,1.6,8.92369117e-06,9.25420749e-06,blind
T7,3000,out,4,1.65,9.0835857e-06,9.19602198e-06,blind
T7,3000,out,4,1.7,9.23724166e-06,8.76186066e-06,blind
T7,3000,out,4,1.75,9.38484349e-06,9.60241308e-06,blind
T7,3000,out,4,1.8,9.52657996e-06,9.58129276e-06,blind
T7,3000,out,4,1.85,9.66264316e-06,9.4178914e-06,blind
T7,3000,out,4,1.9,9.79322739e-06,9.56474055e-06,blind
T7,3000,out,4,1.95,9.91852818e-06,1.00054784e-05,blind
T7,3000,out,4,2,1.00387414e-05,1.06766515e-05,blind
T7,3000,out,4,2.05,1.01540624e-05,1.01569706e-05,blind
T7,3000,out,4,2.1,1.0264685e-05,9.76364318e-06,blind
T7,3000,out,4,2.15,1.03708014e-05,1.06332553e-05,blind
T7,3000,out,4,2.2,1.04726007e-05,1.01585274e-05,blind
T7,3000,out,4,2.25,1.05702689e-05,1.00974852e-05,blind
T7,3000,out,4,2.3,1.06639883e-05,1.05798922e-05,blind
T7,3000,out,4,2.35,1.0753937e-05,1.11397908e-05,blind
T7,3000,out,4,2.4,1.08402885e-05,1.09870294e-05,blind
T7,3000,out,4,2.45,1.09232114e-05,1.13544818e-05,blind
T7,3000,out,4,2.5,1.10028693e-05,1.08094613e-05,blind
T7,3000,out,4,2.55,1.10794206e-05,1.11288686e-05,blind
T7,3000,out,4,2.6,1.11530181e-05,1.12494235e-05,blind
T7,3000,out,4,2.65,1.12238092e-05,1.11289458e-05,blind
T7,3000,out,4,2.7,1.12919356e-05,1.12444725e-05,blind
T7,3000,out,4,2.75,1.13575335e-05,1.1341183e-05,blind
T7,3000,out,4,2.8,1.14207336e-05,1.1005252e-05,blind
T7,3000,out,4,2.85,1.14816609e-05,1.11985038e-05,blind
T7,3000,out,4,2.9,1.15404352e-05,1.10639982e-05,blind
T7,3000,out,4,2.95,1.15971707e-05,1.14520139e-05,blind
T7,3000,out,4,3,1.16519764e-05,1.19166316e-05,blind
T7,3000,out,4,3.05,1.17049563e-05,1.1709665e-05,blind
T7,3000,out,4,3.1,1.17562093e-05,1.17320198e-05,blind
T7,3000,out,4,3.15,1.18058295e-05,1.19908101e-05,blind
T7,3000,out,4,3.2,1.18539063e-05,1.14960729e-05,blind
T7,3000,out,4,3.25,1.19005248e-05,1.17526428e-05,blind
T7,3000,out,4,3.3,1.19457653e-05,1.19289898e-05,blind
T7,3000,out,4,3.35,1.19897045e-05,1.18739396e-05,blind
T7,3000,out,4,3.4,1.20324146e-05,1.11471063e-05,blind
T7,3000,out,4,3.45,1.20739642e-05,1.12803548e-05,blind
T7,3000,out,4,3.5,1.21144183e-05,1.19998049e-05,blind
T7,3000,out,4,3.55,1.21538382e-05,1.17568448e-05,blind
T7,3000,out,4,3.6,1.2192282e-05,1.22314221e-05,blind
T7,3000,out,4,3.65,1.22298045e-05,1.26558862e-05,blind
T7,3000,out,4,3.7,1.22664577e-05,1.20675303e-05,blind
T7,3000,out,4,3.75,1.23022906e-05,1.23597122e-05,blind
T7,3000,out,4,3.8,1.23373494e-05,1.23137841e-05,blind
T7,3000,out,4,3.85,1.23716778e-05,1.21049979e-05,blind
T7,3000,out,4,3.9,1.2405317e-05,1.14575023e-05,blind
T7,3000,out,4,3.95,1.24383059e-05,1.21694812e-05,blind
T7,3000,out,4,4,1.24706813e-05,1.22531464e-05,blind
T7,3000,out,4,4.05,1.25024778e-05,1.28664413e-05,blind
T7,3000,out,4,4.1,1.25337281e-05,1.32752097e-05,blind
T7,3000,out,4,4.15,1.2564463e-05,1.2345991e-05,blind
T7,3000,out,4,4.2,1.25947115e-05,1.23884053e-05,blind
T7,3000,out,4,4.25,1.26245012e-05,1.23856525e-05,blind
T7,3000,out,4,4.3,1.26538578e-05,1.24116869e-05,blind
T7,3000,out,4,4.35,1.26828058e-05,1.27727636e-05,blind
T7,3000,out,4,4.4,1.27113681e-05,1.2881799e-05,blind
T7,3000,out,4,4.45,1.27395665e-05,1.28216388e-05,blind
T7,3000,out,4,4.5,1.27674214e-05,1.25967942e-05,blind
T7,3000,out,4,4.55,1.27949522e-05,1.23655702e-05,blind
T7,3000,out,4,4.6,1.2822177e-05,1.25098044e-05,blind
T7,3000,out,4,4.65,1.2849113e-05,1.31688045e-05,blind
T7,3000,out,4,4.7,1.28757765e-05,1.29686377e-05,blind
T7,3000,out,4,4.75,1.29021827e-05,1.26380474e-05,blind
T7,3000,out,4,4.8,1.29283461e-05,1.34021523e-05,blind
T7,3000,out,4,4.85,1.29542803e-05,1.24199459e-05,blind
T7,3000,out,4,4.9,1.29799982e-05,1.27677519e-05,blind
T7,3000,out,4,4.95,1.30055119e-05,1.25550278e-05,blind
T7,3000,out,4,5,1.30308328e-05,1.32590345e-05,blind
T7,3000,out,4,5.05,1.30559719e-05,1.35384738e-05,blind
T7,3000,out,4,5.1,1.30809394e-05,1.30759383e-05,blind
T7,3000,out,4,5.15,1.31057448e-05,1.31810305e-05,blind
T7,3000,out,4,5.2,1.31303975e-05,1.28017231e-05,blind
T7,3000,out,4,5.25,1.31549059e-05,1.3190156e-05,blind
T7,3000,out,4,5.3,1.31792783e-05,1.34873958e-05,blind
T7,3000,out,4,5.35,1.32035224e-05,1.30462409e-05,blind
T7,3000,out,4,5.4,1.32276455e-05,1.26521521e-05,blind
T7,3000,out,4,5.45,1.32516544e-05,1.35594452e-05,blind
T7,3000,out,4,5.5,1.32755558e-05,1.31343154e-05,blind
T7,3000,out,4,5.55,1.32993558e-05,1.33903356e-05,blind
T7,3000,out,4,5.6,1.33230602e-05,1.37000399e-05,blind
T7,3000,out,4,5.65,1.33466746e-05,1.31514071e-05,blind
T7,3000,out,4,5.7,1.33702043e-05,1.35662701e-05,blind
T7,3000,out,4,5.75,1.33936543e-05,1.29742849e-05,blind
T7,3000,out,4,5.8,1.34170291e-05,1.37988756e-05,blind
T7,3000,out,4,5.85,1.34403334e-05,1.38244607e-05,blind
T7,3000,out,4,5.9,1.34635713e-05,1.32189957e-05,blind
T7,3000,out,4,5.95,1.34867468e-05,1.27861213e-05,blind
T7,3000,out,4,6,1.35098638e-05,1.28673205e-05,blind
T7,3000,out,6,-0,0,2.09560854e-15,blind
T7,3000,out,6,0.05,6.54359498e-07,6.68024801e-07,blind
T7,3000,out,6,0.1,1.30349684e-06,1.35374161e-06,blind
T7,3000,out,6,0.15,1.94735031e-06,2.04023005e-06,blind
T7,3000,out,6,0.2,2.58584688e-06,2.53058614e-06,blind
T7,3000,out,6,0.25,3.21890556e-06,3.20246632e-06,blind
T7,3000,out,6,0.3,3.84643938e-06,3.86759976e-06,blind
T7,3000,out,6,0.35,4.4683568e-06,4.41144432e-06,blind
T7,3000,out,6,0.4,5.0845629e-06,5.29389437e-06,blind
T7,3000,out,6,0.45,5.69496034e-06,6.02861258e-06,blind
T7,3000,out,6,0.5,6.29945018e-06,6.16550309e-06,blind
T7,3000,out,6,0.55,6.8979326e-06,7.04863152e-06,blind
T7,3000,out,6,0.6,7.4903076e-06,7.50225939e-06,blind
T7,3000,out,6,0.65,8.0764756e-06,8.30951289e-06,blind
T7,3000,out,6,0.7,8.65633801e-06,8.54555632e-06,blind
T7,3000,out,6,0.75,9.22979774e-06,8.88853472e-06,blind
T7,3000,out,6,0.8,9.79675971e-06,9.56819246e-06,blind
T7,3000,out,6,0.85,1.03571313e-05,1.02203578e-05,blind
T7,3000,out,6,0.9,1.09108227e-05,1.05867913e-05,blind
T7,3000,out,6,0.95,1.14577476e-05,1.12343664e-05,blind
T7,3000,out,6,1,1.1997823e-05,1.21543426e-05,blind
T7,3000,out,6,1.05,1.25309702e-05,1.23928302e-05,blind
T7,3000,out,6,1.1,1.30571147e-05,1.28721328e-05,blind
T7,3000,out,6,1.15,1.35761867e-05,1.36949374e-05,blind
T7,3000,out,6,1.2,1.40881211e-05,1.40795139e-05,blind
T7,3000,out,6,1.25,1.45928581e-05,1.42894877e-05,blind
T7,3000,out,6,1.3,1.50903432e-05,1.49377898e-05,blind
T7,3000,out,6,1.35,1.55805274e-05,1.49058666e-05,blind
T7,3000,out,6,1.4,1.60633675e-05,1.55424123e-05,blind
T7,3000,out,6,1.45,1.65388259e-05,1.67253978e-05,blind
T7,3000,out,6,1.5,1.70068713e-05,1.72709479e-05,blind
T7,3000,out,6,1.55,1.74674783e-05,1.73622355e-05,blind
T7,3000,out,6,1.6,1.79206275e-05,1.74679734e-05,blind
T7,3000,out,6,1.65,1.83663059e-05,1.90082676e-05,blind
T7,3000,out,6,1.7,1.88045065e-05,1.99680844e-05,blind
T7,3000,out,6,1.75,1.92352287e-05,1.90948087e-05,blind
T7,3000,out,6,1.8,1.96584778e-05,2.03787613e-05,blind
T7,3000,out,6,1.85,2.00742655e-05,2.01319594e-05,blind
T7,3000,out,6,1.9,2.04826093e-05,2.0698397e-05,blind
T7,3000,out,6,1.95,2.08835329e-05,2.1570357e-05,blind
T7,3000,out,6,2,2.12770656e-05,2.16096994e-05,blind
T7,3000,out,6,2.05,2.16632427e-05,2.24927195e-05,blind
T7,3000,out,6,2.1,2.20421049e-05,2.28227729e-05,blind
T7,3000,out,6,2.15,2.24136986e-05,2.1569151e-05,blind
T7,3000,out,6,2.2,2.27780751e-05,2.23230583e-05,blind
T7,3000,out,6,2.25,2.31352911e-05,2.28119276e-05,blind
T7,3000,out,6,2.3,2.34854082e-05,2.29811469e-05,blind
T7,3000,out,6,2.35,2.38284925e-05,2.45073034e-05,blind
T7,3000,out,6,2.4,2.41646148e-05,2.44169849e-05,blind
T7,3000,out,6,2.45,2.449385e-05,2.45849455e-05,blind
T7,3000,out,6,2.5,2.48162772e-05,2.38563114e-05,blind
T7,3000,out,6,2.55,2.5131979e-05,2.50546785e-05,blind
T7,3000,out,6,2.6,2.54410421e-05,2.65026419e-05,blind
T7,3000,out,6,2.65,2.57435559e-05,2.69553751e-05,blind
T7,3000,out,6,2.7,2.60396135e-05,2.59681377e-05,blind
T7,3000,out,6,2.75,2.63293103e-05,2.53394697e-05,blind
T7,3000,out,6,2.8,2.66127446e-05,2.76052496e-05,blind
T7,3000,out,6,2.85,2.68900172e-05,2.74834453e-05,blind
T7,3000,out,6,2.9,2.71612305e-05,2.66021236e-05,blind
T7,3000,out,6,2.95,2.74264894e-05,2.78387614e-05,blind
T7,3000,out,6,3,2.76859001e-05,2.60418951e-05,blind
T7,3000,out,6,3.05,2.79395702e-05,2.9286915e-05,blind
T7,3000,out,6,3.1,2.81876088e-05,2.82711798e-05,blind
T7,3000,out,6,3.15,2.84301256e-05,2.7740033e-05,blind
T7,3000,out,6,3.2,2.86672314e-05,2.87996768e-05,blind
T7,3000,out,6,3.25,2.88990374e-05,2.7131573e-05,blind
T7,3000,out,6,3.3,2.91256554e-05,2.98761466e-05,blind
T7,3000,out,6,3.35,2.93471971e-05,3.10812663e-05,blind
T7,3000,out,6,3.4,2.95637744e-05,2.96935703e-05,blind
T7,3000,out,6,3.45,2.97754991e-05,2.9003576e-05,blind
T7,3000,out,6,3.5,2.99824826e-05,2.97657063e-05,blind
T7,3000,out,6,3.55,3.01848358e-05,3.07709651e-05,blind
T7,3000,out,6,3.6,3.03826691e-05,3.02084011e-05,blind
T7,3000,out,6,3.65,3.05760921e-05,3.03712292e-05,blind
T7,3000,out,6,3.7,3.07652136e-05,3.10031733e-05,blind
T7,3000,out,6,3.75,3.09501413e-05,3.06260355e-05,blind
T7,3000,out,6,3.8,3.11309819e-05,3.16693813e-05,blind
T7,3000,out,6,3.85,3.13078408e-05,3.14770577e-05,blind
T7,3000,out,6,3.9,3.14808222e-05,3.07825999e-05,blind
T7,3000,out,6,3.95,3.16500289e-05,3.34262392e-05,blind
T7,3000,out,6,4,3.18155622e-05,3.18756773e-05,blind
T7,3000,out,6,4.05,3.19775219e-05,3.19501444e-05,blind
T7,3000,out,6,4.1,3.21360063e-05,3.30953492e-05,blind
T7,3000,out,6,4.15,3.22911119e-05,3.20223775e-05,blind
T7,3000,out,6,4.2,3.24429337e-05,3.25805976e-05,blind
T7,3000,out,6,4.25,3.25915647e-05,3.30978163e-05,blind
T7,3000,out,6,4.3,3.27370965e-05,3.29572155e-05,blind
T7,3000,out,6,4.35,3.28796184e-05,3.50833233e-05,blind
T7,3000,out,6,4.4,3.30192184e-05,3.23129249e-05,blind
T7,3000,out,6,4.45,3.31559824e-05,3.23154588e-05,blind
T7,3000,out,6,4.5,3.32899943e-05,3.28221321e-05,blind
T7,3000,out,6,4.55,3.34213364e-05,3.36457661e-05,blind
T7,3000,out,6,4.6,3.3550089e-05,3.35486423e-05,blind
T7,3000,out,6,4.65,3.36763306e-05,3.51304822e-05,blind
T7,3000,out,6,4.7,3.38001377e-05,3.41163376e-05,blind
T7,3000,out,6,4.75,3.3921585e-05,3.56277485e-05,blind
T7,3000,out,6,4.8,3.40407453e-05,3.34654458e-05,blind
T7,3000,out,6,4.85,3.41576897e-05,3.42562793e-05,blind
T7,3000,out,6,4.9,3.42724874e-05,3.46463257e-05,blind
T7,3000,out,6,4.95,3.43852056e-05,3.48058901e-05,blind
T7,3000,out,6,5,3.44959099e-05,3.5199684e-05,blind
T7,3000,out,6,5.05,3.46046642e-05,3.4980221e-05,blind
T7,3000,out,6,5.1,3.47115305e-05,3.62804357e-05,blind
T7,3000,out,6,5.15,3.48165691e-05,3.51026181e-05,blind
T7,3000,out,6,5.2,3.49198387e-05,3.42231432e-05,blind
T7,3000,out,6,5.25,3.50213961e-05,3.27842165e-05,blind
T7,3000,out,6,5.3,3.51212967e-05,3.7915976e-05,blind
T7,3000,out,6,5.35,3.52195944e-05,3.4580935e-05,blind
T7,3000,out,6,5.4,3.53163411e-05,3.51205602e-05,blind
T7,3000,out,6,5.45,3.54115875e-05,3.5323252e-05,blind
T7,3000,out,6,5.5,3.55053827e-05,3.74795861e-05,blind
T7,3000,out,6,5.55,3.55977743e-05,3.54281357e-05,blind
T7,3000,out,6,5.6,3.56888085e-05,3.5355852e-05,blind
T7,3000,out,6,5.65,3.577853e-05,3.54573768e-05,blind
T7,3000,out,6,5.7,3.58669821e-05,3.48345335e-05,blind
T7,3000,out,6,5.75,3.59542071e-05,3.59100133e-05,blind
T7,3000,out,6,5.8,3.60402455e-05,3.68386532e-05,blind
T7,3000,out,6,5.85,3.61251367e-05,3.65212905e-05,blind
T7,3000,out,6,5.9,3.62089191e-05,3.65007821e-05,blind
T7,3000,out,6,5.95,3.62916296e-05,3.7089243e-05,blind
T7,3000,out,6,6,3.63733039e-05,3.90277057e-05,blind
T8,3000,out,2,-0,0,6.3179649e-15,blind
T8,3000,out,2,0.05,6.54988632e-08,6.53628655e-08,blind
T8,3000,out,2,0.1,1.25233682e-07,1.29318882e-07,blind
T8,3000,out,2,0.15,1.78684756e-07,1.82929328e-07,blind
T8,3000,out,2,0.2,2.25492453e-07,2.12607015e-07,blind
T8,3000,out,2,0.25,2.65587791e-07,2.66036164e-07,blind
T8,3000,out,2,0.3,2.99225569e-07,2.99566965e-07,blind
T8,3000,out,2,0.35,3.26940081e-07,3.31851109e-07,blind
T8,3000,out,2,0.4,3.4945296e-07,3.43722021e-07,blind
T8,3000,out,2,0.45,3.67567995e-07,3.820685e-07,blind
T8,3000,out,2,0.5,3.82080708e-07,3.68620734e-07,blind
T8,3000,out,2,0.55,3.93716641e-07,3.8935253e-07,blind
T8,3000,out,2,0.6,4.03099446e-07,4.02676519e-07,blind
T8,3000,out,2,0.65,4.107424e-07,4.46510832e-07,blind
T8,3000,out,2,0.7,4.17054766e-07,4.16198314e-07,blind
T8,3000,out,2,0.75,4.22355568e-07,4.40628892e-07,blind
T8,3000,out,2,0.8,4.26889632e-07,4.09909963e-07,blind
T8,3000,out,2,0.85,4.30842939e-07,4.32917672e-07,blind
T8,3000,out,2,0.9,4.34355919e-07,4.35025166e-07,blind
T8,3000,out,2,0.95,4.37534318e-07,4.36305947e-07,blind
T8,3000,out,2,1,4.40457729e-07,4.36962948e-07,blind
T8,3000,out,2,1.05,4.43186155e-07,4.41529667e-07,blind
T8,3000,out,2,1.1,4.45764955e-07,4.439671e-07,blind
T8,3000,out,2,1.15,4.48228556e-07,4.44829589e-07,blind
T8,3000,out,2,1.2,4.50603201e-07,4.65131692e-07,blind
T8,3000,out,2,1.25,4.52908999e-07,4.75809079e-07,blind
T8,3000,out,2,1.3,4.55161442e-07,4.42557174e-07,blind
T8,3000,out,2,1.35,4.57372531e-07,4.69039336e-07,blind
T8,3000,out,2,1.4,4.59551617e-07,4.63487138e-07,blind
T8,3000,out,2,1.45,4.61706027e-07,4.56480839e-07,blind
T8,3000,out,2,1.5,4.63841534e-07,4.50911063e-07,blind
T8,3000,out,2,1.55,4.65962716e-07,4.83671126e-07,blind
T8,3000,out,2,1.6,4.68073218e-07,4.60401686e-07,blind
T8,3000,out,2,1.65,4.70175964e-07,4.6687236e-07,blind
T8,3000,out,2,1.7,4.72273308e-07,4.81672682e-07,blind
T8,3000,out,2,1.75,4.74367157e-07,4.62809552e-07,blind
T8,3000,out,2,1.8,4.76459062e-07,4.74922752e-07,blind
T8,3000,out,2,1.85,4.78550294e-07,4.62902257e-07,blind
T8,3000,out,2,1.9,4.80641895e-07,4.59578939e-07,blind
T8,3000,out,2,1.95,4.82734727e-07,4.81100108e-07,blind
T8,3000,out,2,2,4.84829506e-07,4.59966551e-07,blind
T8,3000,out,2,2.05,4.86926828e-07,4.66551661e-07,blind
T8,3000,out,2,2.1,4.89027191e-07,4.97850886e-07,blind
T8,3000,out,2,2.15,4.91131015e-07,4.77957959e-07,blind
T8,3000,out,2,2.2,4.93238654e-07,5.0024518e-07,blind
T8,3000,out,2,2.25,4.95350409e-07,4.98293096e-07,blind
T8,3000,out,2,2.3,4.97466534e-07,4.79974586e-07,blind
T8,3000,out,2,2.35,4.9958725e-07,5.07341603e-07,blind
T8,3000,out,2,2.4,5.01712743e-07,5.10115572e-07,blind
T8,3000,out,2,2.45,5.03843175e-07,4.8759151e-07,blind
T8,3000,out,2,2.5,5.05978686e-07,5.13811337e-07,blind
T8,3000,out,2,2.55,5.08119398e-07,5.04149081e-07,blind
T8,3000,out,2,2.6,5.10265418e-07,5.26154068e-07,blind
T8,3000,out,2,2.65,5.12416837e-07,4.83181579e-07,blind
T8,3000,out,2,2.7,5.14573738e-07,5.21408559e-07,blind
T8,3000,out,2,2.75,5.16736193e-07,4.83056039e-07,blind
T8,3000,out,2,2.8,5.18904266e-07,5.16183538e-07,blind
T8,3000,out,2,2.85,5.21078014e-07,5.19402442e-07,blind
T8,3000,out,2,2.9,5.23257488e-07,5.49757442e-07,blind
T8,3000,out,2,2.95,5.25442734e-07,5.28934143e-07,blind
T8,3000,out,2,3,5.27633793e-07,5.27212576e-07,blind
T8,3000,out,2,3.05,5.29830703e-07,5.44119965e-07,blind
T8,3000,out,2,3.1,5.32033498e-07,5.37780404e-07,blind
T8,3000,out,2,3.15,5.34242208e-07,5.38892899e-07,blind
T8,3000,out,2,3.2,5.36456863e-07,5.43689356e-07,blind
T8,3000,out,2,3.25,5.38677488e-07,5.52760244e-07,blind
T8,3000,out,2,3.3,5.40904108e-07,5.15776486e-07,blind
T8,3000,out,2,3.35,5.43136746e-07,5.39552912e-07,blind
T8,3000,out,2,3.4,5.45375423e-07,5.17776445e-07,blind
T8,3000,out,2,3.45,5.47620158e-07,5.56354676e-07,blind
T8,3000,out,2,3.5,5.4987097e-07,5.52375667e-07,blind
T8,3000,out,2,3.55,5.52127876e-07,5.49811896e-07,blind
T8,3000,out,2,3.6,5.54390893e-07,5.69812666e-07,blind
T8,3000,out,2,3.65,5.56660037e-07,5.46977171e-07,blind
T8,3000,out,2,3.7,5.58935324e-07,5.45474963e-07,blind
T8,3000,out,2,3.75,5.61216766e-07,5.6645794e-07,blind
T8,3000,out,2,3.8,5.63504378e-07,5.63081739e-07,blind
T8,3000,out,2,3.85,5.65798174e-07,5.64023434e-07,blind
T8,3000,out,2,3.9,5.68098166e-07,5.74470489e-07,blind
T8,3000,out,2,3.95,5.70404366e-07,5.8914914e-07,blind
T8,3000,out,2,4,5.72716788e-07,5.81731904e-07,blind
T8,3000,out,2,4.05,5.75035441e-07,5.6577399e-07,blind
T8,3000,out,2,4.1,5.77360339e-07,5.86332156e-07,blind
T8,3000,out,2,4.15,5.79691491e-07,5.58616742e-07,blind
T8,3000,out,2,4.2,5.82028909e-07,6.07089964e-07,blind
T8,3000,out,2,4.25,5.84372604e-07,5.75359535e-07,blind
T8,3000,out,2,4.3,5.86722585e-07,6.00303065e-07,blind
T8,3000,out,2,4.35,5.89078864e-07,6.02310029e-07,blind
T8,3000,out,2,4.4,5.9144145e-07,6.21380832e-07,blind
T8,3000,out,2,4.45,5.93810354e-07,5.77950975e-07,blind
T8,3000,out,2,4.5,5.96185585e-07,6.13280977e-07,blind
T8,3000,out,2,4.55,5.98567153e-07,5.98749537e-07,blind
T8,3000,out,2,4.6,6.00955067e-07,5.91442662e-07,blind
T8,3000,out,2,4.65,6.03349337e-07,5.97822038e-07,blind
T8,3000,out,2,4.7,6.05749973e-07,6.11534715e-07,blind
T8,3000,out,2,4.75,6.08156984e-07,6.23192166e-07,blind
T8,3000,out,2,4.8,6.10570379e-07,6.179853e-07,blind
T8,3000,out,2,4.85,6.12990167e-07,6.34837676e-07,blind
T8,3000,out,2,4.9,6.15416357e-07,6.06418936e-07,blind
T8,3000,out,2,4.95,6.17848959e-07,6.42178093e-07,blind
T8,3000,out,2,5,6.20287981e-07,6.3680239e-07,blind
T8,3000,out,2,5.05,6.22733433e-07,6.16192139e-07,blind
T8,3000,out,2,5.1,6.25185323e-07,6.46590676e-07,blind
T8,3000,out,2,5.15,6.2764366e-07,6.15496306e-07,blind
T8,3000,out,2,5.2,6.30108453e-07,6.35074431e-07,blind
T8,3000,out,2,5.25,6.32579711e-07,6.35368747e-07,blind
T8,3000,out,2,5.3,6.35057442e-07,6.12997472e-07,blind
T8,3000,out,2,5.35,6.37541656e-07,6.44064103e-07,blind
T8,3000,out,2,5.4,6.40032361e-07,6.52986403e-07,blind
T8,3000,out,2,5.45,6.42529565e-07,6.49338173e-07,blind
T8,3000,out,2,5.5,6.45033278e-07,6.42906833e-07,blind
T8,3000,out,2,5.55,6.47543508e-07,6.57377731e-07,blind
T8,3000,out,2,5.6,6.50060263e-07,6.62154353e-07,blind
T8,3000,out,2,5.65,6.52583552e-07,6.71515759e-07,blind
T8,3000,out,2,5.7,6.55113384e-07,6.68045277e-07,blind
T8,3000,out,2,5.75,6.57649767e-07,6.55490263e-07,blind
T8,3000,out,2,5.8,6.6019271e-07,6.2519025e-07,blind
T8,3000,out,2,5.85,6.62742221e-07,6.98623383e-07,blind
T8,3000,out,2,5.9,6.6529831e-07,6.85288112e-07,blind
T8,3000,out,2,5.95,6.67860983e-07,6.69830524e-07,blind
T8,3000,out,2,6,6.7043025e-07,6.48571295e-07,blind
T8,3000,out,3,-0,0,2.17593339e-15,blind
T8,3000,out,3,0.05,1.98824264e-07,1.98999809e-07,blind
T8,3000,out,3,0.1,3.91862432e-07,3.99016268e-07,blind
T8,3000,out,3,0.15,5.78907209e-07,5.5890559e-07,blind
T8,3000,out,3,0.2,7.59721773e-07,7.83092956e-07,blind
T8,3000,out,3,0.25,9.34063594e-07,9.57929194e-07,blind
T8,3000,out,3,0.3,1.10170081e-06,1.09974299e-06,blind
T8,3000,out,3,0.35,1.2624249e-06,1.25057609e-06,blind
T8,3000,out,3,0.4,1.41606078e-06,1.3103565e-06,blind
T8,3000,out,3,0.45,1.56247458e-06,1.5491193e-06,blind
T8,3000,out,3,0.5,1.70157939e-06,1.7800047e-06,blind
T8,3000,out,3,0.55,1.83333888e-06,1.8358202e-06,blind
T8,3000,out,3,0.6,1.95776892e-06,1.81950038e-06,blind
T8,3000,out,3,0.65,2.07493737e-06,2.17196461e-06,blind
T8,3000,out,3,0.7,2.18496214e-06,2.20208799e-06,blind
T8,3000,out,3,0.75,2.28800773e-06,2.23512612e-06,blind
T8,3000,out,3,0.8,2.3842807e-06,2.38839706e-06,blind
T8,3000,out,3,0.85,2.47402409e-06,2.46122192e-06,blind
T8,3000,out,3,0.9,2.55751138e-06,2.54273201e-06,blind
T8,3000,out,3,0.95,2.63504009e-06,2.68575974e-06,blind
T8,3000,out,3,1,2.70692543e-06,2.67043865e-06,blind
T8,3000,out,3,1.05,2.77349417e-06,2.80560631e-06,blind
T8,3000,out,3,1.1,2.83507891e-06,2.83269438e-06,blind
T8,3000,out,3,1.15,2.89201293e-06,2.98333518e-06,blind
T8,3000,out,3,1.2,2.9446257e-06,2.74115371e-06,blind
T8,3000,out,3,1.25,2.99323907e-06,2.86918383e-06,blind
T8,3000,out,3,1.3,3.03816419e-06,3.12744513e-06,blind
T8,3000,out,3,1.35,3.07969908e-06,2.92111952e-06,blind
T8,3000,out,3,1.4,3.11812687e-06,3.18430424e-06,blind
T8,3000,out,3,1.45,3.15371457e-06,3.18956546e-06,blind
T8,3000,out,3,1.5,3.18671238e-06,3.31875131e-06,blind
T8,3000,out,3,1.55,3.21735338e-06,3.23332807e-06,blind
T8,3000,out,3,1.6,3.24585363e-06,3.14468858e-06,blind
T8,3000,out,3,1.65,3.27241247e-06,3.24966837e-06,blind
T8,3000,out,3,1.7,3.29721312e-06,3.37341717e-06,blind
T8,3000,out,3,1.75,3.32042335e-06,3.23242566e-06,blind
T8,3000,out,3,1.8,3.34219637e-06,3.37761401e-06,blind
T8,3000,out,3,1.85,3.36267164e-06,3.40427429e-06,blind
T8,3000,out,3,1.9,3.38197587e-06,3.326893e-06,blind
T8,3000,out,3,1.95,3.40022394e-06,3.43626371e-06,blind
T8,3000,out,3,2,3.41751982e-06,3.49973592e-06,blind
T8,3000,out,3,2.05,3.43395745e-06,3.44289291e-06,blind
T8,3000,out,3,2.1,3.44962165e-06,3.28351693e-06,blind
T8,3000,out,3,2.15,3.46458889e-06,3.43571285e-06,blind
T8,3000,out,3,2.2,3.47892808e-06,3.36718702e-06,blind
T8,3000,out,3,2.25,3.49270126e-06,3.42381304e-06,blind
T8,3000,out,3,2.3,3.50596429e-06,3.40661559e-06,blind
T8,3000,out,3,2.35,3.51876742e-06,3.62065398e-06,blind
T8,3000,out,3,2.4,3.53115585e-06,3.6466997e-06,blind
T8,3000,out,3,2.45,3.54317025e-06,3.37313043e-06,blind
T8,3000,out,3,2.5,3.55484722e-06,3.72043529e-06,blind
T8,3000,out,3,2.55,3.56621966e-06,3.62281208e-06,blind
T8,3000,out,3,2.6,3.5773172e-06,3.60172708e-06,blind
T8,3000,out,3,2.65,3.58816651e-06,3.72765726e-06,blind
T8,3000,out,3,2.7,3.59879161e-06,3.58353368e-06,blind
T8,3000,out,3,2.75,3.60921414e-06,3.68508698e-06,blind
T8,3000,out,3,2.8,3.6194536e-06,3.63635079e-06,blind
T8,3000,out,3,2.85,3.62952759e-06,3.91298586e-06,blind
T8,3000,out,3,2.9,3.63945197e-06,3.72789466e-06,blind
T8,3000,out,3,2.95,3.64924107e-06,3.71798832e-06,blind
T8,3000,out,3,3,3.65890786e-06,3.72158368e-06,blind
T8,3000,out,3,3.05,3.66846403e-06,3.65924728e-06,blind
T8,3000,out,3,3.1,3.67792018e-06,3.5901121e-06,blind
T8,3000,out,3,3.15,3.6872859e-06,3.56737766e-06,blind
T8,3000,out,3,3.2,3.69656988e-06,3.80020947e-06,blind
T8,3000,out,3,3.25,3.70578001e-06,3.72813395e-06,blind
T8,3000,out,3,3.3,3.71492342e-06,3.85451109e-06,blind
T8,3000,out,3,3.35,3.72400663e-06,3.63446367e-06,blind
T8,3000,out,3,3.4,3.73303552e-06,3.95473889e-06,blind
T8,3000,out,3,3.45,3.74201548e-06,3.76249646e-06,blind
T8,3000,out,3,3.5,3.75095138e-06,3.75386759e-06,blind
T8,3000,out,3,3.55,3.75984768e-06,3.86023789e-06,blind
T8,3000,out,3,3.6,3.76870844e-06,4.06367247e-06,blind
T8,3000,out,3,3.65,3.77753736e-06,3.95451653e-06,blind
T8,3000,out,3,3.7,3.78633783e-06,3.90276095e-06,blind
T8,3000,out,3,3.75,3.79511294e-06,3.6869454e-06,blind
T8,3000,out,3,3.8,3.80386552e-06,3.68305598e-06,blind
T8,3000,out,3,3.85,3.81259816e-06,3.76762819e-06,blind
T8,3000,out,3,3.9,3.82131323e-06,4.04044821e-06,blind
T8,3000,out,3,3.95,3.83001291e-06,4.07691665e-06,blind
T8,3000,out,3,4,3.83869919e-06,3.67469184e-06,blind
T8,3000,out,3,4.05,3.84737391e-06,3.88319556e-06,blind
T8,3000,out,3,4.1,3.85603875e-06,3.77610865e-06,blind
T8,3000,out,3,4.15,3.86469526e-06,3.98944737e-06,blind
T8,3000,out,3,4.2,3.87334488e-06,3.88848526e-06,blind
T8,3000,out,3,4.25,3.88198891e-06,3.92279737e-06,blind
T8,3000,out,3,4.3,3.89062857e-06,3.90845256e-06,blind
T8,3000,out,3,4.35,3.89926497e-06,3.82697589e-06,blind
T8,3000,out,3,4.4,3.90789916e-06,3.89377391e-06,blind
T8,3000,out,3,4.45,3.91653207e-06,4.04573401e-06,blind
T8,3000,out,3,4.5,3.9251646e-06,4.08318687e-06,blind
T8,3000,out,3,4.55,3.93379756e-06,3.87556198e-06,blind
T8,3000,out,3,4.6,3.94243171e-06,3.83341546e-06,blind
T8,3000,out,3,4.65,3.95106775e-06,3.97028506e-06,blind
T8,3000,out,3,4.7,3.95970633e-06,3.79775196e-06,blind
T8,3000,out,3,4.75,3.96834806e-06,4.09197968e-06,blind
T8,3000,out,3,4.8,3.97699349e-06,3.91376273e-06,blind
T8,3000,out,3,4.85,3.98564314e-06,4.03738842e-06,blind
T8,3000,out,3,4.9,3.9942975e-06,3.93308962e-06,blind
T8,3000,out,3,4.95,4.00295702e-06,3.69837975e-06,blind
T8,3000,out,3,5,4.01162213e-06,4.04591212e-06,blind
T8,3000,out,3,5.05,4.0202932e-06,3.89361762e-06,blind
T8,3000,out,3,5.1,4.02897062e-06,3.93338578e-06,blind
T8,3000,out,3,5.15,4.03765471e-06,4.08359207e-06,blind
T8,3000,out,3,5.2,4.0463458e-06,4.01746125e-06,blind
T8,3000,out,3,5.25,4.05504419e-06,4.08644872e-06,blind
T8,3000,out,3,5.3,4.06375015e-06,3.94541481e-06,blind
T8,3000,out,3,5.35,4.07246394e-06,4.01230487e-06,blind
T8,3000,out,3,5.4,4.08118582e-06,3.98651776e-06,blind
T8,3000,out,3,5.45,4.089916e-06,3.9964337e-06,blind
T8,3000,out,3,5.5,4.0986547e-06,3.96422948e-06,blind
T8,3000,out,3,5.55,4.10740213e-06,4.35343551e-06,blind
T8,3000,out,3,5.6,4.11615847e-06,3.99829464e-06,blind
T8,3000,out,3,5.65,4.1249239e-06,4.14199771e-06,blind
T8,3000,out,3,5.7,4.13369859e-06,4.08709997e-06,blind
T8,3000,out,3,5.75,4.14248269e-06,4.16720816e-06,blind
T8,3000,out,3,5.8,4.15127636e-06,4.07977789e-06,blind
T8,3000,out,3,5.85,4.16007973e-06,4.11738841e-06,blind
T8,3000,out,3,5.9,4.16889293e-06,4.16516126e-06,blind
T8,3000,out,3,5.95,4.1777161e-06,4.00291511e-06,blind
T8,3000,out,3,6,4.18654934e-06,4.49272268e-06,blind
T8,3000,out,4,-0,0,1.51776418e-15,blind
T8,3000,out,4,0.05,3.34520498e-07,3.43218533e-07,blind
T8,3000,out,4,0.1,6.63405039e-07,6.87428358e-07,blind
T8,3000,out,4,0.15,9.86534656e-07,9.68841987e-07,blind
T8,3000,out,4,0.2,1.30376802e-06,1.28496172e-06,blind
T8,3000,out,4,0.25,1.61495109e-06,1.58191438e-06,blind
T8,3000,out,4,0.3,1.91992336e-06,2.01247766e-06,blind
T8,3000,out,4,0.35,2.21852267e-06,2.18856499e-06,blind
T8,3000,out,4,0.4,2.51058919e-06,2.40967132e-06,blind
T8,3000,out,4,0.45,2.79596875e-06,2.84655283e-06,blind
T8,3000,out,4,0.5,3.07451586e-06,3.0301621e-06,blind
T8,3000,out,4,0.55,3.34609624e-06,3.36128932e-06,blind
T8,3000,out,4,0.6,3.61058908e-06,3.57924921e-06,blind
T8,3000,out,4,0.65,3.86788895e-06,3.92895628e-06,blind
T8,3000,out,4,0.7,4.11790743e-06,4.02490907e-06,blind
T8,3000,out,4,0.75,4.36057441e-06,4.28520837e-06,blind
T8,3000,out,4,0.8,4.59583909e-06,4.67088652e-06,blind
T8,3000,out,4,0.85,4.82367068e-06,4.76623882e-06,blind
T8,3000,out,4,0.9,5.04405883e-06,5.13230342e-06,blind
T8,3000,out,4,0.95,5.25701374e-06,5.11012495e-06,blind
T8,3000,out,4,1,5.46256605e-06,5.09569727e-06,blind
T8,3000,out,4,1.05,5.66076642e-06,5.43117478e-06,blind
T8,3000,out,4,1.1,5.85168497e-06,5.63092569e-06,blind
T8,3000,out,4,1.15,6.03541036e-06,6.35449304e-06,blind
T8,3000,out,4,1.2,6.21204887e-06,6.50565646e-06,blind
T8,3000,out,4,1.25,6.38172315e-06,6.29134922e-06,blind
T8,3000,out,4,1.3,6.544571e-06,6.56057062e-06,blind
T8,3000,out,4,1.35,6.7007439e-06,6.78816003e-06,blind
T8,3000,out,4,1.4,6.85040557e-06,6.51072894e-06,blind
T8,3000,out,4,1.45,6.99373047e-06,7.02578344e-06,blind
T8,3000,out,4,1.5,7.13090224e-06,7.15186739e-06,blind
T8,3000,out,4,1.55,7.26211217e-06,7.21493682e-06,blind
T8,3000,out,4,1.6,7.38755771e-06,7.75031991e-06,blind
T8,3000,out,4,1.65,7.50744101e-06,7.82319612e-06,blind
T8,3000,out,4,1.7,7.62196751e-06,7.51362004e-06,blind
T8,3000,out,4,1.75,7.73134463e-06,7.88499215e-06,blind
T8,3000,out,4,1.8,7.83578057e-06,8.24233922e-06,blind
T8,3000,out,4,1.85,7.9354831e-06,7.95346847e-06,blind
T8,3000,out,4,1.9,8.03065858e-06,8.1925148e-06,blind
T8,3000,out,4,1.95,8.12151101e-06,8.2843705e-06,blind
T8,3000,out,4,2,8.20824118e-06,8.2083648e-06,blind
T8,3000,out,4,2.05,8.29104597e-06,8.19949917e-06,blind
T8,3000,out,4,2.1,8.37011771e-06,8.399661e-06,blind
T8,3000,out,4,2.15,8.44564365e-06,8.51970625e-06,blind
T8,3000,out,4,2.2,8.5178055e-06,8.17510773e-06,blind
T8,3000,out,4,2.25,8.58677913e-06,8.38917221e-06,blind
T8,3000,out,4,2.3,8.65273425e-06,7.9695636e-06,blind
T8,3000,out,4,2.35,8.71583422e-06,8.9621641e-06,blind
T8,3000,out,4,2.4,8.77623595e-06,9.09593517e-06,blind
T8,3000,out,4,2.45,8.83408979e-06,8.8597573e-06,blind
T8,3000,out,4,2.5,8.88953954e-06,7.99916358e-06,blind
T8,3000,out,4,2.55,8.94272244e-06,9.27954572e-06,blind
T8,3000,out,4,2.6,8.9937693e-06,9.20582418e-06,blind
T8,3000,out,4,2.65,9.04280454e-06,9.30262241e-06,blind
T8,3000,out,4,2.7,9.08994635e-06,8.62317852e-06,blind
T8,3000,out,4,2.75,9.13530688e-06,8.65414876e-06,blind
T8,3000,out,4,2.8,9.17899235e-06,9.57277516e-06,blind
T8,3000,out,4,2.85,9.22110328e-06,8.97950644e-06,blind
T8,3000,out,4,2.9,9.26173471e-06,9.33675098e-06,blind
T8,3000,out,4,2.95,9.30097636e-06,9.05650381e-06,blind
T8,3000,out,4,3,9.33891291e-06,9.77164056e-06,blind
T8,3000,out,4,3.05,9.37562417e-06,9.11372312e-06,blind
T8,3000,out,4,3.1,9.41118531e-06,9.28869443e-06,blind
T8,3000,out,4,3.15,9.44566712e-06,9.63250158e-06,blind
T8,3000,out,4,3.2,9.47913616e-06,9.76958224e-06,blind
T8,3000,out,4,3.25,9.51165505e-06,9.99625217e-06,blind
T8,3000,out,4,3.3,9.5432826e-06,9.29898793e-06,blind
T8,3000,out,4,3.35,9.57407407e-06,9.49285735e-06,blind
T8,3000,out,4,3.4,9.60408135e-06,9.3173162e-06,blind
T8,3000,out,4,3.45,9.63335313e-06,9.6162533e-06,blind
T8,3000,out,4,3.5,9.66193511e-06,9.98234862e-06,blind
T8,3000,out,4,3.55,9.68987016e-06,9.86336055e-06,blind
T8,3000,out,4,3.6,9.71719849e-06,9.46230725e-06,blind
T8,3000,out,4,3.65,9.74395778e-06,1.0283399e-05,blind
T8,3000,out,4,3.7,9.7701834e-06,9.69461139e-06,blind
T8,3000,out,4,3.75,9.79590847e-06,9.59195142e-06,blind
T8,3000,out,4,3.8,9.82116406e-06,9.94160437e-06,blind
T8,3000,out,4,3.85,9.84597928e-06,9.68725999e-06,blind
T8,3000,out,4,3.9,9.87038142e-06,9.52294439e-06,blind
T8,3000,out,4,3.95,9.89439606e-06,1.05343677e-05,blind
T8,3000,out,4,4,9.91804717e-06,1.03118154e-05,blind
T8,3000,out,4,4.05,9.94135723e-06,9.76094894e-06,blind
T8,3000,out,4,4.1,9.96434729e-06,9.42238642e-06,blind
T8,3000,out,4,4.15,9.98703712e-06,1.02012655e-05,blind
T8,3000,out,4,4.2,1.00094452e-05,9.86452886e-06,blind
T8,3000,out,4,4.25,1.0031589e-05,1.03509497e-05,blind
T8,3000,out,4,4.3,1.00534847e-05,1.04782412e-05,blind
T8,3000,out,4,4.35,1.00751475e-05,9.94552477e-06,blind
T8,3000,out,4,4.4,1.0096592e-05,1.07792883e-05,blind
T8,3000,out,4,4.45,1.01178313e-05,1.01157147e-05,blind
T8,3000,out,4,4.5,1.01388783e-05,1.03637577e-05,blind
T8,3000,out,4,4.55,1.01597447e-05,9.52430438e-06,blind
T8,3000,out,4,4.6,1.01804417e-05,9.99532377e-06,blind
T8,3000,out,4,4.65,1.02009796e-05,1.01027291e-05,blind
T8,3000,out,4,4.7,1.02213684e-05,1.00896034e-05,blind
T8,3000,out,4,4.75,1.02416172e-05,1.01242517e-05,blind
T8,3000,out,4,4.8,1.02617346e-05,1.06265478e-05,blind
T8,3000,out,4,4.85,1.02817289e-05,1.04577399e-05,blind
T8,3000,out,4,4.9,1.03016076e-05,1.02270957e-05,blind
T8,3000,out,4,4.95,1.0321378e-05,1.04329802e-05,blind
T8,3000,out,4,5,1.03410468e-05,9.80410651e-06,blind
T8,3000,out,4,5.05,1.03606204e-05,9.8410508e-06,blind
T8,3000,out,4,5.1,1.03801048e-05,1.02666058e-05,blind
T8,3000,out,4,5.15,1.03995056e-05,1.10893444e-05,blind
T8,3000,out,4,5.2,1.04188282e-05,1.02338391e-05,blind
T8,3000,out,4,5.25,1.04380776e-05,1.02547892e-05,blind
T8,3000,out,4,5.3,1.04572584e-05,1.06688572e-05,blind
T8,3000,out,4,5.35,1.04763751e-05,1.03425831e-05,blind
T8,3000,out,4,5.4,1.04954319e-05,1.0669072e-05,blind
T8,3000,out,4,5.45,1.05144328e-05,1.04954739e-05,blind
T8,3000,out,4,5.5,1.05333815e-05,1.01585865e-05,blind
T8,3000,out,4,5.55,1.05522816e-05,1.05970552e-05,blind
T8,3000,out,4,5.6,1.05711362e-05,1.10456078e-05,blind
T8,3000,out,4,5.65,1.05899486e-05,1.07034166e-05,blind
T8,3000,out,4,5.7,1.06087218e-05,1.08554588e-05,blind
T8,3000,out,4,5.75,1.06274585e-05,1.11573787e-05,blind
T8,3000,out,4,5.8,1.06461614e-05,1.03437215e-05,blind
T8,3000,out,4,5.85,1.0664833e-05,1.04989982e-05,blind
T8,3000,out,4,5.9,1.06834757e-05,1.02414064e-05,blind
T8,3000,out,4,5.95,1.07020916e-05,1.06637158e-05,blind
T8,3000,out,4,6,1.07206829e-05,1.09337323e-05,blind
T8,3000,out,6,-0,0,5.00283131e-15,blind
T8,3000,out,6,0.05,5.95250093e-07,5.75899308e-07,blind
T8,3000,out,6,0.1,1.18539641e-06,1.20513156e-06,blind
T8,3000,out,6,0.15,1.7703759e-06,1.75715617e-06,blind
T8,3000,out,6,0.2,2.35011381e-06,2.40927707e-06,blind
T8,3000,out,6,0.25,2.92452718e-06,2.81666581e-06,blind
T8,3000,out,6,0.3,3.49352702e-06,3.40343206e-06,blind
T8,3000,out,6,0.35,4.05701982e-06,4.07891348e-06,blind
T8,3000,out,6,0.4,4.61490881e-06,4.90700404e-06,blind
T8,3000,out,6,0.45,5.16709499e-06,5.09204489e-06,blind
T8,3000,out,6,0.5,5.71347803e-06,5.88645657e-06,blind
T8,3000,out,6,0.55,6.25395709e-06,6.11784787e-06,blind
T8,3000,out,6,0.6,6.78843154e-06,6.94161653e-06,blind
T8,3000,out,6,0.65,7.31680161e-06,7.52705831e-06,blind
T8,3000,out,6,0.7,7.83896904e-06,7.85591332e-06,blind
T8,3000,out,6,0.75,8.3548376e-06,8.24340277e-06,blind
T8,3000,out,6,0.8,8.86431367e-06,9.13552382e-06,blind
T8,3000,out,6,0.85,9.36730669e-06,9.18802566e-06,blind
T8,3000,out,6,0.9,9.86372966e-06,9.73077223e-06,blind
T8,3000,out,6,0.95,1.03534995e-05,1.06052462e-05,blind
T8,3000,out,6,1,1.08365376e-05,1.09535488e-05,blind
T8,3000,out,6,1.05,1.131277e-05,1.15801762e-05,blind
T8,3000,out,6,1.1,1.17821276e-05,1.25272714e-05,blind
T8,3000,out,6,1.15,1.22445471e-05,1.20640156e-05,blind
T8,3000,out,6,1.2,1.26999703e-05,1.26477457e-05,blind
T8,3000,out,6,1.25,1.31483453e-05,1.33675594e-05,blind
T8,3000,out,6,1.3,1.35896259e-05,1.34779032e-05,blind
T8,3000,out,6,1.35,1.40237725e-05,1.39035057e-05,blind
T8,3000,out,6,1.4,1.44507516e-05,1.43116367e-05,blind
T8,3000,out,6,1.45,1.48705362e-05,1.51851516e-05,blind
T8,3000,out,6,1.5,1.52831062e-05,1.57481813e-05,blind
T8,3000,out,6,1.55,1.56884478e-05,1.5500959e-05,blind
T8,3000,out,6,1.6,1.6086554e-05,1.60530953e-05,blind
T8,3000,out,6,1.65,1.64774246e-05,1.71120012e-05,blind
T8,3000,out,6,1.7,1.68610659e-05,1.64320196e-05,blind
T8,3000,out,6,1.75,1.72374908e-05,1.7091221e-05,blind
T8,3000,out,6,1.8,1.76067189e-05,1.77331691e-05,blind
T8,3000,out,6,1.85,1.79687759e-05,1.70292585e-05,blind
T8,3000,out,6,1.9,1.83236942e-05,1.79894451e-05,blind
T8,3000,out,6,1.95,1.8671512e-05,1.87148162e-05,blind
T8,3000,out,6,2,1.90122738e-05,1.90702243e-05,blind
T8,3000,out,6,2.05,1.93460295e-05,1.91844667e-05,blind
T8,3000,out,6,2.1,1.96728351e-05,2.03035056e-05,blind
T8,3000,out,6,2.15,1.99927517e-05,2.02332804e-05,blind
T8,3000,out,6,2.2,2.03058455e-05,1.97279281e-05,blind
T8,3000,out,6,2.25,2.06121878e-05,2.00001974e-05,blind
T8,3000,out,6,2.3,2.09118546e-05,2.15325792e-05,blind
T8,3000,out,6,2.35,2.12049262e-05,2.06897983e-05,blind
T8,3000,out,6,2.4,2.1491487e-05,2.24513102e-05,blind
T8,3000,out,6,2.45,2.17716255e-05,2.10457319e-05,blind
T8,3000,out,6,2.5,2.20454337e-05,2.10798208e-05,blind
T8,3000,out,6,2.55,2.23130068e-05,2.32126267e-05,blind
T8,3000,out,6,2.6,2.25744432e-05,2.30896307e-05,blind
T8,3000,out,6,2.65,2.28298442e-05,2.14360606e-05,blind
T8,3000,out,6,2.7,2.30793132e-05,2.30736522e-05,blind
T8,3000,out,6,2.75,2.33229563e-05,2.30238655e-05,blind
T8,3000,out,6,2.8,2.35608811e-05,2.28997194e-05,blind
T8,3000,out,6,2.85,2.37931974e-05,2.38200586e-05,blind
T8,3000,out,6,2.9,2.4020016e-05,2.42336052e-05,blind
T8,3000,out,6,2.95,2.42414491e-05,2.40695467e-05,blind
T8,3000,out,6,3,2.44576098e-05,2.54458623e-05,blind
T8,3000,out,6,3.05,2.4668612e-05,2.46158039e-05,blind
T8,3000,out,6,3.1,2.48745698e-05,2.49087886e-05,blind
T8,3000,out,6,3.15,2.5075598e-05,2.50496402e-05,blind
T8,3000,out,6,3.2,2.5271811e-05,2.60571444e-05,blind
T8,3000,out,6,3.25,2.54633234e-05,2.6356506e-05,blind
T8,3000,out,6,3.3,2.56502495e-05,2.65457358e-05,blind
T8,3000,out,6,3.35,2.58327027e-05,2.58576126e-05,blind
T8,3000,out,6,3.4,2.60107962e-05,2.6940612e-05,blind
T8,3000,out,6,3.45,2.61846421e-05,2.61888362e-05,blind
T8,3000,out,6,3.5,2.63543516e-05,2.6067461e-05,blind
T8,3000,out,6,3.55,2.65200349e-05,2.5692511e-05,blind
T8,3000,out,6,3.6,2.66818009e-05,2.70733046e-05,blind
T8,3000,out,6,3.65,2.68397571e-05,2.52626511e-05,blind
T8,3000,out,6,3.7,2.69940097e-05,2.73706621e-05,blind
T8,3000,out,6,3.75,2.71446631e-05,2.63404002e-05,blind
T8,3000,out,6,3.8,2.72918205e-05,2.59277923e-05,blind
T8,3000,out,6,3.85,2.74355831e-05,2.77168924e-05,blind
T8,3000,out,6,3.9,2.75760504e-05,2.74353277e-05,blind
T8,3000,out,6,3.95,2.77133201e-05,2.72769681e-05,blind
T8,3000,out,6,4,2.7847488e-05,2.67258359e-05,blind
T8,3000,out,6,4.05,2.79786481e-05,3.02667191e-05,blind
T8,3000,out,6,4.1,2.81068922e-05,2.80758729e-05,blind
T8,3000,out,6,4.15,2.82323104e-05,2.93815593e-05,blind
T8,3000,out,6,4.2,2.83549906e-05,2.86378842e-05,blind
T8,3000,out,6,4.25,2.84750189e-05,3.01273269e-05,blind
T8,3000,out,6,4.3,2.85924791e-05,2.97221374e-05,blind
T8,3000,out,6,4.35,2.87074532e-05,2.87180871e-05,blind
T8,3000,out,6,4.4,2.88200209e-05,2.97138837e-05,blind
T8,3000,out,6,4.45,2.89302602e-05,2.88408331e-05,blind
T8,3000,out,6,4.5,2.90382468e-05,2.80804907e-05,blind
T8,3000,out,6,4.55,2.91440546e-05,2.97246295e-05,blind
T8,3000,out,6,4.6,2.92477553e-05,2.96408189e-05,blind
T8,3000,out,6,4.65,2.93494187e-05,2.94136203e-05,blind
T8,3000,out,6,4.7,2.94491128e-05,2.89527927e-05,blind
T8,3000,out,6,4.75,2.95469034e-05,3.02809803e-05,blind
T8,3000,out,6,4.8,2.96428546e-05,2.95439798e-05,blind
T8,3000,out,6,4.85,2.97370286e-05,2.90155048e-05,blind
T8,3000,out,6,4.9,2.98294856e-05,2.9408408e-05,blind
T8,3000,out,6,4.95,2.99202841e-05,2.994588e-05,blind
T8,3000,out,6,5,3.0009481e-05,2.89108205e-05,blind
T8,3000,out,6,5.05,3.00971311e-05,3.1080039e-05,blind
T8,3000,out,6,5.1,3.01832877e-05,3.0327012e-05,blind
T8,3000,out,6,5.15,3.02680024e-05,3.04607898e-05,blind
T8,3000,out,6,5.2,3.03513252e-05,3.08781191e-05,blind
T8,3000,out,6,5.25,3.04333044e-05,2.90817526e-05,blind
T8,3000,out,6,5.3,3.05139868e-05,3.02976695e-05,blind
T8,3000,out,6,5.35,3.05934178e-05,3.18546539e-05,blind
T8,3000,out,6,5.4,3.06716411e-05,3.17108726e-05,blind
T8,3000,out,6,5.45,3.07486991e-05,3.01772049e-05,blind
T8,3000,out,6,5.5,3.08246328e-05,3.16172267e-05,blind
T8,3000,out,6,5.55,3.08994817e-05,3.12014259e-05,blind
T8,3000,out,6,5.6,3.09732841e-05,2.99072997e-05,blind
T8,3000,out,6,5.65,3.1046077e-05,3.02760633e-05,blind
T8,3000,out,6,5.7,3.1117896e-05,3.09246342e-05,blind
T8,3000,out,6,5.75,3.11887758e-05,3.02762121e-05,blind
T8,3000,out,6,5.8,3.12587497e-05,3.02006568e-05,blind
T8,3000,out,6,5.85,3.13278497e-05,3.02873795e-05,blind
T8,3000,out,6,5.9,3.1396107e-05,3.1917409e-05,blind
T8,3000,out,6,5.95,3.14635516e-05,3.03593972e-05,blind
T8,3000,out,6,6,3.15302124e-05,3.04757257e-05,blind
